-- phpMyAdmin SQL Dump
-- version 5.2.1
-- https://www.phpmyadmin.net/
--
-- Host: 127.0.0.1
-- Generation Time: Feb 04, 2026 at 02:50 PM
-- Server version: 10.4.32-MariaDB
-- PHP Version: 8.2.12

SET SQL_MODE = "NO_AUTO_VALUE_ON_ZERO";
START TRANSACTION;
SET time_zone = "+00:00";


/*!40101 SET @OLD_CHARACTER_SET_CLIENT=@@CHARACTER_SET_CLIENT */;
/*!40101 SET @OLD_CHARACTER_SET_RESULTS=@@CHARACTER_SET_RESULTS */;
/*!40101 SET @OLD_COLLATION_CONNECTION=@@COLLATION_CONNECTION */;
/*!40101 SET NAMES utf8mb4 */;

--
-- Database: `hyflo_ws_01`
--

-- --------------------------------------------------------

--
-- Table structure for table `r_t000201_t000203`
--

CREATE TABLE `r_t000201_t000203` (
  `f_01` bigint(20) NOT NULL,
  `f_02` bigint(20) NOT NULL
) ENGINE=InnoDB DEFAULT CHARSET=utf8mb4 COLLATE=utf8mb4_general_ci;

--
-- Dumping data for table `r_t000201_t000203`
--

INSERT INTO `r_t000201_t000203` (`f_01`, `f_02`) VALUES
(1, 1),
(1, 2),
(1, 3),
(1, 4),
(1, 5),
(1, 6),
(1, 7),
(1, 8),
(1, 9),
(1, 10),
(1, 11),
(1, 12),
(1, 13),
(1, 14),
(1, 15),
(1, 16),
(1, 17),
(1, 18);

-- --------------------------------------------------------

--
-- Table structure for table `r_t000202_t000201`
--

CREATE TABLE `r_t000202_t000201` (
  `f_01` bigint(20) NOT NULL,
  `f_02` bigint(20) NOT NULL
) ENGINE=InnoDB DEFAULT CHARSET=utf8mb4 COLLATE=utf8mb4_general_ci;

--
-- Dumping data for table `r_t000202_t000201`
--

INSERT INTO `r_t000202_t000201` (`f_01`, `f_02`) VALUES
(1, 1),
(1, 2),
(1, 3),
(1, 4),
(1, 5),
(1, 6),
(1, 7),
(1, 8),
(2, 4);

-- --------------------------------------------------------

--
-- Table structure for table `r_t000202_t000203`
--

CREATE TABLE `r_t000202_t000203` (
  `f_01` bigint(20) NOT NULL,
  `f_02` bigint(20) NOT NULL
) ENGINE=InnoDB DEFAULT CHARSET=utf8mb4 COLLATE=utf8mb4_general_ci;

--
-- Dumping data for table `r_t000202_t000203`
--

INSERT INTO `r_t000202_t000203` (`f_01`, `f_02`) VALUES
(1, 1),
(1, 2),
(1, 3),
(1, 4),
(1, 5),
(1, 6),
(1, 7),
(1, 8),
(1, 9),
(1, 10),
(1, 11),
(3, 2),
(3, 5),
(3, 8);

-- --------------------------------------------------------

--
-- Table structure for table `r_t000203_t000204`
--

CREATE TABLE `r_t000203_t000204` (
  `f_01` bigint(20) NOT NULL,
  `f_02` bigint(20) NOT NULL
) ENGINE=InnoDB DEFAULT CHARSET=utf8mb4 COLLATE=utf8mb4_general_ci;

--
-- Dumping data for table `r_t000203_t000204`
--

INSERT INTO `r_t000203_t000204` (`f_01`, `f_02`) VALUES
(1, 1),
(1, 2),
(1, 3),
(1, 4),
(1, 5),
(1, 6),
(1, 7),
(1, 8),
(1, 101),
(1, 102),
(1, 103),
(1, 104),
(1, 105),
(1, 106),
(1, 107),
(1, 108),
(1, 201),
(1, 202),
(1, 203),
(1, 204),
(1, 205),
(1, 206),
(1, 207),
(1, 208),
(1, 301),
(1, 302),
(1, 303),
(1, 304),
(1, 305),
(1, 306),
(1, 307),
(1, 308),
(1, 401),
(1, 402),
(1, 403),
(1, 404),
(1, 405),
(1, 406),
(1, 407),
(1, 408),
(1, 501),
(1, 502),
(1, 503),
(1, 504),
(1, 505),
(1, 506),
(1, 507),
(1, 508),
(1, 601),
(1, 602),
(1, 603),
(1, 604),
(1, 605),
(1, 606),
(1, 607),
(1, 608),
(1, 701),
(1, 702),
(1, 703),
(1, 704),
(1, 705),
(1, 706),
(1, 707),
(1, 708),
(2, 9),
(2, 10),
(2, 11),
(2, 12),
(2, 13),
(2, 14),
(2, 15),
(2, 16),
(2, 17),
(2, 18),
(2, 19),
(2, 20),
(3, 221),
(3, 222),
(3, 223),
(3, 224),
(3, 225),
(3, 226),
(3, 227),
(3, 228),
(3, 229),
(3, 230),
(3, 231),
(3, 232),
(3, 233),
(3, 234),
(3, 235),
(3, 236),
(3, 237),
(3, 238),
(3, 239),
(3, 240),
(3, 241),
(3, 242),
(3, 243),
(3, 244),
(3, 321),
(3, 322),
(3, 323),
(3, 324),
(3, 325),
(3, 326),
(3, 327),
(3, 328),
(3, 329),
(3, 330),
(3, 331),
(3, 332),
(3, 333),
(3, 334),
(3, 335),
(3, 336),
(3, 337),
(3, 338),
(3, 339),
(3, 340),
(3, 341),
(3, 342),
(3, 343),
(3, 344),
(3, 421),
(3, 422),
(3, 423),
(3, 424),
(3, 425),
(3, 426),
(3, 427),
(3, 428),
(3, 429),
(3, 430),
(3, 431),
(3, 432),
(3, 433),
(3, 434),
(3, 435),
(3, 436),
(3, 437),
(3, 438),
(3, 439),
(3, 440),
(3, 441),
(3, 442),
(3, 443),
(3, 444),
(3, 521),
(3, 522),
(3, 523),
(3, 524),
(3, 525),
(3, 526),
(3, 527),
(3, 528),
(3, 529),
(3, 530),
(3, 531),
(3, 532),
(3, 533),
(3, 534),
(3, 535),
(3, 536),
(3, 537),
(3, 538),
(3, 539),
(3, 540),
(3, 541),
(3, 542),
(3, 543),
(3, 544),
(3, 621),
(3, 622),
(3, 623),
(3, 624),
(3, 625),
(3, 626),
(3, 627),
(3, 628),
(3, 629),
(3, 630),
(3, 631),
(3, 632),
(3, 633),
(3, 634),
(3, 635),
(3, 636),
(3, 637),
(3, 638),
(3, 639),
(3, 640),
(3, 641),
(3, 642),
(3, 643),
(3, 644),
(4, 121),
(4, 122),
(4, 123),
(4, 124),
(4, 125),
(4, 126),
(4, 127),
(4, 128),
(4, 129),
(4, 130),
(4, 131),
(4, 132),
(4, 133),
(4, 134),
(4, 135),
(4, 136),
(4, 137),
(4, 138),
(4, 139),
(4, 140),
(4, 141),
(4, 142),
(4, 143),
(4, 144),
(4, 721),
(4, 722),
(4, 723),
(4, 724),
(4, 725),
(4, 726),
(4, 727),
(4, 728),
(4, 729),
(4, 730),
(4, 731),
(4, 732),
(4, 733),
(4, 734),
(4, 735),
(4, 736),
(4, 737),
(4, 738),
(4, 739),
(4, 740),
(4, 741),
(4, 742),
(4, 743),
(4, 744),
(5, 21),
(5, 22),
(5, 23),
(5, 24),
(5, 25),
(5, 26),
(5, 27),
(5, 28),
(5, 29),
(5, 30),
(5, 31),
(5, 32),
(5, 33),
(5, 34),
(5, 35),
(5, 36),
(5, 37),
(5, 38),
(5, 39),
(5, 40),
(5, 41),
(5, 42),
(5, 43),
(5, 44),
(6, 209),
(6, 210),
(6, 211),
(6, 212),
(6, 213),
(6, 214),
(6, 215),
(6, 216),
(6, 217),
(6, 218),
(6, 219),
(6, 220),
(6, 309),
(6, 310),
(6, 311),
(6, 312),
(6, 313),
(6, 314),
(6, 315),
(6, 316),
(6, 317),
(6, 318),
(6, 319),
(6, 320),
(6, 409),
(6, 410),
(6, 411),
(6, 412),
(6, 413),
(6, 414),
(6, 415),
(6, 416),
(6, 417),
(6, 418),
(6, 419),
(6, 420),
(6, 509),
(6, 510),
(6, 511),
(6, 512),
(6, 513),
(6, 514),
(6, 515),
(6, 516),
(6, 517),
(6, 518),
(6, 519),
(6, 520),
(6, 609),
(6, 610),
(6, 611),
(6, 612),
(6, 613),
(6, 614),
(6, 615),
(6, 616),
(6, 617),
(6, 618),
(6, 619),
(6, 620),
(7, 109),
(7, 110),
(7, 111),
(7, 112),
(7, 113),
(7, 114),
(7, 115),
(7, 116),
(7, 117),
(7, 118),
(7, 119),
(7, 120),
(7, 709),
(7, 710),
(7, 711),
(7, 712),
(7, 713),
(7, 714),
(7, 715),
(7, 716),
(7, 717),
(7, 718),
(7, 719),
(7, 720),
(8, 45),
(8, 46),
(8, 47),
(8, 48),
(8, 49),
(8, 50),
(8, 51),
(8, 52),
(8, 53),
(8, 54),
(8, 55),
(8, 56),
(8, 57),
(8, 58),
(8, 59),
(8, 345),
(8, 346),
(8, 347),
(8, 348),
(8, 349),
(8, 350),
(8, 351),
(8, 352),
(8, 353),
(8, 445),
(8, 446),
(8, 447),
(8, 448),
(8, 449),
(8, 450),
(8, 451),
(8, 452),
(8, 453),
(8, 545),
(8, 546),
(8, 547),
(8, 548),
(8, 549),
(8, 550),
(8, 551),
(8, 552),
(8, 553),
(8, 645),
(8, 646),
(8, 647),
(8, 648),
(8, 649),
(8, 650),
(8, 651),
(8, 652),
(8, 653),
(9, 245),
(9, 246),
(9, 247),
(9, 248),
(9, 249),
(9, 250),
(9, 251),
(9, 252),
(9, 253),
(9, 254),
(9, 255),
(9, 256),
(9, 257),
(9, 258),
(9, 259),
(9, 354),
(9, 355),
(9, 356),
(9, 357),
(9, 358),
(9, 359),
(9, 454),
(9, 455),
(9, 456),
(9, 457),
(9, 458),
(9, 459),
(10, 554),
(10, 555),
(10, 556),
(10, 557),
(10, 558),
(10, 559),
(10, 654),
(10, 655),
(10, 656),
(10, 657),
(10, 658),
(10, 659),
(11, 145),
(11, 146),
(11, 147),
(11, 148),
(11, 149),
(11, 150),
(11, 151),
(11, 152),
(11, 153),
(11, 154),
(11, 155),
(11, 156),
(11, 157),
(11, 158),
(11, 159),
(11, 745),
(11, 746),
(11, 747),
(11, 748),
(11, 749),
(11, 750),
(11, 751),
(11, 752),
(11, 753),
(11, 754),
(11, 755),
(11, 756),
(11, 757),
(11, 758),
(11, 759);

-- --------------------------------------------------------

--
-- Table structure for table `r_t020303_t020308`
--

CREATE TABLE `r_t020303_t020308` (
  `f_01` bigint(20) NOT NULL,
  `f_02` bigint(20) NOT NULL
) ENGINE=InnoDB DEFAULT CHARSET=utf8mb4 COLLATE=utf8mb4_general_ci;

-- --------------------------------------------------------

--
-- Table structure for table `r_t020304_t020302`
--

CREATE TABLE `r_t020304_t020302` (
  `f_01` bigint(20) NOT NULL,
  `f_02` bigint(20) NOT NULL
) ENGINE=InnoDB DEFAULT CHARSET=utf8mb4 COLLATE=utf8mb4_general_ci;

-- --------------------------------------------------------

--
-- Table structure for table `r_t020304_t020308`
--

CREATE TABLE `r_t020304_t020308` (
  `f_01` bigint(20) NOT NULL,
  `f_02` bigint(20) NOT NULL
) ENGINE=InnoDB DEFAULT CHARSET=utf8mb4 COLLATE=utf8mb4_general_ci;

-- --------------------------------------------------------

--
-- Table structure for table `r_t020305_t020201`
--

CREATE TABLE `r_t020305_t020201` (
  `f_01` bigint(20) NOT NULL,
  `f_02` bigint(20) NOT NULL
) ENGINE=InnoDB DEFAULT CHARSET=utf8mb4 COLLATE=utf8mb4_general_ci;

-- --------------------------------------------------------

--
-- Table structure for table `r_t020305_t020204`
--

CREATE TABLE `r_t020305_t020204` (
  `f_01` bigint(20) NOT NULL,
  `f_02` bigint(20) NOT NULL
) ENGINE=InnoDB DEFAULT CHARSET=utf8mb4 COLLATE=utf8mb4_general_ci;

-- --------------------------------------------------------

--
-- Table structure for table `r_t020305_t020308`
--

CREATE TABLE `r_t020305_t020308` (
  `f_01` bigint(20) NOT NULL,
  `f_02` bigint(20) NOT NULL
) ENGINE=InnoDB DEFAULT CHARSET=utf8mb4 COLLATE=utf8mb4_general_ci;

-- --------------------------------------------------------

--
-- Table structure for table `r_t020306_t020201`
--

CREATE TABLE `r_t020306_t020201` (
  `f_01` bigint(20) NOT NULL,
  `f_02` bigint(20) NOT NULL
) ENGINE=InnoDB DEFAULT CHARSET=utf8mb4 COLLATE=utf8mb4_general_ci;

-- --------------------------------------------------------

--
-- Table structure for table `r_t020306_t020204`
--

CREATE TABLE `r_t020306_t020204` (
  `f_01` bigint(20) NOT NULL,
  `f_02` bigint(20) NOT NULL
) ENGINE=InnoDB DEFAULT CHARSET=utf8mb4 COLLATE=utf8mb4_general_ci;

-- --------------------------------------------------------

--
-- Table structure for table `r_t020308_t010206`
--

CREATE TABLE `r_t020308_t010206` (
  `f_01` bigint(20) NOT NULL,
  `f_02` bigint(20) NOT NULL
) ENGINE=InnoDB DEFAULT CHARSET=utf8mb4 COLLATE=utf8mb4_general_ci;

-- --------------------------------------------------------

--
-- Table structure for table `r_t020308_t020205`
--

CREATE TABLE `r_t020308_t020205` (
  `f_01` bigint(20) NOT NULL,
  `f_02` bigint(20) NOT NULL
) ENGINE=InnoDB DEFAULT CHARSET=utf8mb4 COLLATE=utf8mb4_general_ci;

-- --------------------------------------------------------

--
-- Table structure for table `t_00_00_01`
--

CREATE TABLE `t_00_00_01` (
  `f_00` bigint(20) NOT NULL,
  `f_04` varchar(250) DEFAULT NULL,
  `f_01` varchar(100) NOT NULL,
  `f_03` varchar(20) NOT NULL,
  `f_02` varchar(250) NOT NULL
) ENGINE=InnoDB DEFAULT CHARSET=utf8mb4 COLLATE=utf8mb4_general_ci;

-- --------------------------------------------------------

--
-- Table structure for table `t_00_01_01`
--

CREATE TABLE `t_00_01_01` (
  `f_00` bigint(20) NOT NULL,
  `f_01` varchar(20) NOT NULL,
  `f_04` varchar(20) DEFAULT NULL,
  `f_03` varchar(250) NOT NULL,
  `f_02` bigint(20) DEFAULT NULL
) ENGINE=InnoDB DEFAULT CHARSET=utf8mb4 COLLATE=utf8mb4_general_ci;

--
-- Dumping data for table `t_00_01_01`
--

INSERT INTO `t_00_01_01` (`f_00`, `f_01`, `f_04`, `f_03`, `f_02`) VALUES
(1, 'jpg', NULL, '2026/01/25/Abir_1ed97891.jpg', 177951),
(2, 'jpg', NULL, '2026/01/25/Abir_12cd2fca.jpg', 177951),
(3, 'jpg', NULL, '2026/02/02/PHOTO-2025-10-19-14-37-50_f2447ffc.jpg', 60748),
(4, 'jpg', NULL, '2026/02/02/PHOTO-2025-10-19-14-37-50_9c87fd58.jpg', 60748);

-- --------------------------------------------------------

--
-- Table structure for table `t_00_02_01`
--

CREATE TABLE `t_00_02_01` (
  `f_00` bigint(20) NOT NULL,
  `f_02` varchar(200) DEFAULT NULL,
  `f_01` varchar(50) NOT NULL
) ENGINE=InnoDB DEFAULT CHARSET=utf8mb4 COLLATE=utf8mb4_general_ci;

--
-- Dumping data for table `t_00_02_01`
--

INSERT INTO `t_00_02_01` (`f_00`, `f_02`, `f_01`) VALUES
(1, 'Group Members has all permissions on data belongs to system component', 'System Administrators'),
(2, 'Group Members has all permissions on data belongs to business component', 'Business Administrators'),
(3, 'Group Members has all permissions on data belongs to common component', 'Common Administrators'),
(4, 'Group Members has all permissions on data belongs to network component', 'Network Administrators'),
(5, 'Group Members has read permission on data belongs to system component', 'System Users'),
(6, 'Group Members has read permission on data belongs to business component', 'Business Users'),
(7, 'Group Members has read permission on data belongs to common component', 'Common Users'),
(8, 'Group Members has read permission on data belongs to network component', 'Network Users');

-- --------------------------------------------------------

--
-- Table structure for table `t_00_02_02`
--

CREATE TABLE `t_00_02_02` (
  `f_00` bigint(20) NOT NULL,
  `f_04` bit(1) NOT NULL,
  `f_05` bit(1) NOT NULL,
  `f_06` bit(1) NOT NULL,
  `f_02` varchar(100) NOT NULL,
  `f_07` bit(1) NOT NULL,
  `f_03` varchar(120) NOT NULL,
  `f_01` varchar(20) NOT NULL,
  `f_08` bigint(20) DEFAULT NULL
) ENGINE=InnoDB DEFAULT CHARSET=utf8mb4 COLLATE=utf8mb4_general_ci;

--
-- Dumping data for table `t_00_02_02`
--

INSERT INTO `t_00_02_02` (`f_00`, `f_04`, `f_05`, `f_06`, `f_02`, `f_07`, `f_03`, `f_01`, `f_08`) VALUES
(1, b'1', b'1', b'1', 'superadmin@iaas.dz', b'1', '$2a$12$Qb3ip1Xu8b1RzshlRkDExO7RzvZ5ZxKD3O3k7zZ0365Li/Qkip6Om', 'superadmin', 1),
(2, b'1', b'1', b'1', 'admin@iaas.dz', b'1', '$2a$12$8zK8mN5pQ2rT7vW3xY4uZ0aB1cD2eF3gH4iJ5kL6mN7oP8qR9sT0', 'admin', NULL),
(3, b'1', b'1', b'1', 'business.manager@iaas.dz', b'1', '$2a$10$cvEC9IyZncaahnGwaVWVNunPrUqDn0a3sAhfUWGvLM4GjjqXxWv2a', 'business.manager', NULL),
(4, b'1', b'1', b'1', 'common.manager@iaas.dz', b'1', '$2a$10$N9qo8uLOickgx2ZMRZoMyeIjZAgcfl7p92ldGxad68LJZdL17lhWy', 'common.manager', NULL),
(5, b'1', b'1', b'1', 'network.manager@iaas.dz', b'1', '$2a$10$N9qo8uLOickgx2ZMRZoMyeIjZAgcfl7p92ldGxad68LJZdL17lhWy', 'network.manager', NULL),
(6, b'1', b'1', b'1', 'manager@iaas.dz', b'1', '$2a$10$N9qo8uLOickgx2ZMRZoMyeIjZAgcfl7p92ldGxad68LJZdL17lhWy', 'manager', NULL),
(7, b'1', b'1', b'1', 'officer1@iaas.dz', b'1', '$2a$10$N9qo8uLOickgx2ZMRZoMyeIjZAgcfl7p92ldGxad68LJZdL17lhWy', 'procurement.officer1', NULL),
(8, b'1', b'1', b'1', 'officer2@iaas.dz', b'1', '$2a$10$N9qo8uLOickgx2ZMRZoMyeIjZAgcfl7p92ldGxad68LJZdL17lhWy', 'procurement.officer2', NULL),
(9, b'1', b'1', b'1', 'officer3@iaas.dz', b'1', '$2a$10$N9qo8uLOickgx2ZMRZoMyeIjZAgcfl7p92ldGxad68LJZdL17lhWy', 'procurement.officer3', NULL),
(10, b'1', b'1', b'1', 'contract.officer@iaas.dz', b'1', '$2a$10$N9qo8uLOickgx2ZMRZoMyeIjZAgcfl7p92ldGxad68LJZdL17lhWy', 'contract.officer', NULL),
(11, b'1', b'1', b'1', 'auditor@iaas.dz', b'1', '$2a$10$N9qo8uLOickgx2ZMRZoMyeIjZAgcfl7p92ldGxad68LJZdL17lhWy', 'auditor', NULL),
(12, b'1', b'1', b'1', 'analyst@iaas.dz', b'1', '$2a$10$N9qo8uLOickgx2ZMRZoMyeIjZAgcfl7p92ldGxad68LJZdL17lhWy', 'analyst', NULL),
(13, b'1', b'1', b'1', 'approver@iaas.dz', b'1', '$2a$10$N9qo8uLOickgx2ZMRZoMyeIjZAgcfl7p92ldGxad68LJZdL17lhWy', 'approver', NULL),
(14, b'1', b'1', b'1', 'viewer@iaas.dz', b'1', '$2a$10$N9qo8uLOickgx2ZMRZoMyeIjZAgcfl7p92ldGxad68LJZdL17lhWy', 'viewer', NULL),
(15, b'0', b'1', b'1', 'disabled@iaas.dz', b'0', '$2a$10$N9qo8uLOickgx2ZMRZoMyeIjZAgcfl7p92ldGxad68LJZdL17lhWy', 'disabled.user', NULL),
(16, b'1', b'0', b'1', 'locked@iaas.dz', b'0', '$2a$10$N9qo8uLOickgx2ZMRZoMyeIjZAgcfl7p92ldGxad68LJZdL17lhWy', 'locked.user', NULL);

-- --------------------------------------------------------

--
-- Table structure for table `t_00_02_03`
--

CREATE TABLE `t_00_02_03` (
  `f_00` bigint(20) NOT NULL,
  `f_02` varchar(200) DEFAULT NULL,
  `f_01` varchar(50) NOT NULL
) ENGINE=InnoDB DEFAULT CHARSET=utf8mb4 COLLATE=utf8mb4_general_ci;

--
-- Dumping data for table `t_00_02_03`
--

INSERT INTO `t_00_02_03` (`f_00`, `f_02`, `f_01`) VALUES
(1, 'Manage system (Security, Settings, Audit)', 'SYSTEM_ADMIN'),
(2, 'Manage infrastructure (type, common and core infrastructure)', 'INFRASTRUCTURE_ADMIN'),
(3, 'Edit infrastructure (common and core infrastructure)', 'INFRASTRUCTURE_EDITOR'),
(4, 'View infrastructure data', 'INFRASTRUCTURE_CONSULTANT'),
(5, 'Manage organization (type, common and core organization and localization)', 'ORGANIZATION_ADMIN'),
(6, 'Edit organization (common and core organization and localization)', 'ORGANIZATION_EDITOR'),
(7, 'View organization data', 'ORGANIZATION_CONSULTANT'),
(8, 'Manage flow monitoring process', 'MONITORING_ADMIN'),
(9, 'Validate flow monitoring readings', 'MONITORING_VALIDATOR'),
(10, 'Record flow monitoring data', 'MONITORING_OPERATOR'),
(11, 'View flow monitoring data and statistics', 'MONITORING_CONSULTANT');

-- --------------------------------------------------------

--
-- Table structure for table `t_00_02_04`
--

CREATE TABLE `t_00_02_04` (
  `f_00` bigint(20) NOT NULL,
  `f_04` varchar(20) DEFAULT NULL,
  `f_02` varchar(200) DEFAULT NULL,
  `f_01` varchar(100) NOT NULL,
  `f_03` varchar(50) DEFAULT NULL
) ENGINE=InnoDB DEFAULT CHARSET=utf8mb4 COLLATE=utf8mb4_general_ci;

--
-- Dumping data for table `t_00_02_04`
--

INSERT INTO `t_00_02_04` (`f_00`, `f_04`, `f_02`, `f_01`, `f_03`) VALUES
(1, 'MANAGE', 'parameter management', 'PARAMETER:MANAGE', 'PARAMETER'),
(2, 'MANAGE', 'file management', 'FILE:MANAGE', 'FILE'),
(3, 'MANAGE', 'group management', 'GROUP:MANAGE', 'GROUP'),
(4, 'MANAGE', 'user management', 'USER:MANAGE', 'USER'),
(5, 'MANAGE', 'role management', 'ROLE:MANAGE', 'ROLE'),
(6, 'MANAGE', 'permission management', 'PERMISSION:MANAGE', 'PERMISSION'),
(7, 'MANAGE', 'authority management', 'AUTHORITY:MANAGE', 'AUTHORITY'),
(8, 'MANAGE', 'audit management', 'AUDIT:MANAGE', 'AUDIT'),
(9, 'MANAGE', 'structure_type management', 'STRUCTURE_TYPE:MANAGE', 'STRUCTURE_TYPE'),
(10, 'MANAGE', 'zone management', 'ZONE:MANAGE', 'ZONE'),
(11, 'MANAGE', 'country management', 'COUNTRY:MANAGE', 'COUNTRY'),
(12, 'MANAGE', 'state management', 'STATE:MANAGE', 'STATE'),
(13, 'MANAGE', 'district management', 'DISTRICT:MANAGE', 'DISTRICT'),
(14, 'MANAGE', 'locality management', 'LOCALITY:MANAGE', 'LOCALITY'),
(15, 'MANAGE', 'location management', 'LOCATION:MANAGE', 'LOCATION'),
(16, 'MANAGE', 'coordinate management', 'COORDINATE:MANAGE', 'COORDINATE'),
(17, 'MANAGE', 'structure management', 'STRUCTURE:MANAGE', 'STRUCTURE'),
(18, 'MANAGE', 'job management', 'JOB:MANAGE', 'JOB'),
(19, 'MANAGE', 'person management', 'PERSON:MANAGE', 'PERSON'),
(20, 'MANAGE', 'employee management', 'EMPLOYEE:MANAGE', 'EMPLOYEE'),
(21, 'MANAGE', 'company_type management', 'COMPANY_TYPE:MANAGE', 'COMPANY_TYPE'),
(22, 'MANAGE', 'partner_type management', 'PARTNER_TYPE:MANAGE', 'PARTNER_TYPE'),
(23, 'MANAGE', 'vendor_type management', 'VENDOR_TYPE:MANAGE', 'VENDOR_TYPE'),
(24, 'MANAGE', 'facility_type management', 'FACILITY_TYPE:MANAGE', 'FACILITY_TYPE'),
(25, 'MANAGE', 'station_type management', 'STATION_TYPE:MANAGE', 'STATION_TYPE'),
(26, 'MANAGE', 'terminal_type management', 'TERMINAL_TYPE:MANAGE', 'TERMINAL_TYPE'),
(27, 'MANAGE', 'processing_plant_type management', 'PROCESSING_PLANT_TYPE:MANAGE', 'PROCESSING_PLANT_TYPE'),
(28, 'MANAGE', 'production_field_type management', 'PRODUCTION_FIELD_TYPE:MANAGE', 'PRODUCTION_FIELD_TYPE'),
(29, 'MANAGE', 'equipment_type management', 'EQUIPMENT_TYPE:MANAGE', 'EQUIPMENT_TYPE'),
(30, 'MANAGE', 'product management', 'PRODUCT:MANAGE', 'PRODUCT'),
(31, 'MANAGE', 'operational_status management', 'OPERATIONAL_STATUS:MANAGE', 'OPERATIONAL_STATUS'),
(32, 'MANAGE', 'alloy management', 'ALLOY:MANAGE', 'ALLOY'),
(33, 'MANAGE', 'partner management', 'PARTNER:MANAGE', 'PARTNER'),
(34, 'MANAGE', 'vendor management', 'VENDOR:MANAGE', 'VENDOR'),
(35, 'MANAGE', 'infrastructure management', 'INFRASTRUCTURE:MANAGE', 'INFRASTRUCTURE'),
(36, 'MANAGE', 'facility management', 'FACILITY:MANAGE', 'FACILITY'),
(37, 'MANAGE', 'pipeline_system management', 'PIPELINE_SYSTEM:MANAGE', 'PIPELINE_SYSTEM'),
(38, 'MANAGE', 'pipeline management', 'PIPELINE:MANAGE', 'PIPELINE'),
(39, 'MANAGE', 'pipeline_segment management', 'PIPELINE_SEGMENT:MANAGE', 'PIPELINE_SEGMENT'),
(40, 'MANAGE', 'station management', 'STATION:MANAGE', 'STATION'),
(41, 'MANAGE', 'terminal management', 'TERMINAL:MANAGE', 'TERMINAL'),
(42, 'MANAGE', 'processing_plant management', 'PROCESSING_PLANT:MANAGE', 'PROCESSING_PLANT'),
(43, 'MANAGE', 'production_field management', 'PRODUCTION_FIELD:MANAGE', 'PRODUCTION_FIELD'),
(44, 'MANAGE', 'equipment management', 'EQUIPMENT:MANAGE', 'EQUIPMENT'),
(45, 'MANAGE', 'event_type management', 'EVENT_TYPE:MANAGE', 'EVENT_TYPE'),
(46, 'MANAGE', 'operation_type management', 'OPERATION_TYPE:MANAGE', 'OPERATION_TYPE'),
(47, 'MANAGE', 'event_status management', 'EVENT_STATUS:MANAGE', 'EVENT_STATUS'),
(48, 'MANAGE', 'alert_status management', 'ALERT_STATUS:MANAGE', 'ALERT_STATUS'),
(49, 'MANAGE', 'severity management', 'SEVERITY:MANAGE', 'SEVERITY'),
(50, 'MANAGE', 'data_source management', 'DATA_SOURCE:MANAGE', 'DATA_SOURCE'),
(51, 'MANAGE', 'quality_flag management', 'QUALITY_FLAG:MANAGE', 'QUALITY_FLAG'),
(52, 'MANAGE', 'validation_status management', 'VALIDATION_STATUS:MANAGE', 'VALIDATION_STATUS'),
(53, 'MANAGE', 'reading_slot management', 'READING_SLOT:MANAGE', 'READING_SLOT'),
(54, 'MANAGE', 'flow_operation management', 'FLOW_OPERATION:MANAGE', 'FLOW_OPERATION'),
(55, 'MANAGE', 'flow_forecast management', 'FLOW_FORECAST:MANAGE', 'FLOW_FORECAST'),
(56, 'MANAGE', 'flow_reading management', 'FLOW_READING:MANAGE', 'FLOW_READING'),
(57, 'MANAGE', 'flow_event management', 'FLOW_EVENT:MANAGE', 'FLOW_EVENT'),
(58, 'MANAGE', 'flow_alert management', 'FLOW_ALERT:MANAGE', 'FLOW_ALERT'),
(59, 'MANAGE', 'flow_threshold management', 'FLOW_THRESHOLD:MANAGE', 'FLOW_THRESHOLD'),
(101, 'EXECUTE', 'parameter execution', 'PARAMETER:EXECUTE', 'PARAMETER'),
(102, 'EXECUTE', 'file execution', 'FILE:EXECUTE', 'FILE'),
(103, 'EXECUTE', 'group execution', 'GROUP:EXECUTE', 'GROUP'),
(104, 'EXECUTE', 'user execution', 'USER:EXECUTE', 'USER'),
(105, 'EXECUTE', 'role execution', 'ROLE:EXECUTE', 'ROLE'),
(106, 'EXECUTE', 'permission execution', 'PERMISSION:EXECUTE', 'PERMISSION'),
(107, 'EXECUTE', 'authority execution', 'AUTHORITY:EXECUTE', 'AUTHORITY'),
(108, 'EXECUTE', 'audit execution', 'AUDIT:EXECUTE', 'AUDIT'),
(109, 'EXECUTE', 'structure_type execution', 'STRUCTURE_TYPE:EXECUTE', 'STRUCTURE_TYPE'),
(110, 'EXECUTE', 'zone execution', 'ZONE:EXECUTE', 'ZONE'),
(111, 'EXECUTE', 'country execution', 'COUNTRY:EXECUTE', 'COUNTRY'),
(112, 'EXECUTE', 'state execution', 'STATE:EXECUTE', 'STATE'),
(113, 'EXECUTE', 'district execution', 'DISTRICT:EXECUTE', 'DISTRICT'),
(114, 'EXECUTE', 'locality execution', 'LOCALITY:EXECUTE', 'LOCALITY'),
(115, 'EXECUTE', 'location execution', 'LOCATION:EXECUTE', 'LOCATION'),
(116, 'EXECUTE', 'coordinate execution', 'COORDINATE:EXECUTE', 'COORDINATE'),
(117, 'EXECUTE', 'structure execution', 'STRUCTURE:EXECUTE', 'STRUCTURE'),
(118, 'EXECUTE', 'job execution', 'JOB:EXECUTE', 'JOB'),
(119, 'EXECUTE', 'person execution', 'PERSON:EXECUTE', 'PERSON'),
(120, 'EXECUTE', 'employee execution', 'EMPLOYEE:EXECUTE', 'EMPLOYEE'),
(121, 'EXECUTE', 'company_type execution', 'COMPANY_TYPE:EXECUTE', 'COMPANY_TYPE'),
(122, 'EXECUTE', 'partner_type execution', 'PARTNER_TYPE:EXECUTE', 'PARTNER_TYPE'),
(123, 'EXECUTE', 'vendor_type execution', 'VENDOR_TYPE:EXECUTE', 'VENDOR_TYPE'),
(124, 'EXECUTE', 'facility_type execution', 'FACILITY_TYPE:EXECUTE', 'FACILITY_TYPE'),
(125, 'EXECUTE', 'station_type execution', 'STATION_TYPE:EXECUTE', 'STATION_TYPE'),
(126, 'EXECUTE', 'terminal_type execution', 'TERMINAL_TYPE:EXECUTE', 'TERMINAL_TYPE'),
(127, 'EXECUTE', 'processing_plant_type execution', 'PROCESSING_PLANT_TYPE:EXECUTE', 'PROCESSING_PLANT_TYPE'),
(128, 'EXECUTE', 'production_field_type execution', 'PRODUCTION_FIELD_TYPE:EXECUTE', 'PRODUCTION_FIELD_TYPE'),
(129, 'EXECUTE', 'equipment_type execution', 'EQUIPMENT_TYPE:EXECUTE', 'EQUIPMENT_TYPE'),
(130, 'EXECUTE', 'product execution', 'PRODUCT:EXECUTE', 'PRODUCT'),
(131, 'EXECUTE', 'operational_status execution', 'OPERATIONAL_STATUS:EXECUTE', 'OPERATIONAL_STATUS'),
(132, 'EXECUTE', 'alloy execution', 'ALLOY:EXECUTE', 'ALLOY'),
(133, 'EXECUTE', 'partner execution', 'PARTNER:EXECUTE', 'PARTNER'),
(134, 'EXECUTE', 'vendor execution', 'VENDOR:EXECUTE', 'VENDOR'),
(135, 'EXECUTE', 'infrastructure execution', 'INFRASTRUCTURE:EXECUTE', 'INFRASTRUCTURE'),
(136, 'EXECUTE', 'facility execution', 'FACILITY:EXECUTE', 'FACILITY'),
(137, 'EXECUTE', 'pipeline_system execution', 'PIPELINE_SYSTEM:EXECUTE', 'PIPELINE_SYSTEM'),
(138, 'EXECUTE', 'pipeline execution', 'PIPELINE:EXECUTE', 'PIPELINE'),
(139, 'EXECUTE', 'pipeline_segment execution', 'PIPELINE_SEGMENT:EXECUTE', 'PIPELINE_SEGMENT'),
(140, 'EXECUTE', 'station execution', 'STATION:EXECUTE', 'STATION'),
(141, 'EXECUTE', 'terminal execution', 'TERMINAL:EXECUTE', 'TERMINAL'),
(142, 'EXECUTE', 'processing_plant execution', 'PROCESSING_PLANT:EXECUTE', 'PROCESSING_PLANT'),
(143, 'EXECUTE', 'production_field execution', 'PRODUCTION_FIELD:EXECUTE', 'PRODUCTION_FIELD'),
(144, 'EXECUTE', 'equipment execution', 'EQUIPMENT:EXECUTE', 'EQUIPMENT'),
(145, 'EXECUTE', 'event_type execution', 'EVENT_TYPE:EXECUTE', 'EVENT_TYPE'),
(146, 'EXECUTE', 'operation_type execution', 'OPERATION_TYPE:EXECUTE', 'OPERATION_TYPE'),
(147, 'EXECUTE', 'event_status execution', 'EVENT_STATUS:EXECUTE', 'EVENT_STATUS'),
(148, 'EXECUTE', 'alert_status execution', 'ALERT_STATUS:EXECUTE', 'ALERT_STATUS'),
(149, 'EXECUTE', 'severity execution', 'SEVERITY:EXECUTE', 'SEVERITY'),
(150, 'EXECUTE', 'data_source execution', 'DATA_SOURCE:EXECUTE', 'DATA_SOURCE'),
(151, 'EXECUTE', 'quality_flag execution', 'QUALITY_FLAG:EXECUTE', 'QUALITY_FLAG'),
(152, 'EXECUTE', 'validation_status execution', 'VALIDATION_STATUS:EXECUTE', 'VALIDATION_STATUS'),
(153, 'EXECUTE', 'reading_slot execution', 'READING_SLOT:EXECUTE', 'READING_SLOT'),
(154, 'EXECUTE', 'flow_operation execution', 'FLOW_OPERATION:EXECUTE', 'FLOW_OPERATION'),
(155, 'EXECUTE', 'flow_forecast execution', 'FLOW_FORECAST:EXECUTE', 'FLOW_FORECAST'),
(156, 'EXECUTE', 'flow_reading execution', 'FLOW_READING:EXECUTE', 'FLOW_READING'),
(157, 'EXECUTE', 'flow_event execution', 'FLOW_EVENT:EXECUTE', 'FLOW_EVENT'),
(158, 'EXECUTE', 'flow_alert execution', 'FLOW_ALERT:EXECUTE', 'FLOW_ALERT'),
(159, 'EXECUTE', 'flow_threshold execution', 'FLOW_THRESHOLD:EXECUTE', 'FLOW_THRESHOLD'),
(201, 'APPROVE', 'parameter approval', 'PARAMETER:APPROVE', 'PARAMETER'),
(202, 'APPROVE', 'file approval', 'FILE:APPROVE', 'FILE'),
(203, 'APPROVE', 'group approval', 'GROUP:APPROVE', 'GROUP'),
(204, 'APPROVE', 'user approval', 'USER:APPROVE', 'USER'),
(205, 'APPROVE', 'role approval', 'ROLE:APPROVE', 'ROLE'),
(206, 'APPROVE', 'permission approval', 'PERMISSION:APPROVE', 'PERMISSION'),
(207, 'APPROVE', 'authority approval', 'AUTHORITY:APPROVE', 'AUTHORITY'),
(208, 'APPROVE', 'audit approval', 'AUDIT:APPROVE', 'AUDIT'),
(209, 'APPROVE', 'structure_type approval', 'STRUCTURE_TYPE:APPROVE', 'STRUCTURE_TYPE'),
(210, 'APPROVE', 'zone approval', 'ZONE:APPROVE', 'ZONE'),
(211, 'APPROVE', 'country approval', 'COUNTRY:APPROVE', 'COUNTRY'),
(212, 'APPROVE', 'state approval', 'STATE:APPROVE', 'STATE'),
(213, 'APPROVE', 'district approval', 'DISTRICT:APPROVE', 'DISTRICT'),
(214, 'APPROVE', 'locality approval', 'LOCALITY:APPROVE', 'LOCALITY'),
(215, 'APPROVE', 'location approval', 'LOCATION:APPROVE', 'LOCATION'),
(216, 'APPROVE', 'coordinate approval', 'COORDINATE:APPROVE', 'COORDINATE'),
(217, 'APPROVE', 'structure approval', 'STRUCTURE:APPROVE', 'STRUCTURE'),
(218, 'APPROVE', 'job approval', 'JOB:APPROVE', 'JOB'),
(219, 'APPROVE', 'person approval', 'PERSON:APPROVE', 'PERSON'),
(220, 'APPROVE', 'employee approval', 'EMPLOYEE:APPROVE', 'EMPLOYEE'),
(221, 'APPROVE', 'company_type approval', 'COMPANY_TYPE:APPROVE', 'COMPANY_TYPE'),
(222, 'APPROVE', 'partner_type approval', 'PARTNER_TYPE:APPROVE', 'PARTNER_TYPE'),
(223, 'APPROVE', 'vendor_type approval', 'VENDOR_TYPE:APPROVE', 'VENDOR_TYPE'),
(224, 'APPROVE', 'facility_type approval', 'FACILITY_TYPE:APPROVE', 'FACILITY_TYPE'),
(225, 'APPROVE', 'station_type approval', 'STATION_TYPE:APPROVE', 'STATION_TYPE'),
(226, 'APPROVE', 'terminal_type approval', 'TERMINAL_TYPE:APPROVE', 'TERMINAL_TYPE'),
(227, 'APPROVE', 'processing_plant_type approval', 'PROCESSING_PLANT_TYPE:APPROVE', 'PROCESSING_PLANT_TYPE'),
(228, 'APPROVE', 'production_field_type approval', 'PRODUCTION_FIELD_TYPE:APPROVE', 'PRODUCTION_FIELD_TYPE'),
(229, 'APPROVE', 'equipment_type approval', 'EQUIPMENT_TYPE:APPROVE', 'EQUIPMENT_TYPE'),
(230, 'APPROVE', 'product approval', 'PRODUCT:APPROVE', 'PRODUCT'),
(231, 'APPROVE', 'operational_status approval', 'OPERATIONAL_STATUS:APPROVE', 'OPERATIONAL_STATUS'),
(232, 'APPROVE', 'alloy approval', 'ALLOY:APPROVE', 'ALLOY'),
(233, 'APPROVE', 'partner approval', 'PARTNER:APPROVE', 'PARTNER'),
(234, 'APPROVE', 'vendor approval', 'VENDOR:APPROVE', 'VENDOR'),
(235, 'APPROVE', 'infrastructure approval', 'INFRASTRUCTURE:APPROVE', 'INFRASTRUCTURE'),
(236, 'APPROVE', 'facility approval', 'FACILITY:APPROVE', 'FACILITY'),
(237, 'APPROVE', 'pipeline_system approval', 'PIPELINE_SYSTEM:APPROVE', 'PIPELINE_SYSTEM'),
(238, 'APPROVE', 'pipeline approval', 'PIPELINE:APPROVE', 'PIPELINE'),
(239, 'APPROVE', 'pipeline_segment approval', 'PIPELINE_SEGMENT:APPROVE', 'PIPELINE_SEGMENT'),
(240, 'APPROVE', 'station approval', 'STATION:APPROVE', 'STATION'),
(241, 'APPROVE', 'terminal approval', 'TERMINAL:APPROVE', 'TERMINAL'),
(242, 'APPROVE', 'processing_plant approval', 'PROCESSING_PLANT:APPROVE', 'PROCESSING_PLANT'),
(243, 'APPROVE', 'production_field approval', 'PRODUCTION_FIELD:APPROVE', 'PRODUCTION_FIELD'),
(244, 'APPROVE', 'equipment approval', 'EQUIPMENT:APPROVE', 'EQUIPMENT'),
(245, 'APPROVE', 'event_type approval', 'EVENT_TYPE:APPROVE', 'EVENT_TYPE'),
(246, 'APPROVE', 'operation_type approval', 'OPERATION_TYPE:APPROVE', 'OPERATION_TYPE'),
(247, 'APPROVE', 'event_status approval', 'EVENT_STATUS:APPROVE', 'EVENT_STATUS'),
(248, 'APPROVE', 'alert_status approval', 'ALERT_STATUS:APPROVE', 'ALERT_STATUS'),
(249, 'APPROVE', 'severity approval', 'SEVERITY:APPROVE', 'SEVERITY'),
(250, 'APPROVE', 'data_source approval', 'DATA_SOURCE:APPROVE', 'DATA_SOURCE'),
(251, 'APPROVE', 'quality_flag approval', 'QUALITY_FLAG:APPROVE', 'QUALITY_FLAG'),
(252, 'APPROVE', 'validation_status approval', 'VALIDATION_STATUS:APPROVE', 'VALIDATION_STATUS'),
(253, 'APPROVE', 'reading_slot approval', 'READING_SLOT:APPROVE', 'READING_SLOT'),
(254, 'APPROVE', 'flow_operation approval', 'FLOW_OPERATION:APPROVE', 'FLOW_OPERATION'),
(255, 'APPROVE', 'flow_forecast approval', 'FLOW_FORECAST:APPROVE', 'FLOW_FORECAST'),
(256, 'APPROVE', 'flow_reading approval', 'FLOW_READING:APPROVE', 'FLOW_READING'),
(257, 'APPROVE', 'flow_event approval', 'FLOW_EVENT:APPROVE', 'FLOW_EVENT'),
(258, 'APPROVE', 'flow_alert approval', 'FLOW_ALERT:APPROVE', 'FLOW_ALERT'),
(259, 'APPROVE', 'flow_threshold approval', 'FLOW_THRESHOLD:APPROVE', 'FLOW_THRESHOLD'),
(301, 'DELETE', 'parameter delete', 'PARAMETER:DELETE', 'PARAMETER'),
(302, 'DELETE', 'file delete', 'FILE:DELETE', 'FILE'),
(303, 'DELETE', 'group delete', 'GROUP:DELETE', 'GROUP'),
(304, 'DELETE', 'user delete', 'USER:DELETE', 'USER'),
(305, 'DELETE', 'role delete', 'ROLE:DELETE', 'ROLE'),
(306, 'DELETE', 'permission delete', 'PERMISSION:DELETE', 'PERMISSION'),
(307, 'DELETE', 'authority delete', 'AUTHORITY:DELETE', 'AUTHORITY'),
(308, 'DELETE', 'audit delete', 'AUDIT:DELETE', 'AUDIT'),
(309, 'DELETE', 'structure_type delete', 'STRUCTURE_TYPE:DELETE', 'STRUCTURE_TYPE'),
(310, 'DELETE', 'zone delete', 'ZONE:DELETE', 'ZONE'),
(311, 'DELETE', 'country delete', 'COUNTRY:DELETE', 'COUNTRY'),
(312, 'DELETE', 'state delete', 'STATE:DELETE', 'STATE'),
(313, 'DELETE', 'district delete', 'DISTRICT:DELETE', 'DISTRICT'),
(314, 'DELETE', 'locality delete', 'LOCALITY:DELETE', 'LOCALITY'),
(315, 'DELETE', 'location delete', 'LOCATION:DELETE', 'LOCATION'),
(316, 'DELETE', 'coordinate delete', 'COORDINATE:DELETE', 'COORDINATE'),
(317, 'DELETE', 'structure delete', 'STRUCTURE:DELETE', 'STRUCTURE'),
(318, 'DELETE', 'job delete', 'JOB:DELETE', 'JOB'),
(319, 'DELETE', 'person delete', 'PERSON:DELETE', 'PERSON'),
(320, 'DELETE', 'employee delete', 'EMPLOYEE:DELETE', 'EMPLOYEE'),
(321, 'DELETE', 'company_type delete', 'COMPANY_TYPE:DELETE', 'COMPANY_TYPE'),
(322, 'DELETE', 'partner_type delete', 'PARTNER_TYPE:DELETE', 'PARTNER_TYPE'),
(323, 'DELETE', 'vendor_type delete', 'VENDOR_TYPE:DELETE', 'VENDOR_TYPE'),
(324, 'DELETE', 'facility_type delete', 'FACILITY_TYPE:DELETE', 'FACILITY_TYPE'),
(325, 'DELETE', 'station_type delete', 'STATION_TYPE:DELETE', 'STATION_TYPE'),
(326, 'DELETE', 'terminal_type delete', 'TERMINAL_TYPE:DELETE', 'TERMINAL_TYPE'),
(327, 'DELETE', 'processing_plant_type delete', 'PROCESSING_PLANT_TYPE:DELETE', 'PROCESSING_PLANT_TYPE'),
(328, 'DELETE', 'production_field_type delete', 'PRODUCTION_FIELD_TYPE:DELETE', 'PRODUCTION_FIELD_TYPE'),
(329, 'DELETE', 'equipment_type delete', 'EQUIPMENT_TYPE:DELETE', 'EQUIPMENT_TYPE'),
(330, 'DELETE', 'product delete', 'PRODUCT:DELETE', 'PRODUCT'),
(331, 'DELETE', 'operational_status delete', 'OPERATIONAL_STATUS:DELETE', 'OPERATIONAL_STATUS'),
(332, 'DELETE', 'alloy delete', 'ALLOY:DELETE', 'ALLOY'),
(333, 'DELETE', 'partner delete', 'PARTNER:DELETE', 'PARTNER'),
(334, 'DELETE', 'vendor delete', 'VENDOR:DELETE', 'VENDOR'),
(335, 'DELETE', 'infrastructure delete', 'INFRASTRUCTURE:DELETE', 'INFRASTRUCTURE'),
(336, 'DELETE', 'facility delete', 'FACILITY:DELETE', 'FACILITY'),
(337, 'DELETE', 'pipeline_system delete', 'PIPELINE_SYSTEM:DELETE', 'PIPELINE_SYSTEM'),
(338, 'DELETE', 'pipeline delete', 'PIPELINE:DELETE', 'PIPELINE'),
(339, 'DELETE', 'pipeline_segment delete', 'PIPELINE_SEGMENT:DELETE', 'PIPELINE_SEGMENT'),
(340, 'DELETE', 'station delete', 'STATION:DELETE', 'STATION'),
(341, 'DELETE', 'terminal delete', 'TERMINAL:DELETE', 'TERMINAL'),
(342, 'DELETE', 'processing_plant delete', 'PROCESSING_PLANT:DELETE', 'PROCESSING_PLANT'),
(343, 'DELETE', 'production_field delete', 'PRODUCTION_FIELD:DELETE', 'PRODUCTION_FIELD'),
(344, 'DELETE', 'equipment delete', 'EQUIPMENT:DELETE', 'EQUIPMENT'),
(345, 'DELETE', 'event_type delete', 'EVENT_TYPE:DELETE', 'EVENT_TYPE'),
(346, 'DELETE', 'operation_type delete', 'OPERATION_TYPE:DELETE', 'OPERATION_TYPE'),
(347, 'DELETE', 'event_status delete', 'EVENT_STATUS:DELETE', 'EVENT_STATUS'),
(348, 'DELETE', 'alert_status delete', 'ALERT_STATUS:DELETE', 'ALERT_STATUS'),
(349, 'DELETE', 'severity delete', 'SEVERITY:DELETE', 'SEVERITY'),
(350, 'DELETE', 'data_source delete', 'DATA_SOURCE:DELETE', 'DATA_SOURCE'),
(351, 'DELETE', 'quality_flag delete', 'QUALITY_FLAG:DELETE', 'QUALITY_FLAG'),
(352, 'DELETE', 'validation_status delete', 'VALIDATION_STATUS:DELETE', 'VALIDATION_STATUS'),
(353, 'DELETE', 'reading_slot delete', 'READING_SLOT:DELETE', 'READING_SLOT'),
(354, 'DELETE', 'flow_operation delete', 'FLOW_OPERATION:DELETE', 'FLOW_OPERATION'),
(355, 'DELETE', 'flow_forecast delete', 'FLOW_FORECAST:DELETE', 'FLOW_FORECAST'),
(356, 'DELETE', 'flow_reading delete', 'FLOW_READING:DELETE', 'FLOW_READING'),
(357, 'DELETE', 'flow_event delete', 'FLOW_EVENT:DELETE', 'FLOW_EVENT'),
(358, 'DELETE', 'flow_alert delete', 'FLOW_ALERT:DELETE', 'FLOW_ALERT'),
(359, 'DELETE', 'flow_threshold delete', 'FLOW_THRESHOLD:DELETE', 'FLOW_THRESHOLD'),
(401, 'UPDATE', 'parameter updating', 'PARAMETER:UPDATE', 'PARAMETER'),
(402, 'UPDATE', 'file updating', 'FILE:UPDATE', 'FILE'),
(403, 'UPDATE', 'group updating', 'GROUP:UPDATE', 'GROUP'),
(404, 'UPDATE', 'user updating', 'USER:UPDATE', 'USER'),
(405, 'UPDATE', 'role updating', 'ROLE:UPDATE', 'ROLE'),
(406, 'UPDATE', 'permission updating', 'PERMISSION:UPDATE', 'PERMISSION'),
(407, 'UPDATE', 'authority updating', 'AUTHORITY:UPDATE', 'AUTHORITY'),
(408, 'UPDATE', 'audit updating', 'AUDIT:UPDATE', 'AUDIT'),
(409, 'UPDATE', 'structure_type updating', 'STRUCTURE_TYPE:UPDATE', 'STRUCTURE_TYPE'),
(410, 'UPDATE', 'zone updating', 'ZONE:UPDATE', 'ZONE'),
(411, 'UPDATE', 'country updating', 'COUNTRY:UPDATE', 'COUNTRY'),
(412, 'UPDATE', 'state updating', 'STATE:UPDATE', 'STATE'),
(413, 'UPDATE', 'district updating', 'DISTRICT:UPDATE', 'DISTRICT'),
(414, 'UPDATE', 'locality updating', 'LOCALITY:UPDATE', 'LOCALITY'),
(415, 'UPDATE', 'location updating', 'LOCATION:UPDATE', 'LOCATION'),
(416, 'UPDATE', 'coordinate updating', 'COORDINATE:UPDATE', 'COORDINATE'),
(417, 'UPDATE', 'structure updating', 'STRUCTURE:UPDATE', 'STRUCTURE'),
(418, 'UPDATE', 'job updating', 'JOB:UPDATE', 'JOB'),
(419, 'UPDATE', 'person updating', 'PERSON:UPDATE', 'PERSON'),
(420, 'UPDATE', 'employee updating', 'EMPLOYEE:UPDATE', 'EMPLOYEE'),
(421, 'UPDATE', 'company_type updating', 'COMPANY_TYPE:UPDATE', 'COMPANY_TYPE'),
(422, 'UPDATE', 'partner_type updating', 'PARTNER_TYPE:UPDATE', 'PARTNER_TYPE'),
(423, 'UPDATE', 'vendor_type updating', 'VENDOR_TYPE:UPDATE', 'VENDOR_TYPE'),
(424, 'UPDATE', 'facility_type updating', 'FACILITY_TYPE:UPDATE', 'FACILITY_TYPE'),
(425, 'UPDATE', 'station_type updating', 'STATION_TYPE:UPDATE', 'STATION_TYPE'),
(426, 'UPDATE', 'terminal_type updating', 'TERMINAL_TYPE:UPDATE', 'TERMINAL_TYPE'),
(427, 'UPDATE', 'processing_plant_type updating', 'PROCESSING_PLANT_TYPE:UPDATE', 'PROCESSING_PLANT_TYPE'),
(428, 'UPDATE', 'production_field_type updating', 'PRODUCTION_FIELD_TYPE:UPDATE', 'PRODUCTION_FIELD_TYPE'),
(429, 'UPDATE', 'equipment_type updating', 'EQUIPMENT_TYPE:UPDATE', 'EQUIPMENT_TYPE'),
(430, 'UPDATE', 'product updating', 'PRODUCT:UPDATE', 'PRODUCT'),
(431, 'UPDATE', 'operational_status updating', 'OPERATIONAL_STATUS:UPDATE', 'OPERATIONAL_STATUS'),
(432, 'UPDATE', 'alloy updating', 'ALLOY:UPDATE', 'ALLOY'),
(433, 'UPDATE', 'partner updating', 'PARTNER:UPDATE', 'PARTNER'),
(434, 'UPDATE', 'vendor updating', 'VENDOR:UPDATE', 'VENDOR'),
(435, 'UPDATE', 'infrastructure updating', 'INFRASTRUCTURE:UPDATE', 'INFRASTRUCTURE'),
(436, 'UPDATE', 'facility updating', 'FACILITY:UPDATE', 'FACILITY'),
(437, 'UPDATE', 'pipeline_system updating', 'PIPELINE_SYSTEM:UPDATE', 'PIPELINE_SYSTEM'),
(438, 'UPDATE', 'pipeline updating', 'PIPELINE:UPDATE', 'PIPELINE'),
(439, 'UPDATE', 'pipeline_segment updating', 'PIPELINE_SEGMENT:UPDATE', 'PIPELINE_SEGMENT'),
(440, 'UPDATE', 'station updating', 'STATION:UPDATE', 'STATION'),
(441, 'UPDATE', 'terminal updating', 'TERMINAL:UPDATE', 'TERMINAL'),
(442, 'UPDATE', 'processing_plant updating', 'PROCESSING_PLANT:UPDATE', 'PROCESSING_PLANT'),
(443, 'UPDATE', 'production_field updating', 'PRODUCTION_FIELD:UPDATE', 'PRODUCTION_FIELD'),
(444, 'UPDATE', 'equipment updating', 'EQUIPMENT:UPDATE', 'EQUIPMENT'),
(445, 'UPDATE', 'event_type updating', 'EVENT_TYPE:UPDATE', 'EVENT_TYPE'),
(446, 'UPDATE', 'operation_type updating', 'OPERATION_TYPE:UPDATE', 'OPERATION_TYPE'),
(447, 'UPDATE', 'event_status updating', 'EVENT_STATUS:UPDATE', 'EVENT_STATUS'),
(448, 'UPDATE', 'alert_status updating', 'ALERT_STATUS:UPDATE', 'ALERT_STATUS'),
(449, 'UPDATE', 'severity updating', 'SEVERITY:UPDATE', 'SEVERITY'),
(450, 'UPDATE', 'data_source updating', 'DATA_SOURCE:UPDATE', 'DATA_SOURCE'),
(451, 'UPDATE', 'quality_flag updating', 'QUALITY_FLAG:UPDATE', 'QUALITY_FLAG'),
(452, 'UPDATE', 'validation_status updating', 'VALIDATION_STATUS:UPDATE', 'VALIDATION_STATUS'),
(453, 'UPDATE', 'reading_slot updating', 'READING_SLOT:UPDATE', 'READING_SLOT'),
(454, 'UPDATE', 'flow_operation updating', 'FLOW_OPERATION:UPDATE', 'FLOW_OPERATION'),
(455, 'UPDATE', 'flow_forecast updating', 'FLOW_FORECAST:UPDATE', 'FLOW_FORECAST'),
(456, 'UPDATE', 'flow_reading updating', 'FLOW_READING:UPDATE', 'FLOW_READING'),
(457, 'UPDATE', 'flow_event updating', 'FLOW_EVENT:UPDATE', 'FLOW_EVENT'),
(458, 'UPDATE', 'flow_alert updating', 'FLOW_ALERT:UPDATE', 'FLOW_ALERT'),
(459, 'UPDATE', 'flow_threshold updating', 'FLOW_THRESHOLD:UPDATE', 'FLOW_THRESHOLD'),
(501, 'CREATE', 'parameter creation', 'PARAMETER:CREATE', 'PARAMETER'),
(502, 'CREATE', 'file creation', 'FILE:CREATE', 'FILE'),
(503, 'CREATE', 'group creation', 'GROUP:CREATE', 'GROUP'),
(504, 'CREATE', 'user creation', 'USER:CREATE', 'USER'),
(505, 'CREATE', 'role creation', 'ROLE:CREATE', 'ROLE'),
(506, 'CREATE', 'permission creation', 'PERMISSION:CREATE', 'PERMISSION'),
(507, 'CREATE', 'authority creation', 'AUTHORITY:CREATE', 'AUTHORITY'),
(508, 'CREATE', 'audit creation', 'AUDIT:CREATE', 'AUDIT'),
(509, 'CREATE', 'structure_type creation', 'STRUCTURE_TYPE:CREATE', 'STRUCTURE_TYPE'),
(510, 'CREATE', 'zone creation', 'ZONE:CREATE', 'ZONE'),
(511, 'CREATE', 'country creation', 'COUNTRY:CREATE', 'COUNTRY'),
(512, 'CREATE', 'state creation', 'STATE:CREATE', 'STATE'),
(513, 'CREATE', 'district creation', 'DISTRICT:CREATE', 'DISTRICT'),
(514, 'CREATE', 'locality creation', 'LOCALITY:CREATE', 'LOCALITY'),
(515, 'CREATE', 'location creation', 'LOCATION:CREATE', 'LOCATION'),
(516, 'CREATE', 'coordinate creation', 'COORDINATE:CREATE', 'COORDINATE'),
(517, 'CREATE', 'structure creation', 'STRUCTURE:CREATE', 'STRUCTURE'),
(518, 'CREATE', 'job creation', 'JOB:CREATE', 'JOB'),
(519, 'CREATE', 'person creation', 'PERSON:CREATE', 'PERSON'),
(520, 'CREATE', 'employee creation', 'EMPLOYEE:CREATE', 'EMPLOYEE'),
(521, 'CREATE', 'company_type creation', 'COMPANY_TYPE:CREATE', 'COMPANY_TYPE'),
(522, 'CREATE', 'partner_type creation', 'PARTNER_TYPE:CREATE', 'PARTNER_TYPE'),
(523, 'CREATE', 'vendor_type creation', 'VENDOR_TYPE:CREATE', 'VENDOR_TYPE'),
(524, 'CREATE', 'facility_type creation', 'FACILITY_TYPE:CREATE', 'FACILITY_TYPE'),
(525, 'CREATE', 'station_type creation', 'STATION_TYPE:CREATE', 'STATION_TYPE'),
(526, 'CREATE', 'terminal_type creation', 'TERMINAL_TYPE:CREATE', 'TERMINAL_TYPE'),
(527, 'CREATE', 'processing_plant_type creation', 'PROCESSING_PLANT_TYPE:CREATE', 'PROCESSING_PLANT_TYPE'),
(528, 'CREATE', 'production_field_type creation', 'PRODUCTION_FIELD_TYPE:CREATE', 'PRODUCTION_FIELD_TYPE'),
(529, 'CREATE', 'equipment_type creation', 'EQUIPMENT_TYPE:CREATE', 'EQUIPMENT_TYPE'),
(530, 'CREATE', 'product creation', 'PRODUCT:CREATE', 'PRODUCT'),
(531, 'CREATE', 'operational_status creation', 'OPERATIONAL_STATUS:CREATE', 'OPERATIONAL_STATUS'),
(532, 'CREATE', 'alloy creation', 'ALLOY:CREATE', 'ALLOY'),
(533, 'CREATE', 'partner creation', 'PARTNER:CREATE', 'PARTNER'),
(534, 'CREATE', 'vendor creation', 'VENDOR:CREATE', 'VENDOR'),
(535, 'CREATE', 'infrastructure creation', 'INFRASTRUCTURE:CREATE', 'INFRASTRUCTURE'),
(536, 'CREATE', 'facility creation', 'FACILITY:CREATE', 'FACILITY'),
(537, 'CREATE', 'pipeline_system creation', 'PIPELINE_SYSTEM:CREATE', 'PIPELINE_SYSTEM'),
(538, 'CREATE', 'pipeline creation', 'PIPELINE:CREATE', 'PIPELINE'),
(539, 'CREATE', 'pipeline_segment creation', 'PIPELINE_SEGMENT:CREATE', 'PIPELINE_SEGMENT'),
(540, 'CREATE', 'station creation', 'STATION:CREATE', 'STATION'),
(541, 'CREATE', 'terminal creation', 'TERMINAL:CREATE', 'TERMINAL'),
(542, 'CREATE', 'processing_plant creation', 'PROCESSING_PLANT:CREATE', 'PROCESSING_PLANT'),
(543, 'CREATE', 'production_field creation', 'PRODUCTION_FIELD:CREATE', 'PRODUCTION_FIELD'),
(544, 'CREATE', 'equipment creation', 'EQUIPMENT:CREATE', 'EQUIPMENT'),
(545, 'CREATE', 'event_type creation', 'EVENT_TYPE:CREATE', 'EVENT_TYPE'),
(546, 'CREATE', 'operation_type creation', 'OPERATION_TYPE:CREATE', 'OPERATION_TYPE'),
(547, 'CREATE', 'event_status creation', 'EVENT_STATUS:CREATE', 'EVENT_STATUS'),
(548, 'CREATE', 'alert_status creation', 'ALERT_STATUS:CREATE', 'ALERT_STATUS'),
(549, 'CREATE', 'severity creation', 'SEVERITY:CREATE', 'SEVERITY'),
(550, 'CREATE', 'data_source creation', 'DATA_SOURCE:CREATE', 'DATA_SOURCE'),
(551, 'CREATE', 'quality_flag creation', 'QUALITY_FLAG:CREATE', 'QUALITY_FLAG'),
(552, 'CREATE', 'validation_status creation', 'VALIDATION_STATUS:CREATE', 'VALIDATION_STATUS'),
(553, 'CREATE', 'reading_slot creation', 'READING_SLOT:CREATE', 'READING_SLOT'),
(554, 'CREATE', 'flow_operation creation', 'FLOW_OPERATION:CREATE', 'FLOW_OPERATION'),
(555, 'CREATE', 'flow_forecast creation', 'FLOW_FORECAST:CREATE', 'FLOW_FORECAST'),
(556, 'CREATE', 'flow_reading creation', 'FLOW_READING:CREATE', 'FLOW_READING'),
(557, 'CREATE', 'flow_event creation', 'FLOW_EVENT:CREATE', 'FLOW_EVENT'),
(558, 'CREATE', 'flow_alert creation', 'FLOW_ALERT:CREATE', 'FLOW_ALERT'),
(559, 'CREATE', 'flow_threshold creation', 'FLOW_THRESHOLD:CREATE', 'FLOW_THRESHOLD'),
(601, 'WRITE', 'parameter editing', 'PARAMETER:WRITE', 'PARAMETER'),
(602, 'WRITE', 'file editing', 'FILE:WRITE', 'FILE'),
(603, 'WRITE', 'group editing', 'GROUP:WRITE', 'GROUP'),
(604, 'WRITE', 'user editing', 'USER:WRITE', 'USER'),
(605, 'WRITE', 'role editing', 'ROLE:WRITE', 'ROLE'),
(606, 'WRITE', 'permission editing', 'PERMISSION:WRITE', 'PERMISSION'),
(607, 'WRITE', 'authority editing', 'AUTHORITY:WRITE', 'AUTHORITY'),
(608, 'WRITE', 'audit editing', 'AUDIT:WRITE', 'AUDIT'),
(609, 'WRITE', 'structure_type editing', 'STRUCTURE_TYPE:WRITE', 'STRUCTURE_TYPE'),
(610, 'WRITE', 'zone editing', 'ZONE:WRITE', 'ZONE'),
(611, 'WRITE', 'country editing', 'COUNTRY:WRITE', 'COUNTRY'),
(612, 'WRITE', 'state editing', 'STATE:WRITE', 'STATE'),
(613, 'WRITE', 'district editing', 'DISTRICT:WRITE', 'DISTRICT'),
(614, 'WRITE', 'locality editing', 'LOCALITY:WRITE', 'LOCALITY'),
(615, 'WRITE', 'location editing', 'LOCATION:WRITE', 'LOCATION'),
(616, 'WRITE', 'coordinate editing', 'COORDINATE:WRITE', 'COORDINATE'),
(617, 'WRITE', 'structure editing', 'STRUCTURE:WRITE', 'STRUCTURE'),
(618, 'WRITE', 'job editing', 'JOB:WRITE', 'JOB'),
(619, 'WRITE', 'person editing', 'PERSON:WRITE', 'PERSON'),
(620, 'WRITE', 'employee editing', 'EMPLOYEE:WRITE', 'EMPLOYEE'),
(621, 'WRITE', 'company_type editing', 'COMPANY_TYPE:WRITE', 'COMPANY_TYPE'),
(622, 'WRITE', 'partner_type editing', 'PARTNER_TYPE:WRITE', 'PARTNER_TYPE'),
(623, 'WRITE', 'vendor_type editing', 'VENDOR_TYPE:WRITE', 'VENDOR_TYPE'),
(624, 'WRITE', 'facility_type editing', 'FACILITY_TYPE:WRITE', 'FACILITY_TYPE'),
(625, 'WRITE', 'station_type editing', 'STATION_TYPE:WRITE', 'STATION_TYPE'),
(626, 'WRITE', 'terminal_type editing', 'TERMINAL_TYPE:WRITE', 'TERMINAL_TYPE'),
(627, 'WRITE', 'processing_plant_type editing', 'PROCESSING_PLANT_TYPE:WRITE', 'PROCESSING_PLANT_TYPE'),
(628, 'WRITE', 'production_field_type editing', 'PRODUCTION_FIELD_TYPE:WRITE', 'PRODUCTION_FIELD_TYPE'),
(629, 'WRITE', 'equipment_type editing', 'EQUIPMENT_TYPE:WRITE', 'EQUIPMENT_TYPE'),
(630, 'WRITE', 'product editing', 'PRODUCT:WRITE', 'PRODUCT'),
(631, 'WRITE', 'operational_status editing', 'OPERATIONAL_STATUS:WRITE', 'OPERATIONAL_STATUS'),
(632, 'WRITE', 'alloy editing', 'ALLOY:WRITE', 'ALLOY'),
(633, 'WRITE', 'partner editing', 'PARTNER:WRITE', 'PARTNER'),
(634, 'WRITE', 'vendor editing', 'VENDOR:WRITE', 'VENDOR'),
(635, 'WRITE', 'infrastructure editing', 'INFRASTRUCTURE:WRITE', 'INFRASTRUCTURE'),
(636, 'WRITE', 'facility editing', 'FACILITY:WRITE', 'FACILITY'),
(637, 'WRITE', 'pipeline_system editing', 'PIPELINE_SYSTEM:WRITE', 'PIPELINE_SYSTEM'),
(638, 'WRITE', 'pipeline editing', 'PIPELINE:WRITE', 'PIPELINE'),
(639, 'WRITE', 'pipeline_segment editing', 'PIPELINE_SEGMENT:WRITE', 'PIPELINE_SEGMENT'),
(640, 'WRITE', 'station editing', 'STATION:WRITE', 'STATION'),
(641, 'WRITE', 'terminal editing', 'TERMINAL:WRITE', 'TERMINAL'),
(642, 'WRITE', 'processing_plant editing', 'PROCESSING_PLANT:WRITE', 'PROCESSING_PLANT'),
(643, 'WRITE', 'production_field editing', 'PRODUCTION_FIELD:WRITE', 'PRODUCTION_FIELD'),
(644, 'WRITE', 'equipment editing', 'EQUIPMENT:WRITE', 'EQUIPMENT'),
(645, 'WRITE', 'event_type editing', 'EVENT_TYPE:WRITE', 'EVENT_TYPE'),
(646, 'WRITE', 'operation_type editing', 'OPERATION_TYPE:WRITE', 'OPERATION_TYPE'),
(647, 'WRITE', 'event_status editing', 'EVENT_STATUS:WRITE', 'EVENT_STATUS'),
(648, 'WRITE', 'alert_status editing', 'ALERT_STATUS:WRITE', 'ALERT_STATUS'),
(649, 'WRITE', 'severity editing', 'SEVERITY:WRITE', 'SEVERITY'),
(650, 'WRITE', 'data_source editing', 'DATA_SOURCE:WRITE', 'DATA_SOURCE'),
(651, 'WRITE', 'quality_flag editing', 'QUALITY_FLAG:WRITE', 'QUALITY_FLAG'),
(652, 'WRITE', 'validation_status editing', 'VALIDATION_STATUS:WRITE', 'VALIDATION_STATUS'),
(653, 'WRITE', 'reading_slot editing', 'READING_SLOT:WRITE', 'READING_SLOT'),
(654, 'WRITE', 'flow_operation editing', 'FLOW_OPERATION:WRITE', 'FLOW_OPERATION'),
(655, 'WRITE', 'flow_forecast editing', 'FLOW_FORECAST:WRITE', 'FLOW_FORECAST'),
(656, 'WRITE', 'flow_reading editing', 'FLOW_READING:WRITE', 'FLOW_READING'),
(657, 'WRITE', 'flow_event editing', 'FLOW_EVENT:WRITE', 'FLOW_EVENT'),
(658, 'WRITE', 'flow_alert editing', 'FLOW_ALERT:WRITE', 'FLOW_ALERT'),
(659, 'WRITE', 'flow_threshold editing', 'FLOW_THRESHOLD:WRITE', 'FLOW_THRESHOLD'),
(701, 'READ', 'parameter viewing', 'PARAMETER:READ', 'PARAMETER'),
(702, 'READ', 'file viewing', 'FILE:READ', 'FILE'),
(703, 'READ', 'group viewing', 'GROUP:READ', 'GROUP'),
(704, 'READ', 'user viewing', 'USER:READ', 'USER'),
(705, 'READ', 'role viewing', 'ROLE:READ', 'ROLE'),
(706, 'READ', 'permission viewing', 'PERMISSION:READ', 'PERMISSION'),
(707, 'READ', 'authority viewing', 'AUTHORITY:READ', 'AUTHORITY'),
(708, 'READ', 'audit viewing', 'AUDIT:READ', 'AUDIT'),
(709, 'READ', 'structure_type viewing', 'STRUCTURE_TYPE:READ', 'STRUCTURE_TYPE'),
(710, 'READ', 'zone viewing', 'ZONE:READ', 'ZONE'),
(711, 'READ', 'country viewing', 'COUNTRY:READ', 'COUNTRY'),
(712, 'READ', 'state viewing', 'STATE:READ', 'STATE'),
(713, 'READ', 'district viewing', 'DISTRICT:READ', 'DISTRICT'),
(714, 'READ', 'locality viewing', 'LOCALITY:READ', 'LOCALITY'),
(715, 'READ', 'location viewing', 'LOCATION:READ', 'LOCATION'),
(716, 'READ', 'coordinate viewing', 'COORDINATE:READ', 'COORDINATE'),
(717, 'READ', 'structure viewing', 'STRUCTURE:READ', 'STRUCTURE'),
(718, 'READ', 'job viewing', 'JOB:READ', 'JOB'),
(719, 'READ', 'person viewing', 'PERSON:READ', 'PERSON'),
(720, 'READ', 'employee viewing', 'EMPLOYEE:READ', 'EMPLOYEE'),
(721, 'READ', 'company_type viewing', 'COMPANY_TYPE:READ', 'COMPANY_TYPE'),
(722, 'READ', 'partner_type viewing', 'PARTNER_TYPE:READ', 'PARTNER_TYPE'),
(723, 'READ', 'vendor_type viewing', 'VENDOR_TYPE:READ', 'VENDOR_TYPE'),
(724, 'READ', 'facility_type viewing', 'FACILITY_TYPE:READ', 'FACILITY_TYPE'),
(725, 'READ', 'station_type viewing', 'STATION_TYPE:READ', 'STATION_TYPE'),
(726, 'READ', 'terminal_type viewing', 'TERMINAL_TYPE:READ', 'TERMINAL_TYPE'),
(727, 'READ', 'processing_plant_type viewing', 'PROCESSING_PLANT_TYPE:READ', 'PROCESSING_PLANT_TYPE'),
(728, 'READ', 'production_field_type viewing', 'PRODUCTION_FIELD_TYPE:READ', 'PRODUCTION_FIELD_TYPE'),
(729, 'READ', 'equipment_type viewing', 'EQUIPMENT_TYPE:READ', 'EQUIPMENT_TYPE'),
(730, 'READ', 'product viewing', 'PRODUCT:READ', 'PRODUCT'),
(731, 'READ', 'operational_status viewing', 'OPERATIONAL_STATUS:READ', 'OPERATIONAL_STATUS'),
(732, 'READ', 'alloy viewing', 'ALLOY:READ', 'ALLOY'),
(733, 'READ', 'partner viewing', 'PARTNER:READ', 'PARTNER'),
(734, 'READ', 'vendor viewing', 'VENDOR:READ', 'VENDOR'),
(735, 'READ', 'infrastructure viewing', 'INFRASTRUCTURE:READ', 'INFRASTRUCTURE'),
(736, 'READ', 'facility viewing', 'FACILITY:READ', 'FACILITY'),
(737, 'READ', 'pipeline_system viewing', 'PIPELINE_SYSTEM:READ', 'PIPELINE_SYSTEM'),
(738, 'READ', 'pipeline viewing', 'PIPELINE:READ', 'PIPELINE'),
(739, 'READ', 'pipeline_segment viewing', 'PIPELINE_SEGMENT:READ', 'PIPELINE_SEGMENT'),
(740, 'READ', 'station viewing', 'STATION:READ', 'STATION'),
(741, 'READ', 'terminal viewing', 'TERMINAL:READ', 'TERMINAL'),
(742, 'READ', 'processing_plant viewing', 'PROCESSING_PLANT:READ', 'PROCESSING_PLANT'),
(743, 'READ', 'production_field viewing', 'PRODUCTION_FIELD:READ', 'PRODUCTION_FIELD'),
(744, 'READ', 'equipment viewing', 'EQUIPMENT:READ', 'EQUIPMENT'),
(745, 'READ', 'event_type viewing', 'EVENT_TYPE:READ', 'EVENT_TYPE'),
(746, 'READ', 'operation_type viewing', 'OPERATION_TYPE:READ', 'OPERATION_TYPE'),
(747, 'READ', 'event_status viewing', 'EVENT_STATUS:READ', 'EVENT_STATUS'),
(748, 'READ', 'alert_status viewing', 'ALERT_STATUS:READ', 'ALERT_STATUS'),
(749, 'READ', 'severity viewing', 'SEVERITY:READ', 'SEVERITY'),
(750, 'READ', 'data_source viewing', 'DATA_SOURCE:READ', 'DATA_SOURCE'),
(751, 'READ', 'quality_flag viewing', 'QUALITY_FLAG:READ', 'QUALITY_FLAG'),
(752, 'READ', 'validation_status viewing', 'VALIDATION_STATUS:READ', 'VALIDATION_STATUS'),
(753, 'READ', 'reading_slot viewing', 'READING_SLOT:READ', 'READING_SLOT'),
(754, 'READ', 'flow_operation viewing', 'FLOW_OPERATION:READ', 'FLOW_OPERATION'),
(755, 'READ', 'flow_forecast viewing', 'FLOW_FORECAST:READ', 'FLOW_FORECAST'),
(756, 'READ', 'flow_reading viewing', 'FLOW_READING:READ', 'FLOW_READING'),
(757, 'READ', 'flow_event viewing', 'FLOW_EVENT:READ', 'FLOW_EVENT'),
(758, 'READ', 'flow_alert viewing', 'FLOW_ALERT:READ', 'FLOW_ALERT'),
(759, 'READ', 'flow_threshold viewing', 'FLOW_THRESHOLD:READ', 'FLOW_THRESHOLD');

-- --------------------------------------------------------

--
-- Table structure for table `t_00_02_05`
--

CREATE TABLE `t_00_02_05` (
  `f_00` bigint(20) NOT NULL,
  `f_02` varchar(200) DEFAULT NULL,
  `f_01` varchar(50) NOT NULL,
  `f_03` varchar(50) DEFAULT NULL
) ENGINE=InnoDB DEFAULT CHARSET=utf8mb4 COLLATE=utf8mb4_general_ci;

--
-- Dumping data for table `t_00_02_05`
--

INSERT INTO `t_00_02_05` (`f_00`, `f_02`, `f_01`, `f_03`) VALUES
(1, 'System Management', 'SYSTEM', 'Core system operations and configuration'),
(2, 'User Management', 'USER', 'User account and profile management'),
(3, 'Role Management', 'ROLE', 'Role definitions and assignments'),
(4, 'Permission Management', 'PERMISSION', 'Permission and access control'),
(5, 'Group Management', 'GROUP', 'User group organization'),
(6, 'Authority Management', 'AUTHORITY', 'Authority category management'),
(7, 'Audit Management', 'AUDIT', 'System audit logging and tracking'),
(8, 'Authentication', 'AUTH', 'Authentication and session management'),
(9, 'Configuration', 'CONFIG', 'System configuration settings'),
(10, 'System Utility', 'UTILITY', 'System utilities and tools'),
(11, 'Administration', 'ADMINISTRATION', 'Administrative operations'),
(12, 'Communication', 'COMMUNICATION', 'Messaging and notifications'),
(13, 'Document Management', 'DOCUMENT', 'Document handling and archiving'),
(14, 'Environment Data', 'ENVIRONMENT', 'Geographic and location data'),
(15, 'Network Management', 'NETWORK', 'Network infrastructure management'),
(16, 'IT Infrastructure', 'INFRASTRUCTURE', 'IT infrastructure and services'),
(17, 'Reporting & Analytics', 'REPORT', 'Reports, dashboards, and analytics'),
(18, 'Workflow Engine', 'WORKFLOW', 'Business process workflows'),
(19, 'System Integration', 'INTEGRATION', 'External system integrations');

-- --------------------------------------------------------

--
-- Table structure for table `t_00_03_01`
--

CREATE TABLE `t_00_03_01` (
  `f_00` bigint(20) NOT NULL,
  `f_03` varchar(20) NOT NULL,
  `f_18` varchar(50) DEFAULT NULL,
  `f_12` varchar(1000) DEFAULT NULL,
  `f_15` bigint(20) DEFAULT NULL,
  `f_02` bigint(20) NOT NULL,
  `f_01` varchar(100) NOT NULL,
  `f_14` text DEFAULT NULL,
  `f_06` varchar(45) DEFAULT NULL,
  `f_20` text DEFAULT NULL,
  `f_08` varchar(200) DEFAULT NULL,
  `f_17` varchar(50) DEFAULT NULL,
  `f_10` text DEFAULT NULL,
  `f_09` text DEFAULT NULL,
  `f_11` text DEFAULT NULL,
  `f_19` bigint(20) DEFAULT NULL,
  `f_16` varchar(100) DEFAULT NULL,
  `f_13` varchar(20) NOT NULL,
  `f_05` datetime(6) NOT NULL,
  `f_07` varchar(500) DEFAULT NULL,
  `f_04` varchar(100) DEFAULT NULL
) ENGINE=InnoDB DEFAULT CHARSET=utf8mb4 COLLATE=utf8mb4_general_ci;

-- --------------------------------------------------------

--
-- Table structure for table `t_00_04_01`
--

CREATE TABLE `t_00_04_01` (
  `f_00` bigint(20) NOT NULL,
  `f_02` datetime(6) NOT NULL,
  `f_01` varchar(255) NOT NULL,
  `f_03` bigint(20) NOT NULL
) ENGINE=InnoDB DEFAULT CHARSET=utf8mb4 COLLATE=utf8mb4_general_ci;

--
-- Dumping data for table `t_00_04_01`
--

INSERT INTO `t_00_04_01` (`f_00`, `f_02`, `f_01`, `f_03`) VALUES
(25, '2026-02-05 12:28:09.000000', '30957290-8895-4fec-bd72-807f6e860885', 1);

-- --------------------------------------------------------

--
-- Table structure for table `t_00_05_01`
--

CREATE TABLE `t_00_05_01` (
  `f_00` bigint(20) NOT NULL,
  `f_07` datetime(6) NOT NULL,
  `f_05` bit(1) NOT NULL,
  `f_02` varchar(1000) NOT NULL,
  `f_06` datetime(6) DEFAULT NULL,
  `f_03` varchar(50) DEFAULT NULL,
  `f_04` varchar(50) DEFAULT NULL,
  `f_01` varchar(200) NOT NULL,
  `f_09` bigint(20) NOT NULL,
  `f_08` bigint(20) NOT NULL
) ENGINE=InnoDB DEFAULT CHARSET=utf8mb4 COLLATE=utf8mb4_general_ci;

-- --------------------------------------------------------

--
-- Table structure for table `t_00_05_02`
--

CREATE TABLE `t_00_05_02` (
  `f_00` bigint(20) NOT NULL,
  `f_09` bit(1) NOT NULL,
  `f_01` varchar(50) NOT NULL,
  `f_07` varchar(7) DEFAULT NULL,
  `f_05` varchar(500) DEFAULT NULL,
  `f_02` varchar(100) DEFAULT NULL,
  `f_03` varchar(100) DEFAULT NULL,
  `f_04` varchar(100) NOT NULL,
  `f_06` varchar(50) DEFAULT NULL,
  `f_08` int(11) DEFAULT NULL
) ENGINE=InnoDB DEFAULT CHARSET=utf8mb4 COLLATE=utf8mb4_general_ci;

--
-- Dumping data for table `t_00_05_02`
--

INSERT INTO `t_00_05_02` (`f_00`, `f_09`, `f_01`, `f_07`, `f_05`, `f_02`, `f_03`, `f_04`, `f_06`, `f_08`) VALUES
(1, b'1', 'READING_SUBMITTED', '#2196F3', 'Triggered when a Reader user submits operational readings for validation', ' ', 'Reading Submitted', 'Lecture Soumise', 'fa-file-check', 3),
(2, b'1', 'READING_VALIDATED', '#4CAF50', 'Triggered when a Validator approves submitted readings', '  ', 'Reading Validated', 'Lecture Valide', 'fa-check-circle', 2),
(3, b'1', 'READING_REJECTED', '#F44336', 'Triggered when a Validator rejects submitted readings', ' ', 'Reading Rejected', 'Lecture Rejete', 'fa-times-circle', 3),
(4, b'1', 'SYSTEM_ALERT', '#FF9800', 'Critical system notifications requiring immediate attention', ' ', 'System Alert', 'Alerte Systme', 'fa-exclamation-triangle', 4),
(5, b'1', 'WARNING', '#FFC107', 'Warning messages about potential issues', '', 'Warning', 'Avertissement', 'fa-exclamation-circle', 2),
(6, b'1', 'INFO', '#00BCD4', 'General informational messages', '', 'Information', 'Information', 'fa-info-circle', 1);

-- --------------------------------------------------------

--
-- Table structure for table `t_01_01_01`
--

CREATE TABLE `t_01_01_01` (
  `f_00` bigint(20) NOT NULL,
  `f_01` varchar(100) DEFAULT NULL,
  `f_02` varchar(100) DEFAULT NULL,
  `f_03` varchar(100) NOT NULL
) ENGINE=InnoDB DEFAULT CHARSET=utf8mb4 COLLATE=utf8mb4_general_ci;

--
-- Dumping data for table `t_01_01_01`
--

INSERT INTO `t_01_01_01` (`f_00`, `f_01`, `f_02`, `f_03`) VALUES
(1, ' ', 'General Directorate', 'Direction Gnrale'),
(2, '', 'Activity', 'Activit'),
(3, '', 'Division', 'Division'),
(4, '', 'Directorate', 'Direction'),
(5, ' ', 'Operations Directorate', 'Direction Oprationnelle'),
(6, ' ', 'Regional Directorate', 'Direction Regionale'),
(7, ' ', 'Sub-directorate', 'Sous Direction'),
(8, '', 'Department', 'Dpartement'),
(9, ' ', 'Regional Department', 'Dpartment Rgional'),
(10, ' ', 'National Center', 'Centre National'),
(11, '', 'Service', 'Service'),
(12, ' ', 'Regional Service', 'Service Regional'),
(13, '', 'Center', 'Centre');

-- --------------------------------------------------------

--
-- Table structure for table `t_01_02_01`
--

CREATE TABLE `t_01_02_01` (
  `f_00` bigint(20) NOT NULL,
  `f_01` varchar(10) NOT NULL,
  `f_02` varchar(100) DEFAULT NULL,
  `f_03` varchar(100) DEFAULT NULL,
  `f_04` varchar(100) NOT NULL
) ENGINE=InnoDB DEFAULT CHARSET=utf8mb4 COLLATE=utf8mb4_general_ci;

--
-- Dumping data for table `t_01_02_01`
--

INSERT INTO `t_01_02_01` (`f_00`, `f_01`, `f_02`, `f_03`, `f_04`) VALUES
(1, 'S', '', 'South', 'Sud'),
(2, 'N', '', 'North', 'Nord');

-- --------------------------------------------------------

--
-- Table structure for table `t_01_02_02`
--

CREATE TABLE `t_01_02_02` (
  `f_00` bigint(20) NOT NULL,
  `f_01` varchar(3) NOT NULL,
  `f_02` varchar(100) DEFAULT NULL,
  `f_03` varchar(100) DEFAULT NULL,
  `f_04` varchar(100) NOT NULL
) ENGINE=InnoDB DEFAULT CHARSET=utf8mb4 COLLATE=utf8mb4_general_ci;

--
-- Dumping data for table `t_01_02_02`
--

INSERT INTO `t_01_02_02` (`f_00`, `f_01`, `f_02`, `f_03`, `f_04`) VALUES
(1, 'AF', '', 'Afghanistan', 'Afghanistan'),
(2, 'AX', ' ', 'land Islands', 'les land'),
(3, 'AL', '', 'Albania', 'Albanie'),
(4, 'DZ', '', 'Algeria', 'Algrie'),
(5, 'AS', ' ', 'American Samoa', 'Samoa Amricaines'),
(6, 'AD', '', 'Andorra', 'Andorre'),
(7, 'AO', '', 'Angola', 'Angola'),
(8, 'AI', '', 'Anguilla', 'Anguilla'),
(9, 'AQ', ' ', 'Antarctica', 'Antarctique'),
(10, 'AG', ' ', 'Antigua and Barbuda', 'Antigua-et-Barbuda'),
(11, 'AR', '', 'Argentina', 'Argentine'),
(12, 'AM', '', 'Armenia', 'Armnie'),
(13, 'AW', '', 'Aruba', 'Aruba'),
(14, 'AU', '', 'Australia', 'Australie'),
(15, 'AT', '', 'Austria', 'Autriche'),
(16, 'AZ', '', 'Azerbaijan', 'Azerbadjan'),
(17, 'BS', '', 'Bahamas', 'Bahamas'),
(18, 'BH', '', 'Bahrain', 'Bahren'),
(19, 'BD', '', 'Bangladesh', 'Bangladesh'),
(20, 'BB', '', 'Barbados', 'Barbade'),
(21, 'BY', '', 'Belarus', 'Blarus'),
(22, 'BE', '', 'Belgium', 'Belgique'),
(23, 'BZ', '', 'Belize', 'Belize'),
(24, 'BJ', '', 'Benin', 'Bnin'),
(25, 'BM', '', 'Bermuda', 'Bermudes'),
(26, 'BT', '', 'Bhutan', 'Bhoutan'),
(27, 'BO', '', 'Bolivia', 'Bolivie'),
(28, 'BQ', '   ', 'Bonaire, Sint Eustatius and Saba', 'Bonaire, Saint-Eustache et Saba'),
(29, 'BA', ' ', 'Bosnia and Herzegovina', 'Bosnie-Herzgovine'),
(30, 'BW', '', 'Botswana', 'Botswana'),
(31, 'BV', ' ', 'Bouvet Island', 'le Bouvet'),
(32, 'BR', '', 'Brazil', 'Brsil'),
(33, 'IO', '   ', 'British Indian Ocean Territory', 'Territoire Britannique de l\'Ocan Indien'),
(34, 'BN', '', 'Brunei Darussalam', 'Bruni Darussalam'),
(35, 'BG', '', 'Bulgaria', 'Bulgarie'),
(36, 'BF', ' ', 'Burkina Faso', 'Burkina Faso'),
(37, 'BI', '', 'Burundi', 'Burundi'),
(38, 'CV', ' ', 'Cabo Verde', 'Cabo Verde'),
(39, 'KH', '', 'Cambodia', 'Cambodge'),
(40, 'CM', '', 'Cameroon', 'Cameroun'),
(41, 'CA', '', 'Canada', 'Canada'),
(42, 'KY', ' ', 'Cayman Islands', 'les Camans'),
(43, 'CF', '  ', 'Central African Republic', 'Rpublique Centrafricaine'),
(44, 'TD', '', 'Chad', 'Tchad'),
(45, 'CL', '', 'Chile', 'Chili'),
(46, 'CN', '', 'China', 'Chine'),
(47, 'CX', ' ', 'Christmas Island', 'le Christmas'),
(48, 'CC', ' ', 'Cocos (Keeling) Islands', 'les Cocos'),
(49, 'CO', '', 'Colombia', 'Colombie'),
(50, 'KM', ' ', 'Comoros', 'Comores'),
(51, 'CD', '  ', 'Congo (Democratic Republic)', 'Congo (Rpublique Dmocratique)'),
(52, 'CG', ' ', 'Congo', 'Congo'),
(53, 'CK', ' ', 'Cook Islands', 'les Cook'),
(54, 'CR', '', 'Costa Rica', 'Costa Rica'),
(55, 'CI', ' ', 'Cte d\'Ivoire', 'Cte d\'Ivoire'),
(56, 'HR', '', 'Croatia', 'Croatie'),
(57, 'CU', '', 'Cuba', 'Cuba'),
(58, 'CW', '', 'Curaao', 'Curaao'),
(59, 'CY', '', 'Cyprus', 'Chypre'),
(60, 'CZ', '', 'Czechia', 'Rpublique Tchque'),
(61, 'DK', '', 'Denmark', 'Danemark'),
(62, 'DJ', '', 'Djibouti', 'Djibouti'),
(63, 'DM', '', 'Dominica', 'Dominique'),
(64, 'DO', ' ', 'Dominican Republic', 'Rpublique Dominicaine'),
(65, 'EC', '', 'Ecuador', 'quateur'),
(66, 'EG', '', 'Egypt', 'gypte'),
(67, 'SV', '', 'El Salvador', 'El Salvador'),
(68, 'GQ', ' ', 'Equatorial Guinea', 'Guine quatoriale'),
(69, 'ER', '', 'Eritrea', 'rythre'),
(70, 'EE', '', 'Estonia', 'Estonie'),
(71, 'SZ', '', 'Eswatini', 'Eswatini'),
(72, 'ET', '', 'Ethiopia', 'thiopie'),
(73, 'FK', ' ', 'Falkland Islands', 'les Malouines'),
(74, 'FO', ' ', 'Faroe Islands', 'les Fro'),
(75, 'FJ', '', 'Fiji', 'Fidji'),
(76, 'FI', '', 'Finland', 'Finlande'),
(77, 'FR', '', 'France', 'France'),
(78, 'GF', ' ', 'French Guiana', 'Guyane Franaise'),
(79, 'PF', ' ', 'French Polynesia', 'Polynsie Franaise'),
(80, 'TF', '  ', 'French Southern Territories', 'Terres Australes Franaises'),
(81, 'GA', '', 'Gabon', 'Gabon'),
(82, 'GM', '', 'Gambia', 'Gambie'),
(83, 'GE', '', 'Georgia', 'Gorgie'),
(84, 'DE', '', 'Germany', 'Allemagne'),
(85, 'GH', '', 'Ghana', 'Ghana'),
(86, 'GI', ' ', 'Gibraltar', 'Gibraltar'),
(87, 'GR', '', 'Greece', 'Grce'),
(88, 'GL', '', 'Greenland', 'Groenland'),
(89, 'GD', '', 'Grenada', 'Grenade'),
(90, 'GP', '', 'Guadeloupe', 'Guadeloupe'),
(91, 'GU', '', 'Guam', 'Guam'),
(92, 'GT', '', 'Guatemala', 'Guatemala'),
(93, 'GG', '', 'Guernsey', 'Guernesey'),
(94, 'GN', '', 'Guinea', 'Guine'),
(95, 'GW', ' ', 'Guinea-Bissau', 'Guine-Bissau'),
(96, 'GY', '', 'Guyana', 'Guyana'),
(97, 'HT', '', 'Haiti', 'Hati'),
(98, 'HM', '   ', 'Heard Island and McDonald Islands', 'le Heard-et-les MacDonald'),
(99, 'VA', '', 'Holy See', 'Saint-Sige'),
(100, 'HN', '', 'Honduras', 'Honduras'),
(101, 'HK', ' ', 'Hong Kong', 'Hong Kong'),
(102, 'HU', '', 'Hungary', 'Hongrie'),
(103, 'IS', '', 'Iceland', 'Islande'),
(104, 'IN', '', 'India', 'Inde'),
(105, 'ID', '', 'Indonesia', 'Indonsie'),
(106, 'IR', '', 'Iran', 'Iran'),
(107, 'IQ', '', 'Iraq', 'Irak'),
(108, 'IE', '', 'Ireland', 'Irlande'),
(109, 'IM', ' ', 'Isle of Man', 'le de Man'),
(110, 'IL', '', 'Israel', 'Isral'),
(111, 'IT', '', 'Italy', 'Italie'),
(112, 'JM', '', 'Jamaica', 'Jamaque'),
(113, 'JP', '', 'Japan', 'Japon'),
(114, 'JE', '', 'Jersey', 'Jersey'),
(115, 'JO', '', 'Jordan', 'Jordanie'),
(116, 'KZ', '', 'Kazakhstan', 'Kazakhstan'),
(117, 'KE', '', 'Kenya', 'Kenya'),
(118, 'KI', '', 'Kiribati', 'Kiribati'),
(119, 'KP', ' ', 'Korea (North)', 'Core du Nord'),
(120, 'KR', ' ', 'Korea (South)', 'Core du Sud'),
(121, 'KW', '', 'Kuwait', 'Kowet'),
(122, 'KG', '', 'Kyrgyzstan', 'Kirghizistan'),
(123, 'LA', '', 'Laos', 'Laos'),
(124, 'LV', '', 'Latvia', 'Lettonie'),
(125, 'LB', '', 'Lebanon', 'Liban'),
(126, 'LS', '', 'Lesotho', 'Lesotho'),
(127, 'LR', '', 'Liberia', 'Libria'),
(128, 'LY', '', 'Libya', 'Libye'),
(129, 'LI', '', 'Liechtenstein', 'Liechtenstein'),
(130, 'LT', '', 'Lithuania', 'Lituanie'),
(131, 'LU', '', 'Luxembourg', 'Luxembourg'),
(132, 'MO', '', 'Macao', 'Macao'),
(133, 'MG', '', 'Madagascar', 'Madagascar'),
(134, 'MW', '', 'Malawi', 'Malawi'),
(135, 'MY', '', 'Malaysia', 'Malaisie'),
(136, 'MV', ' ', 'Maldives', 'Maldives'),
(137, 'ML', '', 'Mali', 'Mali'),
(138, 'MT', '', 'Malta', 'Malte'),
(139, 'MH', ' ', 'Marshall Islands', 'les Marshall'),
(140, 'MQ', '', 'Martinique', 'Martinique'),
(141, 'MR', '', 'Mauritania', 'Mauritanie'),
(142, 'MU', '', 'Mauritius', 'Maurice'),
(143, 'YT', '', 'Mayotte', 'Mayotte'),
(144, 'MX', '', 'Mexico', 'Mexique'),
(145, 'FM', '', 'Micronesia', 'Micronsie'),
(146, 'MD', '', 'Moldova', 'Moldavie'),
(147, 'MC', '', 'Monaco', 'Monaco'),
(148, 'MN', '', 'Mongolia', 'Mongolie'),
(149, 'ME', ' ', 'Montenegro', 'Montngro'),
(150, 'MS', '', 'Montserrat', 'Montserrat'),
(151, 'MA', '', 'Morocco', 'Maroc'),
(152, 'MZ', '', 'Mozambique', 'Mozambique'),
(153, 'MM', '', 'Myanmar', 'Myanmar'),
(154, 'NA', '', 'Namibia', 'Namibie'),
(155, 'NR', '', 'Nauru', 'Nauru'),
(156, 'NP', '', 'Nepal', 'Npal'),
(157, 'NL', '', 'Netherlands', 'Pays-Bas'),
(158, 'NC', ' ', 'New Caledonia', 'Nouvelle-Caldonie'),
(159, 'NZ', '', 'New Zealand', 'Nouvelle-Zlande'),
(160, 'NI', '', 'Nicaragua', 'Nicaragua'),
(161, 'NE', '', 'Niger', 'Niger'),
(162, 'NG', '', 'Nigeria', 'Nigria'),
(163, 'NU', '', 'Niue', 'Niue'),
(164, 'NF', ' ', 'Norfolk Island', 'le Norfolk'),
(165, 'MK', ' ', 'North Macedonia', 'Macdoine du Nord'),
(166, 'MP', '  ', 'Northern Mariana Islands', 'les Mariannes du Nord'),
(167, 'NO', '', 'Norway', 'Norvge'),
(168, 'OM', '', 'Oman', 'Oman'),
(169, 'PK', '', 'Pakistan', 'Pakistan'),
(170, 'PW', '', 'Palau', 'Palaos'),
(171, 'PS', '', 'Palestine', 'Palestine'),
(172, 'PA', '', 'Panama', 'Panama'),
(173, 'PG', '  ', 'Papua New Guinea', 'Papouasie-Nouvelle-Guine'),
(174, 'PY', '', 'Paraguay', 'Paraguay'),
(175, 'PE', '', 'Peru', 'Prou'),
(176, 'PH', '', 'Philippines', 'Philippines'),
(177, 'PN', ' ', 'Pitcairn', 'Pitcairn'),
(178, 'PL', '', 'Poland', 'Pologne'),
(179, 'PT', '', 'Portugal', 'Portugal'),
(180, 'PR', '', 'Puerto Rico', 'Porto Rico'),
(181, 'QA', '', 'Qatar', 'Qatar'),
(182, 'RE', '', 'Runion', 'Runion'),
(183, 'RO', '', 'Romania', 'Roumanie'),
(184, 'RU', '', 'Russia', 'Russie'),
(185, 'RW', '', 'Rwanda', 'Rwanda'),
(186, 'BL', ' ', 'Saint Barthlemy', 'Saint-Barthlemy'),
(187, 'SH', '     ', 'Saint Helena', 'Sainte-Hlne'),
(188, 'KN', '  ', 'Saint Kitts and Nevis', 'Saint-Kitts-et-Nevis'),
(189, 'LC', ' ', 'Saint Lucia', 'Sainte-Lucie'),
(190, 'MF', ' ', 'Saint Martin.', 'Saint-Martin.'),
(191, 'PM', '  ', 'Saint Pierre and Miquelon', 'Saint-Pierre-et-Miquelon'),
(192, 'VC', '  ', 'Saint Vincent and the Grenadines', 'Saint-Vincent-et-les-Grenadines'),
(193, 'WS', '', 'Samoa', 'Samoa'),
(194, 'SM', ' ', 'San Marino', 'Saint-Marin'),
(195, 'ST', '  ', 'Sao Tome and Principe', 'Sao Tom-et-Principe'),
(196, 'SA', '', 'Saudi Arabia', 'Arabie Saoudite'),
(197, 'SN', '', 'Senegal', 'Sngal'),
(198, 'RS', '', 'Serbia', 'Serbie'),
(199, 'SC', '', 'Seychelles', 'Seychelles'),
(200, 'SL', '', 'Sierra Leone', 'Sierra Leone'),
(201, 'SG', '', 'Singapore', 'Singapour'),
(202, 'SX', ' ', 'Sint Maarten', 'Saint-Martin'),
(203, 'SK', '', 'Slovakia', 'Slovaquie'),
(204, 'SI', '', 'Slovenia', 'Slovnie'),
(205, 'SB', ' ', 'Solomon Islands', 'les Salomon'),
(206, 'SO', '', 'Somalia', 'Somalie'),
(207, 'ZA', ' ', 'South Africa', 'Afrique du Sud'),
(208, 'GS', '    ', 'South Georgia and South Sandwich Islands', 'Gorgie du Sud-et-les les Sandwich du Sud'),
(209, 'SS', ' ', 'South Sudan', 'Soudan du Sud'),
(210, 'ES', '', 'Spain', 'Espagne'),
(211, 'LK', '', 'Sri Lanka', 'Sri Lanka'),
(212, 'SD', '', 'Sudan', 'Soudan'),
(213, 'SR', '', 'Suriname', 'Suriname'),
(214, 'SJ', '  ', 'Svalbard and Jan Mayen', 'Svalbard et Jan Mayen'),
(215, 'SE', '', 'Sweden', 'Sude'),
(216, 'CH', '', 'Switzerland', 'Suisse'),
(217, 'SY', '', 'Syria', 'Syrie'),
(218, 'TW', '', 'Taiwan', 'Tawan'),
(219, 'TJ', '', 'Tajikistan', 'Tadjikistan'),
(220, 'TZ', '', 'Tanzania', 'Tanzanie'),
(221, 'TH', '', 'Thailand', 'Thalande'),
(222, 'TL', ' ', 'Timor-Leste', 'Timor-Leste'),
(223, 'TG', '', 'Togo', 'Togo'),
(224, 'TK', '', 'Tokelau', 'Tokelau'),
(225, 'TO', '', 'Tonga', 'Tonga'),
(226, 'TT', ' ', 'Trinidad and Tobago', 'Trinit-et-Tobago'),
(227, 'TN', '', 'Tunisia', 'Tunisie'),
(228, 'TR', '', 'Trkiye', 'Turquie'),
(229, 'TM', '', 'Turkmenistan', 'Turkmnistan'),
(230, 'TC', '  ', 'Turks and Caicos Islands', 'les Turques-et-Caques'),
(231, 'TV', '', 'Tuvalu', 'Tuvalu'),
(232, 'UG', '', 'Uganda', 'Ouganda'),
(233, 'UA', '', 'Ukraine', 'Ukraine'),
(234, 'AE', '  ', 'United Arab Emirates', 'mirats Arabes Unis'),
(235, 'GB', ' ', 'United Kingdom', 'Royaume-Uni'),
(236, 'UM', '    ', 'United States Minor Outlying Islands', 'les Mineures loignes des tats-Unis'),
(237, 'US', ' ', 'United States', 'tats-Unis'),
(238, 'UY', '', 'Uruguay', 'Uruguay'),
(239, 'UZ', '', 'Uzbekistan', 'Ouzbkistan'),
(240, 'VU', '', 'Vanuatu', 'Vanuatu'),
(241, 'VE', '', 'Venezuela', 'Venezuela'),
(242, 'VN', '', 'Vietnam', 'Vit Nam'),
(243, 'VG', '  ', 'Virgin Islands (British)', 'les Vierges Britanniques'),
(244, 'VI', '  ', 'Virgin Islands (U.S.)', 'les Vierges des tats-Unis'),
(245, 'WF', ' ', 'Wallis and Futuna', 'Wallis-et-Futuna'),
(246, 'EH', ' ', 'Western Sahara', 'Sahara Occidental'),
(247, 'YE', '', 'Yemen', 'Ymen'),
(248, 'ZM', '', 'Zambia', 'Zambie'),
(249, 'ZW', '', 'Zimbabwe', 'Zimbabwe');

-- --------------------------------------------------------

--
-- Table structure for table `t_01_02_03`
--

CREATE TABLE `t_01_02_03` (
  `f_00` bigint(20) NOT NULL,
  `f_01` varchar(10) NOT NULL,
  `f_02` varchar(100) DEFAULT NULL,
  `f_03` varchar(100) DEFAULT NULL,
  `f_04` varchar(100) NOT NULL
) ENGINE=InnoDB DEFAULT CHARSET=utf8mb4 COLLATE=utf8mb4_general_ci;

--
-- Dumping data for table `t_01_02_03`
--

INSERT INTO `t_01_02_03` (`f_00`, `f_01`, `f_02`, `f_03`, `f_04`) VALUES
(1, '01', '', 'Adrar', 'Adrar'),
(2, '02', '', 'Chlef', 'Chlef'),
(3, '03', '', 'Laghouat', 'Laghouat'),
(4, '04', ' ', 'Oum El Bouaghi', 'Oum El Bouaghi'),
(5, '05', '', 'Batna', 'Batna'),
(6, '06', '', 'Bejaia', 'Bjaa'),
(7, '07', '', 'Biskra', 'Biskra'),
(8, '08', '', 'Bechar', 'Bchar'),
(9, '09', '', 'Blida', 'Blida'),
(10, '10', '', 'Bouira', 'Boura'),
(11, '11', '', 'Tamanrasset', 'Tamanrasset'),
(12, '12', '', 'Tebessa', 'Tbessa'),
(13, '13', '', 'Tlemcen', 'Tlemcen'),
(14, '14', '', 'Tiaret', 'Tiaret'),
(15, '15', ' ', 'Tizi Ouzou', 'Tizi Ouzou'),
(16, '16', '', 'Alger', 'Alger'),
(17, '17', '', 'Djelfa', 'Djelfa'),
(18, '18', '', 'Jijel', 'Jijel'),
(19, '19', '', 'Setif', 'Stif'),
(20, '20', '', 'Saida', 'Sada'),
(21, '21', '', 'Skikda', 'Skikda'),
(22, '22', ' ', 'Sidi Bel Abbes', 'Sidi Bel Abbs'),
(23, '23', '', 'Annaba', 'Annaba'),
(24, '24', '', 'Guelma', 'Guelma'),
(25, '25', '', 'Constantine', 'Constantine'),
(26, '26', '', 'Medea', 'Mda'),
(27, '27', '', 'Mostaganem', 'Mostaganem'),
(28, '28', '', 'M\'Sila', 'M\'Sila'),
(29, '29', '', 'Mascara', 'Mascara'),
(30, '30', '', 'Ouargla', 'Ouargla'),
(31, '31', '', 'Oran', 'Oran'),
(32, '32', '', 'El Bayadh', 'El Bayadh'),
(33, '33', '', 'Illizi', 'Illizi'),
(34, '34', ' ', 'Bordj Bou Arreridj', 'Bordj Bou Arrridj'),
(35, '35', '', 'Boumerdes', 'Boumerds'),
(36, '36', '', 'El Tarf', 'El Tarf'),
(37, '37', '', 'Tindouf', 'Tindouf'),
(38, '38', '', 'Tissemsilt', 'Tissemsilt'),
(39, '39', '', 'El Oued', 'El Oued'),
(40, '40', '', 'Khenchela', 'Khenchela'),
(41, '41', ' ', 'Souk Ahras', 'Souk Ahras'),
(42, '42', '', 'Tipaza', 'Tipaza'),
(43, '43', '', 'Mila', 'Mila'),
(44, '44', ' ', 'Ain Defla', 'An Defla'),
(45, '45', '', 'Nama', 'Nama'),
(46, '46', ' ', 'Ain Temouchent', 'An Tmouchent'),
(47, '47', '', 'Ghardaia', 'Ghardaa'),
(48, '48', '', 'Relizane', 'Relizane'),
(49, '49', '', 'Timimoun', 'Timimoun'),
(50, '50', '  ', 'Bordj Baji Mokhtar', 'Bordj Baji Mokhtar'),
(51, '51', ' ', 'Ouled Djellal', 'Ouled Djellal'),
(52, '52', ' ', 'Beni Abbes', 'Bni Abbs'),
(53, '53', ' ', 'In Salah', 'In Salah'),
(54, '54', ' ', 'In Guezzam', 'In Guezzam'),
(55, '55', '', 'Touggourt', 'Touggourt'),
(56, '56', '', 'Djanet', 'Djanet'),
(57, '57', '', 'El M\'Ghair', 'El M\'Ghair'),
(58, '58', '', 'El Menia', 'El Menia');

-- --------------------------------------------------------

--
-- Table structure for table `t_01_02_04`
--

CREATE TABLE `t_01_02_04` (
  `f_00` bigint(20) NOT NULL,
  `f_01` varchar(10) NOT NULL,
  `f_02` varchar(100) DEFAULT NULL,
  `f_03` varchar(100) DEFAULT NULL,
  `f_04` varchar(100) NOT NULL,
  `f_05` bigint(20) NOT NULL
) ENGINE=InnoDB DEFAULT CHARSET=utf8mb4 COLLATE=utf8mb4_general_ci;

--
-- Dumping data for table `t_01_02_04`
--

INSERT INTO `t_01_02_04` (`f_00`, `f_01`, `f_02`, `f_03`, `f_04`, `f_05`) VALUES
(1, '101', '', 'Adrar', 'Adrar', 1),
(2, '104', '', 'Reggane', 'Reggane', 1),
(3, '108', '', 'Tsabit', 'Tsabit', 1),
(4, '111', ' ', 'Zaouiat Kounta', 'Zaouiat Kounta', 1),
(5, '112', '', 'Aoulef', 'Aoulef', 1),
(6, '115', '', 'Fenoughil', 'Fenoughil', 1),
(7, '201', '', 'Chlef', 'Chlef', 2),
(8, '202', '', 'Tenes', 'Tenes', 2),
(9, '204', '', 'El Karimia', 'El Karimia', 2),
(10, '206', '', 'Taougrit', 'Taougrit', 2),
(11, '207', ' ', 'Beni Haoua', 'Beni Haoua', 2),
(12, '210', ' ', 'Ouled Fares', 'Ouled Fares', 2),
(13, '212', '', 'Boukadir', 'Boukadir', 2),
(14, '220', '', 'Zeboudja', 'Zeboudja', 2),
(15, '222', ' ', 'Abou El Hassane', 'Abou El Hassane', 2),
(16, '223', '', 'El Marsa', 'El Marsa', 2),
(17, '229', ' ', 'Oued Fodda', 'Oued Fodda', 2),
(18, '230', '   ', 'Ouled Ben Abdelkader', 'Ouled Ben Abdelkader', 2),
(19, '232', ' ', 'Ain Merane', 'Ain Merane', 2),
(20, '301', '', 'Laghouat', 'Laghouat', 3),
(21, '302', ' ', 'Ksar El Hirane', 'Ksar El Hirane', 3),
(22, '304', ' ', 'Sidi Makhlouf', 'Sidi Makhlouf', 3),
(23, '306', ' ', 'Hassi R\'mel', 'Hassi R\'mel', 3),
(24, '307', ' ', 'Ain Madhi', 'Ain Madhi', 3),
(25, '310', '  ', 'Gueltat Sidi Saad', 'Gueltat Sidi Saad', 3),
(26, '313', '', 'Brida', 'Brida', 3),
(27, '314', '', 'El Ghicha', 'El Ghicha', 3),
(28, '319', '', 'Aflou', 'Aflou', 3),
(29, '321', ' ', 'Oued Morra', 'Oued Morra', 3),
(30, '401', ' ', 'Oum El Bouaghi', 'Oum El Bouaghi', 4),
(31, '402', ' ', 'Ain Beida', 'Ain Beida', 4),
(32, '403', ' ', 'Ain M\'lila', 'Ain M\'lila', 4),
(33, '406', '', 'Sigus', 'Sigus', 4),
(34, '408', ' ', 'Ain Babouche', 'Ain Babouche', 4),
(35, '411', '', 'Dhalaa', 'Dhalaa', 4),
(36, '412', ' ', 'Ain Kercha', 'Ain Kercha', 4),
(37, '416', '', 'F\'kirina', 'F\'kirina', 4),
(38, '417', ' ', 'Souk Naamane', 'Souk Naamane', 4),
(39, '422', ' ', 'Ksar Sbahi', 'Ksar Sbahi', 4),
(40, '424', '', 'Meskiana', 'Meskiana', 4),
(41, '425', ' ', 'Ain Fekroun', 'Ain Fekroun', 4),
(42, '501', '', 'Batna', 'Batna', 5),
(43, '504', '', 'Merouana', 'Merouana', 5),
(44, '505', '', 'Seriana', 'Seriana', 5),
(45, '506', '', 'Menaa', 'Menaa', 5),
(46, '507', '', 'El Madher', 'El Madher', 5),
(47, '508', '', 'Tazoult', 'Tazoult', 5),
(48, '509', '', 'N\'gaous', 'N\'gaous', 5),
(49, '516', '', 'Arris', 'Arris', 5),
(50, '519', ' ', 'Ain Djasser', 'Ain Djasser', 5),
(51, '529', '', 'Seggana', 'Seggana', 5),
(52, '530', '', 'Ichemoul', 'Ichemoul', 5),
(53, '535', '', 'Bouzina', 'Bouzina', 5),
(54, '536', '', 'Chemora', 'Chemora', 5),
(55, '542', '', 'Barika', 'Barika', 5),
(56, '543', '', 'Djezzar', 'Djezzar', 5),
(57, '544', '', 'Tkout', 'Tkout', 5),
(58, '545', ' ', 'Ain Touta', 'Ain Touta', 5),
(59, '547', ' ', 'Theniet El Abed', 'Theniet El Abed', 5),
(60, '550', '', 'Timgad', 'Timgad', 5),
(61, '551', ' ', 'Ras El Aioun', 'Ras El Aioun', 5),
(62, '553', '  ', 'Ouled Si Slimane', 'Ouled Si Slimane', 5),
(63, '601', '', 'Bejaia', 'Bejaia', 6),
(64, '602', '', 'Amizour', 'Amizour', 6),
(65, '607', '', 'Timezrit', 'Timezrit', 6),
(66, '608', ' ', 'Souk El Tenine', 'Souk El Tenine', 6),
(67, '611', '', 'Tichy', 'Tichy', 6),
(68, '617', ' ', 'Ighil Ali', 'Ighil Ali', 6),
(69, '620', '', 'Darguina', 'Darguina', 6),
(70, '622', '', 'Aokas', 'Aokas', 6),
(71, '624', '', 'Adekar', 'Adekar', 6),
(72, '625', '', 'Akbou', 'Akbou', 6),
(73, '626', '', 'Seddouk', 'Seddouk', 6),
(74, '627', '', 'Tazmalt', 'Tazmalt', 6),
(75, '629', '', 'Chemini', 'Chemini', 6),
(76, '634', '', 'Barbacha', 'Barbacha', 6),
(77, '636', ' ', 'Ifri Ouzellaguene', 'Ifri Ouzellaguene', 6),
(78, '639', ' ', 'Sidi Aich', 'Sidi Aich', 6),
(79, '640', '', 'El Kseur', 'El Kseur', 6),
(80, '644', '', 'Kherrata', 'Kherrata', 6),
(81, '650', ' ', 'Beni Maouche', 'Beni Maouche', 6),
(82, '701', '', 'Biskra', 'Biskra', 7),
(83, '711', ' ', 'Sidi Okba', 'Sidi Okba', 7),
(84, '712', '', 'Mechouneche', 'Mechouneche', 7),
(85, '715', ' ', 'Zeribet El Oued', 'Zeribet El Oued', 7),
(86, '717', '', 'El Kantara', 'El Kantara', 7),
(87, '719', '', 'El Outaya', 'El Outaya', 7),
(88, '720', '', 'Djemorah', 'Djemorah', 7),
(89, '721', '', 'Tolga', 'Tolga', 7),
(90, '724', '', 'Ourlal', 'Ourlal', 7),
(91, '726', '', 'Foughala', 'Foughala', 7),
(92, '801', '', 'Bechar', 'Bechar', 8),
(93, '806', '', 'Lahmar', 'Lahmar', 8),
(94, '810', '', 'Kenadsa', 'Kenadsa', 8),
(95, '812', '', 'Tabelbala', 'Tabelbala', 8),
(96, '813', '', 'Taghit', 'Taghit', 8),
(97, '817', '', 'Abadla', 'Abadla', 8),
(98, '821', ' ', 'Beni Ounif', 'Beni Ounif', 8),
(99, '901', '', 'Blida', 'Blida', 9),
(100, '903', '', 'Bouinan', 'Bouinan', 9),
(101, '904', ' ', 'Oued El Alleug', 'Oued El Alleug', 9),
(102, '905', ' ', 'Ouled Yaich', 'Ouled Yaich', 9),
(103, '907', '', 'El Affroun', 'El Affroun', 9),
(104, '912', '', 'Mouzaia', 'Mouzaia', 9),
(105, '914', '', 'Meftah', 'Meftah', 9),
(106, '916', '', 'Boufarik', 'Boufarik', 9),
(107, '917', '', 'Larbaa', 'Larbaa', 9),
(108, '922', '', 'Bougara', 'Bougara', 9),
(109, '1001', '', 'Bouira', 'Bouira', 10),
(110, '1004', ' ', 'Souk El Khemis', 'Souk El Khemis', 10),
(111, '1005', '', 'Kadiria', 'Kadiria', 10),
(112, '1012', '', 'Haizer', 'Haizer', 10),
(113, '1013', '', 'Lakhdaria', 'Lakhdaria', 10),
(114, '1015', '', 'El Hachimia', 'El Hachimia', 10),
(115, '1018', ' ', 'Bordj Okhriss', 'Bordj Okhriss', 10),
(116, '1033', '', 'Bechloul', 'Bechloul', 10),
(117, '1035', ' ', 'Ain Bessem', 'Ain Bessem', 10),
(118, '1036', ' ', 'Bir Ghbalou', 'Bir Ghbalou', 10),
(119, '1037', ' ', 'M\'chedallah', 'M\'chedallah', 10),
(120, '1038', ' ', 'Sour El Ghozlane', 'Sour El Ghozlane', 10),
(121, '1101', '', 'Tamanrasset', 'Tamanrasset', 11),
(122, '1102', '', 'Silet', 'Silet', 11),
(123, '1106', '', 'Tazrouk', 'Tazrouk', 11),
(124, '1201', '', 'Tebessa', 'Tebessa', 12),
(125, '1202', ' ', 'Bir El Ater', 'Bir El Ater', 12),
(126, '1203', '', 'Cheria', 'Cheria', 12),
(127, '1205', '', 'El Aouinet', 'El Aouinet', 12),
(128, '1209', '', 'Negrine', 'Negrine', 12),
(129, '1210', ' ', 'Bir Mokadem', 'Bir Mokadem', 12),
(130, '1211', '', 'El Kouif', 'El Kouif', 12),
(131, '1212', '', 'Morsott', 'Morsott', 12),
(132, '1213', '', 'El Ogla', 'El Ogla', 12),
(133, '1219', '', 'Ouenza', 'Ouenza', 12),
(134, '1220', ' ', 'El Malabiod', 'El Malabiod', 12),
(135, '1221', ' ', 'Oum Ali', 'Oum Ali', 12),
(136, '1301', '', 'Tlemcen', 'Tlemcen', 13),
(137, '1303', ' ', 'Ain Tellout', 'Ain Tellout', 13),
(138, '1304', '', 'Remchi', 'Remchi', 13),
(139, '1306', '', 'Sabra', 'Sabra', 13),
(140, '1307', '', 'Ghazaouet', 'Ghazaouet', 13),
(141, '1313', ' ', 'Ouled Mimoun', 'Ouled Mimoun', 13),
(142, '1317', ' ', 'Beni Snous', 'Beni Snous', 13),
(143, '1318', ' ', 'Bab El Assa', 'Bab El Assa', 13),
(144, '1320', '', 'Fellaoucene', 'Fellaoucene', 13),
(145, '1324', ' ', 'Bensekrane', 'Bensekrane', 13),
(146, '1326', '', 'Hennaya', 'Hennaya', 13),
(147, '1327', '', 'Maghnia', 'Maghnia', 13),
(148, '1335', '', 'Sebdou', 'Sebdou', 13),
(149, '1338', ' ', 'Beni Boussaid', 'Beni Boussaid', 13),
(150, '1339', '  ', 'Marsa Ben Mehdi', 'Marsa Ben Mehdi', 13),
(151, '1340', '', 'Nedroma', 'Nedroma', 13),
(152, '1341', ' ', 'Sidi Djillali', 'Sidi Djillali', 13),
(153, '1344', '', 'Honnaine', 'Honnaine', 13),
(154, '1350', '', 'Chetouane', 'Chetouane', 13),
(155, '1351', '', 'Mansourah', 'Mansourah', 13),
(156, '1401', '', 'Tiaret', 'Tiaret', 14),
(157, '1402', '', 'Medroussa', 'Medroussa', 14),
(158, '1406', ' ', 'Ain Deheb', 'Ain Deheb', 14),
(159, '1413', '', 'Dahmouni', 'Dahmouni', 14),
(160, '1414', '', 'Rahouia', 'Rahouia', 14),
(161, '1415', '', 'Mahdia', 'Mahdia', 14),
(162, '1416', '', 'Sougueur', 'Sougueur', 14),
(163, '1421', '', 'Meghila', 'Meghila', 14),
(164, '1427', '', 'Frenda', 'Frenda', 14),
(165, '1428', ' ', 'Ain Kermes', 'Ain Kermes', 14),
(166, '1429', ' ', 'Ksar Chellala', 'Ksar Chellala', 14),
(167, '1433', ' ', 'Oued Lili', 'Oued Lili', 14),
(168, '1434', ' ', 'Mechraa Sfa', 'Mechraa Sfa', 14),
(169, '1435', '', 'Hamadia', 'Hamadia', 14),
(170, '1501', ' ', 'Tizi Ouzou', 'Tizi Ouzou', 15),
(171, '1502', ' ', 'Ain El Hammam', 'Ain El Hammam', 15),
(172, '1509', '', 'Makouda', 'Makouda', 15),
(173, '1510', ' ', 'Draa El Mizan', 'Draa El Mizan', 15),
(174, '1511', ' ', 'Tizi-Ghenif', 'Tizi-Ghenif', 15),
(175, '1517', '', 'Iferhounene', 'Iferhounene', 15),
(176, '1518', '', 'Azazga', 'Azazga', 15),
(177, '1521', '  ', 'Larbaa Nath Iraten', 'Larbaa Nath Iraten', 15),
(178, '1522', ' ', 'Tizi Rached', 'Tizi Rached', 15),
(179, '1524', '', 'Ouaguenoun', 'Ouaguenoun', 15),
(180, '1529', '', 'Maatkas', 'Maatkas', 15),
(181, '1532', ' ', 'Beni Douala', 'Beni Douala', 15),
(182, '1534', '', 'Bouzeguene', 'Bouzeguene', 15),
(183, '1536', '', 'Ouadhias', 'Ouadhias', 15),
(184, '1537', '', 'Azeffoun', 'Azeffoun', 15),
(185, '1538', '', 'Tigzirt', 'Tigzirt', 15),
(186, '1540', '', 'Boghni', 'Boghni', 15),
(187, '1547', '  ', 'Draa Ben Khedda', 'Draa Ben Khedda', 15),
(188, '1548', '', 'Ouacif', 'Ouacif', 15),
(189, '1550', '', 'Mekla', 'Mekla', 15),
(190, '1552', ' ', 'Benni Yenni', 'Benni Yenni', 15),
(191, '1602', ' ', 'Sidi M\'hamed', 'Sidi M\'hamed', 16),
(192, '1605', ' ', 'Bab El Oued', 'Bab El Oued', 16),
(193, '1609', '  ', 'Bir Mourad Rais', 'Bir Mourad Rais', 16),
(194, '1611', '', 'Bouzareah', 'Bouzareah', 16),
(195, '1613', '', 'El Harrach', 'El Harrach', 16),
(196, '1614', '', 'Baraki', 'Baraki', 16),
(197, '1617', ' ', 'Hussein Dey', 'Hussein Dey', 16),
(198, '1620', ' ', 'Dar El Beida', 'Dar El Beida', 16),
(199, '1636', ' ', 'Birtouta', 'Birtouta', 16),
(200, '1638', '', 'Rouiba', 'Rouiba', 16),
(201, '1644', '', 'Zeralda', 'Zeralda', 16),
(202, '1649', '', 'Draria', 'Draria', 16),
(203, '1652', '', 'Cheraga', 'Cheraga', 16),
(204, '1701', '', 'Djelfa', 'Djelfa', 17),
(205, '1704', ' ', 'Hassi Bahbah', 'Hassi Bahbah', 17),
(206, '1707', ' ', 'Faidh El Botma', 'Faidh El Botma', 17),
(207, '1708', '', 'Birine', 'Birine', 17),
(208, '1714', '', 'El Idrissia', 'El Idrissia', 17),
(209, '1717', '', 'Messaad', 'Messaad', 17),
(210, '1719', ' ', 'Sidi Laadjel', 'Sidi Laadjel', 17),
(211, '1720', ' ', 'Had Sahary', 'Had Sahary', 17),
(212, '1725', ' ', 'Dar Chioukh', 'Dar Chioukh', 17),
(213, '1726', '', 'Charef', 'Charef', 17),
(214, '1730', ' ', 'Ain El Ibel', 'Ain El Ibel', 17),
(215, '1731', ' ', 'Ain Oussera', 'Ain Oussera', 17),
(216, '1801', '', 'Jijel', 'Jijel', 18),
(217, '1803', '', 'El Aouana', 'El Aouana', 18),
(218, '1804', ' ', 'Ziamah Mansouriah', 'Ziamah Mansouriah', 18),
(219, '1805', '', 'Taher', 'Taher', 18),
(220, '1807', '', 'Chekfa', 'Chekfa', 18),
(221, '1809', '', 'El Milia', 'El Milia', 18),
(222, '1810', ' ', 'Sidi Marouf', 'Sidi Marouf', 18),
(223, '1811', '', 'Settara', 'Settara', 18),
(224, '1812', '', 'El Ancer', 'El Ancer', 18),
(225, '1817', '', 'Djimla', 'Djimla', 18),
(226, '1824', '', 'Texenna', 'Texenna', 18),
(227, '1901', '', 'Setif', 'Setif', 19),
(228, '1902', ' ', 'Ain El Kebira', 'Ain El Kebira', 19),
(229, '1903', ' ', 'Beni Aziz', 'Beni Aziz', 19),
(230, '1908', ' ', 'Bir El Arch', 'Bir El Arch', 19),
(231, '1916', '', 'Babor', 'Babor', 19),
(232, '1917', '', 'Guidjel', 'Guidjel', 19),
(233, '1920', '', 'El Eulma', 'El Eulma', 19),
(234, '1921', '', 'Djemila', 'Djemila', 19),
(235, '1922', ' ', 'Beni Ourtilane', 'Beni Ourtilane', 19),
(236, '1926', ' ', 'Ain Arnat', 'Ain Arnat', 19),
(237, '1927', '', 'Amoucha', 'Amoucha', 19),
(238, '1928', ' ', 'Ain Oulmene', 'Ain Oulmene', 19),
(239, '1930', '', 'Bouandas', 'Bouandas', 19),
(240, '1932', ' ', 'Hammam Sokhna', 'Hammam Sokhna', 19),
(241, '1939', ' ', 'Salah Bey', 'Salah Bey', 19),
(242, '1940', ' ', 'Ain Azel', 'Ain Azel', 19),
(243, '1941', '', 'Guenzet', 'Guenzet', 19),
(244, '1943', '', 'Bougaa', 'Bougaa', 19),
(245, '1950', ' ', 'Hammam Guergour', 'Hammam Guergour', 19),
(246, '1955', '', 'Maoklane', 'Maoklane', 19),
(247, '2001', '', 'Saida', 'Saida', 20),
(248, '2003', ' ', 'Ain El Hadjar', 'Ain El Hadjar', 20),
(249, '2006', '', 'Youb', 'Youb', 20),
(250, '2009', ' ', 'Sidi Boubekeur', 'Sidi Boubekeur', 20),
(251, '2010', '', 'El Hassasna', 'El Hassasna', 20),
(252, '2014', ' ', 'Ouled Brahim', 'Ouled Brahim', 20),
(253, '2101', '', 'Skikda', 'Skikda', 21),
(254, '2103', '', 'El Hadaiek', 'El Hadaiek', 21),
(255, '2104', '', 'Azzaba', 'Azzaba', 21),
(256, '2108', ' ', 'Ben Azzouz', 'Ben Azzouz', 21),
(257, '2110', '', 'Collo', 'Collo', 21),
(258, '2113', ' ', 'Ouled Attia', 'Ouled Attia', 21),
(259, '2115', '', 'Zitouna', 'Zitouna', 21),
(260, '2116', '', 'El Harrouch', 'El Harrouch', 21),
(261, '2119', ' ', 'Sidi Mezghiche', 'Sidi Mezghiche', 21),
(262, '2123', ' ', 'Ramdane Djamel', 'Ramdane Djamel', 21),
(263, '2126', '', 'Tamalous', 'Tamalous', 21),
(264, '2127', ' ', 'Ain Kechra', 'Ain Kechra', 21),
(265, '2128', ' ', 'Oum Toub', 'Oum Toub', 21),
(266, '2201', ' ', 'Sidi Bel Abbes', 'Sidi Bel Abbes', 22),
(267, '2202', '', 'Tessala', 'Tessala', 22),
(268, '2204', '  ', 'Mostefa  Ben Brahim', 'Mostefa  Ben Brahim', 22),
(269, '2205', '', 'Telagh', 'Telagh', 22),
(270, '2208', '  ', 'Sidi Ali Boussidi', 'Sidi Ali Boussidi', 22),
(271, '2210', '', 'Marhoum', 'Marhoum', 22),
(272, '2214', ' ', 'Sidi Lahcene', 'Sidi Lahcene', 22),
(273, '2217', '', 'Tenira', 'Tenira', 22),
(274, '2218', ' ', 'Moulay Slissen', 'Moulay Slissen', 22),
(275, '2222', '', 'Merine', 'Merine', 22),
(276, '2223', ' ', 'Ras El Ma', 'Ras El Ma', 22),
(277, '2228', ' ', 'Ain El Berd', 'Ain El Berd', 22),
(278, '2229', '', 'Sfisef', 'Sfisef', 22),
(279, '2245', ' ', 'Ben Badis', 'Ben Badis', 22),
(280, '2246', '   ', 'Sidi Ali Ben Youb', 'Sidi Ali Ben Youb', 22),
(281, '2301', '', 'Annaba', 'Annaba', 23),
(282, '2302', '', 'Berrahal', 'Berrahal', 23),
(283, '2303', '', 'El Hadjar', 'El Hadjar', 23),
(284, '2305', '', 'El Bouni', 'El Bouni', 23),
(285, '2309', ' ', 'Ain El Berda', 'Ain El Berda', 23),
(286, '2310', '', 'Chetaibi', 'Chetaibi', 23),
(287, '2401', '', 'Guelma', 'Guelma', 24),
(288, '2404', ' ', 'Oued Zenati', 'Oued Zenati', 24),
(289, '2413', ' ', 'Ain Makhlouf', 'Ain Makhlouf', 24),
(290, '2415', '', 'Khezaras', 'Khezaras', 24),
(291, '2418', ' ', 'Guelaat Bousbaa', 'Guelaat Bousbaa', 24),
(292, '2419', ' ', 'Hammam Debagh', 'Hammam Debagh', 24),
(293, '2422', ' ', 'Hammam N\'bails', 'Hammam N\'bails', 24),
(294, '2425', '', 'Bouchegouf', 'Bouchegouf', 24),
(295, '2426', '', 'Heliopolis', 'Heliopolis', 24),
(296, '2427', ' ', 'Ain Hessainia', 'Ain Hessainia', 24),
(297, '2501', '', 'Constantine', 'Constantine', 25),
(298, '2502', ' ', 'Hamma Bouziane', 'Hamma Bouziane', 25),
(299, '2504', ' ', 'Zighoud Youcef', 'Zighoud Youcef', 25),
(300, '2506', '', 'El Khroub', 'El Khroub', 25),
(301, '2507', ' ', 'Ain Abid', 'Ain Abid', 25),
(302, '2512', ' ', 'Ibn Ziad', 'Ibn Ziad', 25),
(303, '2601', '', 'Medea', 'Medea', 26),
(304, '2602', '', 'Ouzera', 'Ouzera', 26),
(305, '2604', ' ', 'Ain Boucif', 'Ain Boucif', 26),
(306, '2607', '', 'El Omaria', 'El Omaria', 26),
(307, '2609', ' ', 'Guelb El Kebir', 'Guelb El Kebir', 26),
(308, '2618', ' ', 'Chellalat El Adhaoura', 'Chellalat El Adhaoura', 26),
(309, '2626', ' ', 'Sidi Naamane', 'Sidi Naamane', 26),
(310, '2632', '', 'Aziz', 'Aziz', 26),
(311, '2633', '', 'Souaghi', 'Souaghi', 26),
(312, '2635', ' ', 'Ksar El Boukhari', 'Ksar El Boukhari', 26),
(313, '2636', '', 'El Azizia', 'El Azizia', 26),
(314, '2638', '', 'Chahbounia', 'Chahbounia', 26),
(315, '2643', '', 'Ouamri', 'Ouamri', 26),
(316, '2644', ' ', 'Si Mahdjoub', 'Si Mahdjoub', 26),
(317, '2646', ' ', 'Beni Slimane', 'Beni Slimane', 26),
(318, '2647', '', 'Berrouaghia', 'Berrouaghia', 26),
(319, '2648', '', 'Seghouane', 'Seghouane', 26),
(320, '2652', '', 'Tablat', 'Tablat', 26),
(321, '2658', ' ', 'Ouled Antar', 'Ouled Antar', 26),
(322, '2701', '', 'Mostaganem', 'Mostaganem', 27),
(323, '2705', ' ', 'Ain Nouicy', 'Ain Nouicy', 27),
(324, '2706', ' ', 'Hassi Mameche', 'Hassi Mameche', 27),
(325, '2707', ' ', 'Ain Tedeles', 'Ain Tedeles', 27),
(326, '2711', ' ', 'Kheir Eddine', 'Kheir Eddine', 27),
(327, '2712', ' ', 'Sidi Ali', 'Sidi Ali', 27),
(328, '2716', ' ', 'Sidi Lakhdar', 'Sidi Lakhdar', 27),
(329, '2717', '', 'Achaacha', 'Achaacha', 27),
(330, '2719', '', 'Bouguirat', 'Bouguirat', 27),
(331, '2722', '', 'Mesra', 'Mesra', 27),
(332, '2801', '', 'M\'sila', 'M\'sila', 28),
(333, '2803', ' ', 'Hammam Dalaa', 'Hammam Dalaa', 28),
(334, '2804', ' ', 'Ouled Derradj', 'Ouled Derradj', 28),
(335, '2807', '', 'Khoubana', 'Khoubana', 28),
(336, '2809', '', 'Chellal', 'Chellal', 28),
(337, '2811', '', 'Magra', 'Magra', 28),
(338, '2816', ' ', 'Sidi Aissa', 'Sidi Aissa', 28),
(339, '2817', ' ', 'Ain El Hadjel', 'Ain El Hadjel', 28),
(340, '2820', '', 'Bousaada', 'Bousaada', 28),
(341, '2821', '  ', 'Ouled Sidi Brahim', 'Ouled Sidi Brahim', 28),
(342, '2822', ' ', 'Sidi Ameur', 'Sidi Ameur', 28),
(343, '2824', ' ', 'Ben Srour', 'Ben Srour', 28),
(344, '2841', ' ', 'Ain El Melh', 'Ain El Melh', 28),
(345, '2842', '', 'Medjedel', 'Medjedel', 28),
(346, '2847', ' ', 'Djebel Messaad', 'Djebel Messaad', 28),
(347, '2901', '', 'Mascara', 'Mascara', 29),
(348, '2902', '', 'Bouhanifia', 'Bouhanifia', 29),
(349, '2903', '', 'Tizi', 'Tizi', 29),
(350, '2906', '', 'Tighennif', 'Tighennif', 29),
(351, '2907', '', 'Hachem', 'Hachem', 29),
(352, '2910', ' ', 'Oued El Abtal', 'Oued El Abtal', 29),
(353, '2912', '', 'Ghriss', 'Ghriss', 29),
(354, '2917', '', 'El Bordj', 'El Bordj', 29),
(355, '2918', ' ', 'Ain Fekan', 'Ain Fekan', 29),
(356, '2922', ' ', 'Oued Taria', 'Oued Taria', 29),
(357, '2923', '', 'Aouf', 'Aouf', 29),
(358, '2924', ' ', 'Ain Fares', 'Ain Fares', 29),
(359, '2926', '', 'Sig', 'Sig', 29),
(360, '2927', '', 'Oggaz', 'Oggaz', 29),
(361, '2930', '', 'Zahana', 'Zahana', 29),
(362, '2931', '', 'Mohammadia', 'Mohammadia', 29),
(363, '3001', '', 'Ouargla', 'Ouargla', 30),
(364, '3003', '', 'N\'goussa', 'N\'goussa', 30),
(365, '3004', ' ', 'Hassi Messaoud', 'Hassi Messaoud', 30),
(366, '3011', ' ', 'Sidi Khouiled', 'Sidi Khouiled', 30),
(367, '3021', '', 'El Borma', 'El Borma', 30),
(368, '3101', '', 'Oran', 'Oran', 31),
(369, '3102', '', 'Gdyel', 'Gdyel', 31),
(370, '3103', ' ', 'Bir El Djir', 'Bir El Djir', 31),
(371, '3105', '', 'Es Senia', 'Es Senia', 31),
(372, '3106', '', 'Arzew', 'Arzew', 31),
(373, '3107', '', 'Bethioua', 'Bethioua', 31),
(374, '3109', ' ', 'Ain Turk', 'Ain Turk', 31),
(375, '3111', ' ', 'Oued Tlelat', 'Oued Tlelat', 31),
(376, '3124', '', 'Boutlelis', 'Boutlelis', 31),
(377, '3201', '', 'El Bayadh', 'El Bayadh', 32),
(378, '3202', '', 'Rogassa', 'Rogassa', 32),
(379, '3203', '', 'Brezina', 'Brezina', 32),
(380, '3204', '', 'Boualem', 'Boualem', 32),
(381, '3205', '  ', 'Labiodh Sidi Cheikh', 'Labiodh Sidi Cheikh', 32),
(382, '3206', '', 'Bougtoub', 'Bougtoub', 32),
(383, '3207', '', 'Boussemghoun', 'Boussemghoun', 32),
(384, '3208', '', 'Chellala', 'Chellala', 32),
(385, '3301', '', 'Illizi', 'Illizi', 33),
(386, '3306', ' ', 'In Amenas', 'In Amenas', 33),
(387, '3401', ' ', 'Bordj Bou Arreridj', 'Bordj Bou Arreridj', 34),
(388, '3402', ' ', 'Ras El Oued', 'Ras El Oued', 34),
(389, '3403', ' ', 'Bordj Zemmoura', 'Bordj Zemmoura', 34),
(390, '3404', '', 'Mansourah', 'Mansourah', 34),
(391, '3408', ' ', 'Ain Taghrout', 'Ain Taghrout', 34),
(392, '3409', ' ', 'Bordj Ghedir', 'Bordj Ghedir', 34),
(393, '3411', '', 'El Hamadia', 'El Hamadia', 34),
(394, '3413', '', 'Medjana', 'Medjana', 34),
(395, '3415', '', 'Djaafra', 'Djaafra', 34),
(396, '3431', '  ', 'Bir Kasdali', 'Bir Kasdali', 34),
(397, '3501', '', 'Boumerdes', 'Boumerdes', 35),
(398, '3502', '', 'Boudouaou', 'Boudouaou', 35),
(399, '3504', ' ', 'Bordj Menaiel', 'Bordj Menaiel', 35),
(400, '3505', '', 'Baghlia', 'Baghlia', 35),
(401, '3507', '', 'Naciria', 'Naciria', 35),
(402, '3509', '', 'Isser', 'Isser', 35),
(403, '3514', '', 'Thenia', 'Thenia', 35),
(404, '3523', '', 'Dellys', 'Dellys', 35),
(405, '3531', ' ', 'Khemis El Khechna', 'Khemis El Khechna', 35),
(406, '3601', '', 'El Tarf', 'El Tarf', 36),
(407, '3602', '', 'Bouhadjar', 'Bouhadjar', 36),
(408, '3603', ' ', 'Ben M\'hidi', 'Ben M\'hidi', 36),
(409, '3605', '', 'El Kala', 'El Kala', 36),
(410, '3608', '', 'Bouteldja', 'Bouteldja', 36),
(411, '3613', '', 'Drean', 'Drean', 36),
(412, '3616', '', 'Besbes', 'Besbes', 36),
(413, '3701', '', 'Tindouf', 'Tindouf', 37),
(414, '3801', '', 'Tissemsilt', 'Tissemsilt', 38),
(415, '3802', ' ', 'Bordj Bounaama', 'Bordj Bounaama', 38),
(416, '3803', ' ', 'Theniet El Had', 'Theniet El Had', 38),
(417, '3804', '', 'Lazharia', 'Lazharia', 38),
(418, '3806', '', 'Lardjem', 'Lardjem', 38),
(419, '3809', '   ', 'Bordj Emir Abdelkader', 'Bordj Emir Abdelkader', 38),
(420, '3811', '', 'Khemisti', 'Khemisti', 38),
(421, '3813', '', 'Ammari', 'Ammari', 38),
(422, '3901', '', 'El Oued', 'El Oued', 39),
(423, '3902', '', 'Robbah', 'Robbah', 39),
(424, '3904', '', 'Bayadha', 'Bayadha', 39),
(425, '3906', '', 'Guemar', 'Guemar', 39),
(426, '3908', '', 'Reguiba', 'Reguiba', 39),
(427, '3911', '', 'Debila', 'Debila', 39),
(428, '3913', ' ', 'Hassi Khalifa', 'Hassi Khalifa', 39),
(429, '3914', ' ', 'Taleb Larbi', 'Taleb Larbi', 39),
(430, '3918', '', 'Magrane', 'Magrane', 39),
(431, '3926', ' ', 'Mih Ouensa', 'Mih Ouensa', 39),
(432, '4001', '', 'Khenchela', 'Khenchela', 40),
(433, '4003', '', 'Kais', 'Kais', 40),
(434, '4005', '', 'El Hamma', 'El Hamma', 40),
(435, '4006', ' ', 'Ain Touila', 'Ain Touila', 40),
(436, '4008', '', 'Bouhmama', 'Bouhmama', 40),
(437, '4011', '', 'Chechar', 'Chechar', 40),
(438, '4013', '', 'Babar', 'Babar', 40),
(439, '4016', ' ', 'Ouled Rechache', 'Ouled Rechache', 40),
(440, '4101', ' ', 'Souk Ahras', 'Souk Ahras', 41),
(441, '4102', '', 'Sedrata', 'Sedrata', 41),
(442, '4104', '', 'Mechroha', 'Mechroha', 41),
(443, '4105', ' ', 'Ouled Driss', 'Ouled Driss', 41),
(444, '4108', '', 'Taoura', 'Taoura', 41),
(445, '4110', '', 'Haddada', 'Haddada', 41),
(446, '4112', '', 'Merahna', 'Merahna', 41),
(447, '4114', ' ', 'Bir Bouhouche', 'Bir Bouhouche', 41),
(448, '4115', '', 'M\'daourouche', 'M\'daourouche', 41),
(449, '4116', ' ', 'Oum El Adhaim', 'Oum El Adhaim', 41),
(450, '4201', '', 'Tipaza', 'Tipaza', 42),
(451, '4208', '', 'Hadjout', 'Hadjout', 42),
(452, '4209', ' ', 'Sidi Amar', 'Sidi Amar', 42),
(453, '4210', '', 'Gouraya', 'Gouraya', 42),
(454, '4214', '', 'Cherchell', 'Cherchell', 42),
(455, '4215', '', 'Damous', 'Damous', 42),
(456, '4217', '', 'Fouka', 'Fouka', 42),
(457, '4218', '', 'Bou Ismail', 'Bou Ismail', 42),
(458, '4219', ' ', 'Ahmar El Ain', 'Ahmar El Ain', 42),
(459, '4224', '', 'Kolea', 'Kolea', 42),
(460, '4301', '', 'Mila', 'Mila', 43),
(461, '4302', '', 'Ferdjioua', 'Ferdjioua', 43),
(462, '4303', ' ', 'Chelghoum Laid', 'Chelghoum Laid', 43),
(463, '4306', '', 'Teleghma', 'Teleghma', 43),
(464, '4308', '', 'Tadjenanet', 'Tadjenanet', 43),
(465, '4310', ' ', 'Oued Endja', 'Oued Endja', 43),
(466, '4314', '', 'Bouhatem', 'Bouhatem', 43),
(467, '4315', '', 'Rouached', 'Rouached', 43),
(468, '4317', ' ', 'Grarem Gouga', 'Grarem Gouga', 43),
(469, '4318', ' ', 'Sidi Merouane', 'Sidi Merouane', 43),
(470, '4319', ' ', 'Tassadane Haddada', 'Tassadane Haddada', 43),
(471, '4323', ' ', 'Terrai Bainen', 'Terrai Bainen', 43),
(472, '4330', '  ', 'Ain Beida Harriche', 'Ain Beida Harriche', 43),
(473, '4401', ' ', 'Ain Defla', 'Ain Defla', 44),
(474, '4402', '', 'Miliana', 'Miliana', 44),
(475, '4403', '', 'Boumedfaa', 'Boumedfaa', 44),
(476, '4404', '', 'Khemis', 'Khemis', 44),
(477, '4405', ' ', 'Hammam Righa', 'Hammam Righa', 44),
(478, '4407', '', 'Djelida', 'Djelida', 44),
(479, '4408', '', 'El Amra', 'El Amra', 44),
(480, '4410', '', 'El Attaf', 'El Attaf', 44),
(481, '4411', '', 'El Abadia', 'El Abadia', 44),
(482, '4412', '', 'Djendel', 'Djendel', 44),
(483, '4414', ' ', 'Ain Lechiakh', 'Ain Lechiakh', 44),
(484, '4416', '', 'Rouina', 'Rouina', 44),
(485, '4422', '  ', 'Bordj El Emir Khaled', 'Bordj El Emir Khaled', 44),
(486, '4431', '', 'Bathia', 'Bathia', 44),
(487, '4501', '', 'Naama', 'Naama', 45),
(488, '4502', '', 'Mecheria', 'Mecheria', 45),
(489, '4503', ' ', 'Ain Sefra', 'Ain Sefra', 45),
(490, '4505', '', 'Sfissifa', 'Sfissifa', 45),
(491, '4506', '', 'Moghrar', 'Moghrar', 45),
(492, '4507', '', 'Asla', 'Asla', 45),
(493, '4510', '  ', 'Mekmen Ben Amar', 'Mekmen Ben Amar', 45),
(494, '4601', ' ', 'Ain Temouchent', 'Ain Temouchent', 46),
(495, '4604', ' ', 'Hammam Bou Hadjar', 'Hammam Bou Hadjar', 46),
(496, '4609', ' ', 'Ain Larbaa', 'Ain Larbaa', 46),
(497, '4614', '', 'El Maleh', 'El Maleh', 46),
(498, '4619', '', 'El Amria', 'El Amria', 46),
(499, '4622', ' ', 'Ain Kihel', 'Ain Kihel', 46),
(500, '4623', ' ', 'Beni Saf', 'Beni Saf', 46),
(501, '4625', ' ', 'Oulhassa Gheraba', 'Oulhassa Gheraba', 46),
(502, '4701', '', 'Ghardaia', 'Ghardaia', 47),
(503, '4703', '  ', 'Dhayet Ben Dhahoua', 'Dhayet Ben Dhahoua', 47),
(504, '4704', '', 'Berriane', 'Berriane', 47),
(505, '4705', '', 'Metlili', 'Metlili', 47),
(506, '4706', '', 'El Guerrara', 'El Guerrara', 47),
(507, '4708', '', 'Zelfana', 'Zelfana', 47),
(508, '4710', '', 'Bounoura', 'Bounoura', 47),
(509, '4801', '', 'Relizane', 'Relizane', 48),
(510, '4802', ' ', 'Oued Rhiou', 'Oued Rhiou', 48),
(511, '4807', '', 'El H\'madna', 'El H\'madna', 48),
(512, '4808', '   ', 'Sidi M\'hamed Ben Ali', 'Sidi M\'hamed Ben Ali', 48),
(513, '4811', ' ', 'Ammi Moussa', 'Ammi Moussa', 48),
(514, '4812', '', 'Zemmoura', 'Zemmoura', 48),
(515, '4814', '', 'Djidiouia', 'Djidiouia', 48),
(516, '4817', '', 'El Matmar', 'El Matmar', 48),
(517, '4819', ' ', 'Ain Tarek', 'Ain Tarek', 48),
(518, '4822', '', 'Mazouna', 'Mazouna', 48),
(519, '4825', '', 'Yellel', 'Yellel', 48),
(520, '4827', '', 'Ramka', 'Ramka', 48),
(521, '4828', '', 'Mendes', 'Mendes', 48),
(522, '103', '', 'Charouine', 'Charouine', 49),
(523, '109', '', 'Timimoun', 'Timimoun', 49),
(524, '116', '', 'Tinerkouk', 'Tinerkouk', 49),
(525, '123', '', 'Aougrout', 'Aougrout', 49),
(526, '125', '  ', 'Bordj Badji Mokhtar', 'Bordj Badji Mokhtar', 50),
(527, '705', ' ', 'Ouled Djellal', 'Ouled Djellal', 51),
(528, '708', '  ', 'Sidi Khaled', 'Sidi Khaled', 51),
(529, '803', ' ', 'Ouled Khodeir', 'Ouled Khodeir', 52),
(530, '807', ' ', 'Beni Abbes', 'Beni Abbes', 52),
(531, '811', '', 'Igli', 'Igli', 52),
(532, '814', '', 'El Ouata', 'El Ouata', 52),
(533, '818', '', 'Kerzaz', 'Kerzaz', 52),
(534, '1103', '', 'In Ghar', 'In Ghar', 53),
(535, '1108', ' ', 'In Salah', 'In Salah', 53),
(536, '1104', ' ', 'In Guezzam', 'In Guezzam', 54),
(537, '1107', ' ', 'Tin Zouatine', 'Tin Zouatine', 54),
(538, '3013', '', 'Touggourt', 'Touggourt', 55),
(539, '3014', '', 'El-Hadjira', 'El-Hadjira', 55),
(540, '3015', '', 'Taibet', 'Taibet', 55),
(541, '3016', '', 'Temacine', 'Temacine', 55),
(542, '3019', '', 'Megarine', 'Megarine', 55),
(543, '3302', '', 'Djanet', 'Djanet', 56),
(544, '3927', '', 'El Meghaier', 'El Meghaier', 57),
(545, '3928', '', 'Djamaa', 'Djamaa', 57),
(546, '4702', '', 'El Menia', 'El Menia', 58),
(547, '4713', '', 'Mansourah', 'Mansourah', 58);

-- --------------------------------------------------------

--
-- Table structure for table `t_01_02_05`
--

CREATE TABLE `t_01_02_05` (
  `f_00` bigint(20) NOT NULL,
  `f_01` varchar(10) NOT NULL,
  `f_02` varchar(100) DEFAULT NULL,
  `f_03` varchar(100) DEFAULT NULL,
  `f_04` varchar(100) NOT NULL,
  `f_05` bigint(20) NOT NULL
) ENGINE=InnoDB DEFAULT CHARSET=utf8mb4 COLLATE=utf8mb4_general_ci;

--
-- Dumping data for table `t_01_02_05`
--

INSERT INTO `t_01_02_05` (`f_00`, `f_01`, `f_02`, `f_03`, `f_04`, `f_05`) VALUES
(1, '1', '', 'Adrar', 'Adrar', 1),
(2, '6', '', 'Bouda', 'Bouda', 1),
(3, '13', '  ', 'Ouled Ahmed Timmi', 'Ouled Ahmed Timmi', 1),
(4, '16', '', 'Reggane', 'Reggane', 2),
(5, '17', '', 'Sali', 'Sali', 2),
(6, '18', '', 'Sebaa', 'Sebaa', 3),
(7, '27', '', 'Tsabit', 'Tsabit', 3),
(8, '10', ' ', 'In Zghmir', 'In Zghmir', 4),
(9, '28', ' ', 'Zaouiet Kounta', 'Zaouiet Kounta', 4),
(10, '2', '', 'Akabli', 'Akabli', 5),
(11, '4', '', 'Aoulef', 'Aoulef', 5),
(12, '22', '', 'Timekten', 'Timekten', 5),
(13, '26', '', 'Tit', 'Tit', 5),
(14, '9', '', 'Fenoughil', 'Fenoughil', 6),
(15, '20', '', 'Tamantit', 'Tamantit', 6),
(16, '21', '', 'Tamest', 'Tamest', 6),
(17, '39', '', 'Chlef', 'Chlef', 7),
(18, '54', ' ', 'Oum Drou', 'Oum Drou', 7),
(19, '55', '', 'Sendjas', 'Sendjas', 7),
(20, '56', '  ', 'Sidi Abderrahmane', 'Sidi Abderrahmane', 8),
(21, '57', ' ', 'Sidi Akkacha', 'Sidi Akkacha', 8),
(22, '62', '', 'Tenes', 'Tenes', 8),
(23, '32', ' ', 'Beni  Bouattab', 'Beni  Bouattab', 9),
(24, '42', '', 'El Karimia', 'El Karimia', 9),
(25, '44', '', 'Harchoun', 'Harchoun', 9),
(26, '40', '', 'Dahra', 'Dahra', 10),
(27, '61', '', 'Taougrit', 'Taougrit', 10),
(28, '33', ' ', 'Beni Haoua', 'Beni Haoua', 11),
(29, '37', '', 'Breira', 'Breira', 11),
(30, '49', ' ', 'Oued Goussine', 'Oued Goussine', 11),
(31, '38', '', 'Chettia', 'Chettia', 12),
(32, '46', ' ', 'Labiod Medjadja', 'Labiod Medjadja', 12),
(33, '53', ' ', 'Ouled Fares', 'Ouled Fares', 12),
(34, '35', '', 'Boukadir', 'Boukadir', 13),
(35, '50', ' ', 'Oued Sly', 'Oued Sly', 13),
(36, '58', '', 'Sobha', 'Sobha', 13),
(37, '31', '', 'Benairia', 'Benairia', 14),
(38, '36', '', 'Bouzeghaia', 'Bouzeghaia', 14),
(39, '63', '', 'Zeboudja', 'Zeboudja', 14),
(40, '29', ' ', 'Abou El Hassane', 'Abou El Hassane', 15),
(41, '59', '', 'Tadjena', 'Tadjena', 15),
(42, '60', '', 'Talassa', 'Talassa', 15),
(43, '43', '', 'El Marsa', 'El Marsa', 16),
(44, '47', '', 'Moussadek', 'Moussadek', 16),
(45, '34', ' ', 'Beni Rached', 'Beni Rached', 17),
(46, '48', ' ', 'Oued Fodda', 'Oued Fodda', 17),
(47, '51', ' ', 'Ouled Abbes', 'Ouled Abbes', 17),
(48, '41', '', 'El Hadjadj', 'El Hadjadj', 18),
(49, '52', '   ', 'Ouled Ben Abdelkader', 'Ouled Ben Abdelkader', 18),
(50, '30', ' ', 'Ain Merane', 'Ain Merane', 19),
(51, '45', '', 'Herenfa', 'Herenfa', 19),
(52, '79', '', 'Laghouat', 'Laghouat', 20),
(53, '68', '   ', 'Benacer Benchohra', 'Benacer Benchohra', 21),
(54, '78', ' ', 'Ksar El Hirane', 'Ksar El Hirane', 21),
(55, '70', '', 'El Assafia', 'El Assafia', 22),
(56, '84', ' ', 'Sidi Makhlouf', 'Sidi Makhlouf', 22),
(57, '75', ' ', 'Hassi Delaa', 'Hassi Delaa', 23),
(58, '76', ' ', 'Hassi R\'mel', 'Hassi R\'mel', 23),
(59, '65', ' ', 'Ain Madhi', 'Ain Madhi', 24),
(60, '72', '', 'El Haouaita', 'El Haouaita', 24),
(61, '77', '', 'Kheneg', 'Kheneg', 24),
(62, '85', '', 'Tadjemout', 'Tadjemout', 24),
(63, '86', '', 'Tadjrouna', 'Tadjrouna', 24),
(64, '66', '  ', 'Ain Sidi Ali', 'Ain Sidi Ali', 25),
(65, '67', '', 'El Beidha', 'El Beidha', 25),
(66, '73', '  ', 'Gueltat Sidi Saad', 'Gueltat Sidi Saad', 25),
(67, '69', '', 'Brida', 'Brida', 26),
(68, '74', ' ', 'Hadj Mechri', 'Hadj Mechri', 26),
(69, '87', '', 'Taouiala', 'Taouiala', 26),
(70, '71', '', 'El Ghicha', 'El Ghicha', 27),
(71, '64', '', 'Aflou', 'Aflou', 28),
(72, '82', '', 'Sebgag', 'Sebgag', 28),
(73, '83', ' ', 'Sidi Bouzid', 'Sidi Bouzid', 28),
(74, '80', ' ', 'Oued Morra', 'Oued Morra', 29),
(75, '81', ' ', 'Oued M\'zi', 'Oued M\'zi', 29),
(76, '94', ' ', 'Ain Zitoun', 'Ain Zitoun', 30),
(77, '112', ' ', 'Oum El Bouaghi', 'Oum El Bouaghi', 30),
(78, '89', ' ', 'Ain Beida', 'Ain Beida', 31),
(79, '96', '', 'Berriche', 'Berriche', 31),
(80, '116', '', 'Zorg', 'Zorg', 31),
(81, '93', ' ', 'Ain M\'lila', 'Ain M\'lila', 32),
(82, '109', ' ', 'Ouled Gacem', 'Ouled Gacem', 32),
(83, '110', ' ', 'Ouled Hamla', 'Ouled Hamla', 32),
(84, '99', '', 'El Amiria', 'El Amiria', 33),
(85, '114', '', 'Sigus', 'Sigus', 33),
(86, '88', ' ', 'Ain Babouche', 'Ain Babouche', 34),
(87, '90', ' ', 'Ain Diss', 'Ain Diss', 34),
(88, '98', '', 'Dhalaa', 'Dhalaa', 35),
(89, '101', '', 'El Djazia', 'El Djazia', 35),
(90, '92', ' ', 'Ain Kercha', 'Ain Kercha', 36),
(91, '103', '', 'El Harmilia', 'El Harmilia', 36),
(92, '105', ' ', 'Hanchir Toumghani', 'Hanchir Toumghani', 36),
(93, '104', '', 'Fkirina', 'Fkirina', 37),
(94, '108', ' ', 'Oued Nini', 'Oued Nini', 37),
(95, '97', ' ', 'Bir Chouhada', 'Bir Chouhada', 38),
(96, '111', ' ', 'Ouled Zouai', 'Ouled Zouai', 38),
(97, '115', ' ', 'Souk Naamane', 'Souk Naamane', 38),
(98, '106', ' ', 'Ksar Sbahi', 'Ksar Sbahi', 39),
(99, '95', ' ', 'Behir Chergui', 'Behir Chergui', 40),
(100, '100', '', 'El Belala', 'El Belala', 40),
(101, '107', '', 'Meskiana', 'Meskiana', 40),
(102, '113', '', 'Rahia', 'Rahia', 40),
(103, '91', ' ', 'Ain Fekroun', 'Ain Fekroun', 41),
(104, '102', '  ', 'El Fedjoudj Boughrara Sa', 'El Fedjoudj Boughrara Sa', 41),
(105, '123', '', 'Batna', 'Batna', 42),
(106, '136', '', 'Fesdis', 'Fesdis', 42),
(107, '154', ' ', 'Oued Chaaba', 'Oued Chaaba', 42),
(108, '141', '', 'Hidoussa', 'Hidoussa', 43),
(109, '145', ' ', 'Ksar Bellezma', 'Ksar Bellezma', 43),
(110, '152', '', 'Merouana', 'Merouana', 43),
(111, '155', ' ', 'Oued El Ma', 'Oued El Ma', 43),
(112, '147', '', 'Lazrou', 'Lazrou', 44),
(113, '167', '', 'Seriana', 'Seriana', 44),
(114, '177', ' ', 'Zanet El Beida', 'Zanet El Beida', 44),
(115, '151', '', 'Menaa', 'Menaa', 45),
(116, '174', '', 'Tigharghar', 'Tigharghar', 45),
(117, '119', ' ', 'Ain Yagout', 'Ain Yagout', 46),
(118, '128', '', 'Boumia', 'Boumia', 46),
(119, '132', '', 'Djerma', 'Djerma', 46),
(120, '135', '', 'El Madher', 'El Madher', 46),
(121, '162', ' ', 'Ouyoun El Assafir', 'Ouyoun El Assafir', 47),
(122, '171', '', 'Tazoult', 'Tazoult', 47),
(123, '127', '', 'Boumagueur', 'Boumagueur', 48),
(124, '153', '', 'N Gaous', 'N Gaous', 48),
(125, '165', '', 'Sefiane', 'Sefiane', 48),
(126, '120', '', 'Arris', 'Arris', 49),
(127, '173', '', 'Tighanimine', 'Tighanimine', 49),
(128, '117', ' ', 'Ain Djasser', 'Ain Djasser', 50),
(129, '134', '', 'El Hassi', 'El Hassi', 50),
(130, '166', '', 'Seggana', 'Seggana', 51),
(131, '175', '', 'Tilatou', 'Tilatou', 51),
(132, '137', ' ', 'Foum Toub', 'Foum Toub', 52),
(133, '142', '', 'Ichemoul', 'Ichemoul', 52),
(134, '143', '', 'Inoughissen', 'Inoughissen', 52),
(135, '129', '', 'Bouzina', 'Bouzina', 53),
(136, '146', '', 'Larbaa', 'Larbaa', 53),
(137, '126', '', 'Boulhilat', 'Boulhilat', 54),
(138, '130', '', 'Chemora', 'Chemora', 54),
(139, '122', '', 'Barika', 'Barika', 55),
(140, '125', '', 'Bitam', 'Bitam', 55),
(141, '149', '', 'M Doukal', 'M Doukal', 55),
(142, '121', '  ', 'Azil Abedelkader', 'Azil Abedelkader', 56),
(143, '133', '', 'Djezzar', 'Djezzar', 56),
(144, '157', ' ', 'Ouled Ammar', 'Ouled Ammar', 56),
(145, '138', '', 'Ghassira', 'Ghassira', 57),
(146, '144', '', 'Kimmel', 'Kimmel', 57),
(147, '168', '', 'T Kout', 'T Kout', 57),
(148, '118', ' ', 'Ain Touta', 'Ain Touta', 58),
(149, '124', '  ', 'Beni Foudhala El Hakania', 'Beni Foudhala El Hakania', 58),
(150, '150', '', 'Maafa', 'Maafa', 58),
(151, '158', ' ', 'Ouled Aouf', 'Ouled Aouf', 58),
(152, '131', '', 'Chir', 'Chir', 59),
(153, '156', ' ', 'Oued Taga', 'Oued Taga', 59),
(154, '172', ' ', 'Teniet El Abed', 'Teniet El Abed', 59),
(155, '159', ' ', 'Ouled Fadel', 'Ouled Fadel', 60),
(156, '176', '', 'Timgad', 'Timgad', 60),
(157, '139', '', 'Gosbat', 'Gosbat', 61),
(158, '140', '', 'Guigba', 'Guigba', 61),
(159, '160', ' ', 'Ouled Sellem', 'Ouled Sellem', 61),
(160, '163', '', 'Rahbat', 'Rahbat', 61),
(161, '164', ' ', 'Ras El Aioun', 'Ras El Aioun', 61),
(162, '169', '', 'Talkhamt', 'Talkhamt', 61),
(163, '148', '', 'Lemcene', 'Lemcene', 62),
(164, '161', '  ', 'Ouled Si Slimane', 'Ouled Si Slimane', 62),
(165, '170', '', 'Taxlent', 'Taxlent', 62),
(166, '187', '', 'Bejaia', 'Bejaia', 63),
(167, '210', ' ', 'Oued Ghir', 'Oued Ghir', 63),
(168, '184', '', 'Amizour', 'Amizour', 64),
(169, '188', ' ', 'Beni Djellil', 'Beni Djellil', 64),
(170, '202', '', 'Feraoun', 'Feraoun', 64),
(171, '214', '', 'Smaoun', 'Smaoun', 64),
(172, '226', '', 'Timezrit', 'Timezrit', 65),
(173, '209', '', 'Melbou', 'Melbou', 66),
(174, '215', ' ', 'Souk El Tenine', 'Souk El Tenine', 66),
(175, '219', '', 'Tamridjet', 'Tamridjet', 66),
(176, '194', '', 'Boukhelifa', 'Boukhelifa', 67),
(177, '217', ' ', 'Tala Hamza', 'Tala Hamza', 67),
(178, '224', '', 'Tichy', 'Tichy', 67),
(179, '179', ' ', 'Ait R\'zine', 'Ait R\'zine', 68),
(180, '204', ' ', 'Ighil-Ali', 'Ighil-Ali', 68),
(181, '180', ' ', 'Ait-Smail', 'Ait-Smail', 69),
(182, '197', '', 'Darguina', 'Darguina', 69),
(183, '221', '', 'Taskriout', 'Taskriout', 69),
(184, '185', '', 'Aokas', 'Aokas', 70),
(185, '228', ' ', 'Tizi-N\'berber', 'Tizi-N\'berber', 70),
(186, '178', '', 'Adekar', 'Adekar', 71),
(187, '189', ' ', 'Beni K\'sila', 'Beni K\'sila', 71),
(188, '220', ' ', 'Taourit Ighil', 'Taourit Ighil', 71),
(189, '181', '', 'Akbou', 'Akbou', 72),
(190, '195', '', 'Chellata', 'Chellata', 72),
(191, '205', '', 'Ighram', 'Ighram', 72),
(192, '218', '', 'Tamokra', 'Tamokra', 72),
(193, '183', '', 'Amalou', 'Amalou', 73),
(194, '193', '', 'Bouhamza', 'Bouhamza', 73),
(195, '208', '', 'M\'cisna', 'M\'cisna', 73),
(196, '211', '', 'Seddouk', 'Seddouk', 73),
(197, '190', ' ', 'Beni-Mallikeche', 'Beni-Mallikeche', 74),
(198, '192', ' ', 'Boudjellil', 'Boudjellil', 74),
(199, '222', '', 'Tazmalt', 'Tazmalt', 74),
(200, '182', '', 'Akfadou', 'Akfadou', 75),
(201, '196', '', 'Chemini', 'Chemini', 75),
(202, '216', ' ', 'Souk Oufella', 'Souk Oufella', 75),
(203, '223', '', 'Tibane', 'Tibane', 75),
(204, '186', '', 'Barbacha', 'Barbacha', 76),
(205, '206', '', 'Kendira', 'Kendira', 76),
(206, '203', '', 'Ouzellaguen', 'Ouzellaguen', 77),
(207, '199', '', 'Leflaye', 'Leflaye', 78),
(208, '212', ' ', 'Sidi Ayad', 'Sidi Ayad', 78),
(209, '213', ' ', 'Sidi-Aich', 'Sidi-Aich', 78),
(210, '225', '', 'Tifra', 'Tifra', 78),
(211, '227', '', 'Tinebdar', 'Tinebdar', 78),
(212, '200', '', 'El Kseur', 'El Kseur', 79),
(213, '201', ' ', 'Fenaia Il Maten', 'Fenaia Il Maten', 79),
(214, '229', '', 'Toudja', 'Toudja', 79),
(215, '198', ' ', 'Dra El Caid', 'Dra El Caid', 80),
(216, '207', '', 'Kherrata', 'Kherrata', 80),
(217, '191', ' ', 'Benimaouche', 'Benimaouche', 81),
(218, '233', '', 'Biskra', 'Biskra', 82),
(219, '243', '', 'El Hadjab', 'El Hadjab', 82),
(220, '230', ' ', 'Ain Naga', 'Ain Naga', 83),
(221, '238', '', 'Chetma', 'Chetma', 83),
(222, '244', '', 'El Haouch', 'El Haouch', 83),
(223, '260', ' ', 'Sidi Okba', 'Sidi Okba', 83),
(224, '251', '', 'M\'chouneche', 'M\'chouneche', 84),
(225, '241', '', 'El Feidh', 'El Feidh', 85),
(226, '248', '  ', 'Khenguet Sidi Nadji', 'Khenguet Sidi Nadji', 85),
(227, '253', '', 'Meziraa', 'Meziraa', 85),
(228, '262', ' ', 'Zeribet El Oued', 'Zeribet El Oued', 85),
(229, '231', ' ', 'Ain Zaatout', 'Ain Zaatout', 86),
(230, '245', '', 'El Kantara', 'El Kantara', 86),
(231, '246', '', 'El Outaya', 'El Outaya', 87),
(232, '236', '', 'Branis', 'Branis', 88),
(233, '239', '', 'Djemorah', 'Djemorah', 88),
(234, '234', '  ', 'Bordj Ben Azzouz', 'Bordj Ben Azzouz', 89),
(235, '235', '', 'Bouchakroun', 'Bouchakroun', 89),
(236, '249', '', 'Lichana', 'Lichana', 89),
(237, '261', '', 'Tolga', 'Tolga', 89),
(238, '250', '', 'Lioua', 'Lioua', 90),
(239, '252', '', 'Mekhadma', 'Mekhadma', 90),
(240, '254', '', 'M\'lili', 'M\'lili', 90),
(241, '256', '', 'Oumache', 'Oumache', 90),
(242, '257', '', 'Ourlal', 'Ourlal', 90),
(243, '242', '', 'El Ghrous', 'El Ghrous', 91),
(244, '247', '', 'Foughala', 'Foughala', 91),
(245, '264', '', 'Bechar', 'Bechar', 92),
(246, '268', '', 'Boukais', 'Boukais', 93),
(247, '275', '', 'Lahmar', 'Lahmar', 93),
(248, '278', '', 'Mogheul', 'Mogheul', 93),
(249, '272', '', 'Kenadsa', 'Kenadsa', 94),
(250, '277', '', 'Meridja', 'Meridja', 94),
(251, '280', '', 'Tabelbala', 'Tabelbala', 95),
(252, '281', '', 'Taghit', 'Taghit', 96),
(253, '263', '', 'Abadla', 'Abadla', 97),
(254, '270', ' ', 'Erg-Ferradj', 'Erg-Ferradj', 97),
(255, '276', '  ', 'Machraa-Houari-Boumediene', 'Machraa-Houari-Boumediene', 97),
(256, '267', ' ', 'Beni-Ounif', 'Beni-Ounif', 98),
(257, '288', '', 'Blida', 'Blida', 99),
(258, '289', '', 'Bouarfa', 'Bouarfa', 99),
(259, '292', '', 'Bouinan', 'Bouinan', 100),
(260, '293', '', 'Chebli', 'Chebli', 100),
(261, '286', ' ', 'Beni-Tamou', 'Beni-Tamou', 101),
(262, '287', ' ', 'Benkhelil', 'Benkhelil', 101),
(263, '304', ' ', 'Oued El Alleug', 'Oued El Alleug', 101),
(264, '285', ' ', 'Beni Mered', 'Beni Mered', 102),
(265, '295', '', 'Chrea', 'Chrea', 102),
(266, '306', ' ', 'Ouled Yaich', 'Ouled Yaich', 102),
(267, '297', '', 'El-Affroun', 'El-Affroun', 103),
(268, '303', ' ', 'Oued  Djer', 'Oued  Djer', 103),
(269, '284', ' ', 'Ain Romana', 'Ain Romana', 104),
(270, '294', '', 'Chiffa', 'Chiffa', 104),
(271, '302', '', 'Mouzaia', 'Mouzaia', 104),
(272, '296', '', 'Djebabra', 'Djebabra', 105),
(273, '301', '', 'Meftah', 'Meftah', 105),
(274, '290', '', 'Boufarik', 'Boufarik', 106),
(275, '298', '', 'Guerrouaou', 'Guerrouaou', 106),
(276, '308', '', 'Soumaa', 'Soumaa', 106),
(277, '300', '', 'Larbaa', 'Larbaa', 107),
(278, '307', '', 'Souhane', 'Souhane', 107),
(279, '291', '', 'Bougara', 'Bougara', 108),
(280, '299', ' ', 'Hammam Elouane', 'Hammam Elouane', 108),
(281, '305', ' ', 'Ouled Slama', 'Ouled Slama', 108),
(282, '313', ' ', 'Ain Turk', 'Ain Turk', 109),
(283, '315', ' ', 'Ait Laaziz', 'Ait Laaziz', 109),
(284, '321', '', 'Bouira', 'Bouira', 109),
(285, '332', '', 'El-Mokrani', 'El-Mokrani', 110),
(286, '348', ' ', 'Souk El Khemis', 'Souk El Khemis', 110),
(287, '316', '', 'Aomar', 'Aomar', 111),
(288, '326', '', 'Djebahia', 'Djebahia', 111),
(289, '337', '', 'Kadiria', 'Kadiria', 111),
(290, '335', '', 'Haizer', 'Haizer', 112),
(291, '350', '', 'Taghzout', 'Taghzout', 112),
(292, '320', '', 'Bouderbala', 'Bouderbala', 113),
(293, '322', '', 'Boukram', 'Boukram', 113),
(294, '333', '', 'Guerrouma', 'Guerrouma', 113),
(295, '338', '', 'Lakhdaria', 'Lakhdaria', 113),
(296, '340', '', 'Maala', 'Maala', 113),
(297, '353', '', 'Z\'barbar (El Isseri )', 'Z\'barbar (El Isseri )', 113),
(298, '329', '', 'El Hachimia', 'El Hachimia', 114),
(299, '343', ' ', 'Oued El Berdi', 'Oued El Berdi', 114),
(300, '319', ' ', 'Bordj Okhriss', 'Bordj Okhriss', 115),
(301, '334', ' ', 'Hadjera Zerga', 'Hadjera Zerga', 115),
(302, '342', '', 'Mezdour', 'Mezdour', 115),
(303, '351', '', 'Taguedite', 'Taguedite', 115),
(304, '310', ' ', 'Ahl El Ksar', 'Ahl El Ksar', 116),
(305, '317', '', 'Bechloul', 'Bechloul', 116),
(306, '327', '', 'El Adjiba', 'El Adjiba', 116),
(307, '328', '', 'El Asnam', 'El Asnam', 116),
(308, '344', ' ', 'Ouled Rached', 'Ouled Rached', 116),
(309, '311', ' ', 'Ain El Hadjar', 'Ain El Hadjar', 117),
(310, '312', ' ', 'Ain Laloui', 'Ain Laloui', 117),
(311, '314', ' ', 'Ain-Bessem', 'Ain-Bessem', 117),
(312, '318', ' ', 'Bir Ghbalou', 'Bir Ghbalou', 118),
(313, '330', '', 'El Khabouzia', 'El Khabouzia', 118),
(314, '345', '', 'Raouraoua', 'Raouraoua', 118),
(315, '309', '', 'Aghbalou', 'Aghbalou', 119),
(316, '323', '', 'Chorfa', 'Chorfa', 119),
(317, '336', '', 'Hanif', 'Hanif', 119),
(318, '339', '', 'M Chedallah', 'M Chedallah', 119),
(319, '347', '', 'Saharidj', 'Saharidj', 119),
(320, '352', '  ', 'Ath Mansour', 'Ath Mansour', 119),
(321, '324', '', 'Dechmia', 'Dechmia', 120),
(322, '325', '', 'Dirah', 'Dirah', 120),
(323, '331', '', 'El-Hakimia', 'El-Hakimia', 120),
(324, '341', '', 'Maamora', 'Maamora', 120),
(325, '346', '', 'Ridane', 'Ridane', 120),
(326, '349', ' ', 'Sour El Ghozlane', 'Sour El Ghozlane', 120),
(327, '355', ' ', 'Ain Amguel', 'Ain Amguel', 121),
(328, '361', '', 'Tamanrasset', 'Tamanrasset', 121),
(329, '354', '', 'Abelsa', 'Abelsa', 122),
(330, '359', '', 'Idles', 'Idles', 123),
(331, '362', '', 'Tazrouk', 'Tazrouk', 123),
(332, '390', '', 'Tebessa', 'Tebessa', 124),
(333, '369', ' ', 'Bir-El-Ater', 'Bir-El-Ater', 125),
(334, '378', ' ', 'El Ogla El Malha', 'El Ogla El Malha', 125),
(335, '372', '', 'Cheria', 'Cheria', 126),
(336, '391', '', 'Telidjen', 'Telidjen', 126),
(337, '370', '', 'Boukhadra', 'Boukhadra', 127),
(338, '379', '', 'El-Aouinet', 'El-Aouinet', 127),
(339, '381', '', 'Ferkane', 'Ferkane', 128),
(340, '385', '', 'Negrine', 'Negrine', 128),
(341, '368', ' ', 'Bir Mokkadem', 'Bir Mokkadem', 129),
(342, '382', '', 'Guorriguer', 'Guorriguer', 129),
(343, '383', '', 'Hammamet', 'Hammamet', 129),
(344, '366', '', 'Bekkaria', 'Bekkaria', 130),
(345, '371', ' ', 'Boulhaf Dyr', 'Boulhaf Dyr', 130),
(346, '373', '', 'El Kouif', 'El Kouif', 130),
(347, '367', ' ', 'Bir Dheheb', 'Bir Dheheb', 131),
(348, '384', '', 'Morsott', 'Morsott', 131),
(349, '365', '', 'Bedjene', 'Bedjene', 132),
(350, '376', '', 'El Mezeraa', 'El Mezeraa', 132),
(351, '377', '', 'El Ogla', 'El Ogla', 132),
(352, '389', ' ', 'Stah Guentis', 'Stah Guentis', 132),
(353, '364', ' ', 'Ain Zerga', 'Ain Zerga', 133),
(354, '375', '', 'El Meridj', 'El Meridj', 133),
(355, '386', '', 'Ouenza', 'Ouenza', 133),
(356, '374', ' ', 'El Malabiod', 'El Malabiod', 134),
(357, '380', '', 'El-Houidjbet', 'El-Houidjbet', 134),
(358, '387', ' ', 'Oum Ali', 'Oum Ali', 135),
(359, '388', ' ', 'Saf Saf El Ouesra', 'Saf Saf El Ouesra', 135),
(360, '443', '', 'Tlemcen', 'Tlemcen', 136),
(361, '396', ' ', 'Ain Nehala', 'Ain Nehala', 137),
(362, '397', ' ', 'Ain Tellout', 'Ain Tellout', 137),
(363, '398', ' ', 'Ain Youcef', 'Ain Youcef', 138),
(364, '405', ' ', 'Beni Ouarsous', 'Beni Ouarsous', 138),
(365, '416', '', 'El Fehoul', 'El Fehoul', 138),
(366, '431', '', 'Remchi', 'Remchi', 138),
(367, '433', ' ', 'Sebbaa Chioukh', 'Sebbaa Chioukh', 138),
(368, '409', '', 'Bouhlou', 'Bouhlou', 139),
(369, '432', '', 'Sabra', 'Sabra', 139),
(370, '412', ' ', 'Dar Yaghmoracen', 'Dar Yaghmoracen', 140),
(371, '419', '', 'Ghazaouet', 'Ghazaouet', 140),
(372, '438', '', 'Souahlia', 'Souahlia', 140),
(373, '442', '', 'Tianet', 'Tianet', 140),
(374, '406', ' ', 'Beni Smiel', 'Beni Smiel', 141),
(375, '428', ' ', 'Oued Lakhdar', 'Oued Lakhdar', 141),
(376, '429', ' ', 'Ouled Mimoun', 'Ouled Mimoun', 141),
(377, '401', ' ', 'Beni Bahdel', 'Beni Bahdel', 142),
(378, '407', ' ', 'Beni Snous', 'Beni Snous', 142),
(379, '415', '', 'Azail', 'Azail', 142),
(380, '400', ' ', 'Bab El Assa', 'Bab El Assa', 143),
(381, '439', '', 'Souani', 'Souani', 143),
(382, '440', ' ', 'Souk Tleta', 'Souk Tleta', 143),
(383, '392', ' ', 'Ain Fetah', 'Ain Fetah', 144),
(384, '395', ' ', 'Ain Kebira', 'Ain Kebira', 144),
(385, '418', '', 'Fellaoucene', 'Fellaoucene', 144),
(386, '408', ' ', 'Bensekrane', 'Bensekrane', 145),
(387, '435', ' ', 'Sidi Abdelli', 'Sidi Abdelli', 145),
(388, '421', '', 'Hennaya', 'Hennaya', 146),
(389, '430', ' ', 'Ouled Riyah', 'Ouled Riyah', 146),
(390, '444', '', 'Zenata', 'Zenata', 146),
(391, '420', ' ', 'Hammam Boughrara', 'Hammam Boughrara', 147),
(392, '423', '', 'Maghnia', 'Maghnia', 147),
(393, '414', '', 'El Aricha', 'El Aricha', 148),
(394, '417', '', 'El Gor', 'El Gor', 148),
(395, '434', '', 'Sebdou', 'Sebdou', 148),
(396, '402', ' ', 'Beni Boussaid', 'Beni Boussaid', 149),
(397, '437', ' ', 'Sidi Medjahed', 'Sidi Medjahed', 149),
(398, '425', '  ', 'Marsa Ben M\'hidi', 'Marsa Ben M\'hidi', 150),
(399, '426', ' ', 'M\'sirda Fouaga', 'M\'sirda Fouaga', 150),
(400, '413', '', 'Djebala', 'Djebala', 151),
(401, '427', '', 'Nedroma', 'Nedroma', 151),
(402, '410', '', 'Bouihi', 'Bouihi', 152),
(403, '436', ' ', 'Sidi Djillali', 'Sidi Djillali', 152),
(404, '403', ' ', 'Beni Khellad', 'Beni Khellad', 153),
(405, '422', '', 'Honnaine', 'Honnaine', 153),
(406, '393', ' ', 'Ain Fezza', 'Ain Fezza', 154),
(407, '399', '', 'Amieur', 'Amieur', 154),
(408, '411', '', 'Chetouane', 'Chetouane', 154),
(409, '394', ' ', 'Ain Ghoraba', 'Ain Ghoraba', 155),
(410, '404', ' ', 'Beni Mester', 'Beni Mester', 155),
(411, '424', '', 'Mansourah', 'Mansourah', 155),
(412, '441', '  ', 'Terny Beni Hediel', 'Terny Beni Hediel', 155),
(413, '483', '', 'Tiaret', 'Tiaret', 156),
(414, '464', '', 'Medroussa', 'Medroussa', 157),
(415, '466', '', 'Mellakou', 'Mellakou', 157),
(416, '478', ' ', 'Sidi Bakhti', 'Sidi Bakhti', 157),
(417, '446', ' ', 'Ain Deheb', 'Ain Deheb', 158),
(418, '451', '', 'Chehaima', 'Chehaima', 158),
(419, '468', '', 'Naima', 'Naima', 158),
(420, '445', ' ', 'Ain Bouchekif', 'Ain Bouchekif', 159),
(421, '452', '', 'Dahmouni', 'Dahmouni', 159),
(422, '457', '', 'Guertoufa', 'Guertoufa', 160),
(423, '470', '', 'Rahouia', 'Rahouia', 160),
(424, '447', ' ', 'Ain Dzarit', 'Ain Dzarit', 161),
(425, '461', '', 'Mahdia', 'Mahdia', 161),
(426, '467', '', 'Nadorah', 'Nadorah', 161),
(427, '472', '', 'Sebaine', 'Sebaine', 161),
(428, '455', '', 'Faidja', 'Faidja', 162),
(429, '475', '  ', 'Si Abdelghani', 'Si Abdelghani', 162),
(430, '480', '', 'Sougueur', 'Sougueur', 162),
(431, '485', '', 'Tousnina', 'Tousnina', 162),
(432, '465', '', 'Meghila', 'Meghila', 163),
(433, '473', '', 'Sebt', 'Sebt', 163),
(434, '479', ' ', 'Sidi Hosni', 'Sidi Hosni', 163),
(435, '448', ' ', 'Ain El Hadid', 'Ain El Hadid', 164),
(436, '456', '', 'Frenda', 'Frenda', 164),
(437, '482', '', 'Takhemaret', 'Takhemaret', 164),
(438, '449', ' ', 'Ain Kermes', 'Ain Kermes', 165),
(439, '453', ' ', 'Djebilet Rosfa', 'Djebilet Rosfa', 165),
(440, '460', '', 'Madna', 'Madna', 165),
(441, '463', '', 'Medrissa', 'Medrissa', 165),
(442, '476', '  ', 'Sidi Abderrahmane', 'Sidi Abderrahmane', 165),
(443, '459', ' ', 'Ksar Chellala', 'Ksar Chellala', 166),
(444, '474', '', 'Serghine', 'Serghine', 166),
(445, '486', '    ', 'Zmalet El Emir Abdelkade', 'Zmalet El Emir Abdelkade', 166),
(446, '469', ' ', 'Oued Lilli', 'Oued Lilli', 167),
(447, '477', '  ', 'Sidi Ali Mellal', 'Sidi Ali Mellal', 167),
(448, '484', '', 'Tidda', 'Tidda', 167),
(449, '454', '  ', 'Djillali Ben Amar', 'Djillali Ben Amar', 168),
(450, '462', ' ', 'Mechraa Safa', 'Mechraa Safa', 168),
(451, '481', '', 'Tagdempt', 'Tagdempt', 168),
(452, '450', '', 'Bougara', 'Bougara', 169),
(453, '458', '', 'Hamadia', 'Hamadia', 169),
(454, '471', '', 'Rechaiga', 'Rechaiga', 169),
(455, '549', ' ', 'Tizi-Ouzou', 'Tizi-Ouzou', 170),
(456, '487', ' ', 'Abi-Youcef', 'Abi-Youcef', 171),
(457, '490', ' ', 'Ain-El-Hammam', 'Ain-El-Hammam', 171),
(458, '502', ' ', 'Ait-Yahia', 'Ait-Yahia', 171),
(459, '503', '', 'Akbil', 'Akbil', 171),
(460, '514', '', 'Boudjima', 'Boudjima', 172),
(461, '532', '', 'Makouda', 'Makouda', 172),
(462, '491', ' ', 'Ain-Zaouia', 'Ain-Zaouia', 173),
(463, '496', '  ', 'Ait Yahia Moussa', 'Ait Yahia Moussa', 173),
(464, '518', ' ', 'Draa-El-Mizan', 'Draa-El-Mizan', 173),
(465, '520', '', 'Frikat', 'Frikat', 173),
(466, '536', '', 'M\'kira', 'M\'kira', 174),
(467, '548', ' ', 'Tizi-Gheniff', 'Tizi-Gheniff', 174),
(468, '523', '', 'Iferhounene', 'Iferhounene', 175),
(469, '526', '', 'Illilten', 'Illilten', 175),
(470, '528', '', 'Imsouhal', 'Imsouhal', 175),
(471, '506', '', 'Azazga', 'Azazga', 176),
(472, '519', '', 'Freha', 'Freha', 176),
(473, '524', '', 'Ifigha', 'Ifigha', 176),
(474, '551', '', 'Yakourene', 'Yakourene', 176),
(475, '553', '', 'Zekri', 'Zekri', 176),
(476, '492', ' ', 'Ait Aggouacha', 'Ait Aggouacha', 177),
(477, '529', '', 'Irdjen', 'Irdjen', 177),
(478, '530', '  ', 'Larbaa Nath Irathen', 'Larbaa Nath Irathen', 177),
(479, '500', '  ', 'Ait-Oumalou', 'Ait-Oumalou', 178),
(480, '550', ' ', 'Tizi-Rached', 'Tizi-Rached', 178),
(481, '497', '  ', 'Ait-Aissa-Mimoun', 'Ait-Aissa-Mimoun', 179),
(482, '539', '', 'Ouaguenoun', 'Ouaguenoun', 179),
(483, '545', '', 'Timizart', 'Timizart', 179),
(484, '531', '', 'Maatkas', 'Maatkas', 180),
(485, '542', ' ', 'Souk-El-Tenine', 'Souk-El-Tenine', 180),
(486, '499', ' ', 'Ait-Mahmoud', 'Ait-Mahmoud', 181),
(487, '508', ' ', 'Beni Zmenzer', 'Beni Zmenzer', 181),
(488, '509', ' ', 'Beni-Aissi', 'Beni-Aissi', 181),
(489, '510', ' ', 'Beni-Douala', 'Beni-Douala', 181),
(490, '512', ' ', 'Beni-Zikki', 'Beni-Zikki', 182),
(491, '516', '', 'Bouzeguene', 'Bouzeguene', 182),
(492, '522', '', 'Idjeur', 'Idjeur', 182),
(493, '527', ' ', 'Illoula Oumalou', 'Illoula Oumalou', 182),
(494, '489', ' ', 'Agouni-Gueghrane', 'Agouni-Gueghrane', 183),
(495, '493', ' ', 'Ait Bouaddou', 'Ait Bouaddou', 183),
(496, '538', '', 'Ouadhias', 'Ouadhias', 183),
(497, '547', ' ', 'Tizi N\'tleta', 'Tizi N\'tleta', 183),
(498, '488', '', 'Aghribs', 'Aghribs', 184),
(499, '498', ' ', 'Ait-Chafaa', 'Ait-Chafaa', 184),
(500, '504', '', 'Akerrou', 'Akerrou', 184),
(501, '507', '', 'Azeffoun', 'Azeffoun', 184),
(502, '525', '', 'Iflissen', 'Iflissen', 185),
(503, '535', '', 'Mizrana', 'Mizrana', 185),
(504, '544', '', 'Tigzirt', 'Tigzirt', 185),
(505, '505', ' ', 'Assi-Youcef', 'Assi-Youcef', 186),
(506, '513', '', 'Boghni', 'Boghni', 186),
(507, '515', '', 'Bounouh', 'Bounouh', 186),
(508, '533', '', 'Mechtras', 'Mechtras', 186),
(509, '517', '  ', 'Draa-Ben-Khedda', 'Draa-Ben-Khedda', 187),
(510, '540', ' ', 'Sidi Namane', 'Sidi Namane', 187),
(511, '543', '', 'Tadmait', 'Tadmait', 187),
(512, '546', '', 'Tirmitine', 'Tirmitine', 187),
(513, '494', ' ', 'Ait Boumahdi', 'Ait Boumahdi', 188),
(514, '501', ' ', 'Ait-Toudert', 'Ait-Toudert', 188),
(515, '537', '', 'Ouacif', 'Ouacif', 188),
(516, '495', ' ', 'Ait Khellili', 'Ait Khellili', 189),
(517, '534', '', 'Mekla', 'Mekla', 189),
(518, '541', '', 'Souama', 'Souama', 189),
(519, '511', ' ', 'Beni-Yenni', 'Beni-Yenni', 190),
(520, '521', '', 'Iboudrarene', 'Iboudrarene', 190),
(521, '552', '', 'Yatafene', 'Yatafene', 190),
(522, '556', ' ', 'Alger Centre', 'Alger Centre', 191),
(523, '582', '', 'El Madania', 'El Madania', 191),
(524, '585', '', 'El Mouradia', 'El Mouradia', 191),
(525, '605', ' ', 'Sidi M\'hamed', 'Sidi M\'hamed', 191),
(526, '557', ' ', 'Bab El Oued', 'Bab El Oued', 192),
(527, '567', '  ', 'Bologhine Ibnou Ziri', 'Bologhine Ibnou Ziri', 192),
(528, '572', '', 'Casbah', 'Casbah', 192),
(529, '596', ' ', 'Oued Koriche', 'Oued Koriche', 192),
(530, '601', ' ', 'Rais Hamidou', 'Rais Hamidou', 192),
(531, '564', '  ', 'Bir Mourad Rais', 'Bir Mourad Rais', 193),
(532, '565', ' ', 'Birkhadem', 'Birkhadem', 193),
(533, '576', ' ', 'Djasr Kasentina', 'Djasr Kasentina', 193),
(534, '589', '', 'Hydra', 'Hydra', 193),
(535, '604', '', 'Sehaoula', 'Sehaoula', 193),
(536, '562', ' ', 'Ben Aknoun', 'Ben Aknoun', 194),
(537, '563', ' ', 'Beni Messous', 'Beni Messous', 194),
(538, '571', '', 'Bouzareah', 'Bouzareah', 194),
(539, '580', '', 'El Biar', 'El Biar', 194),
(540, '560', ' ', 'Bachedjerah', 'Bachedjerah', 195),
(541, '570', '', 'Bourouba', 'Bourouba', 195),
(542, '581', '', 'El Harrach', 'El Harrach', 195),
(543, '597', ' ', 'Oued Smar', 'Oued Smar', 195),
(544, '561', '', 'Baraki', 'Baraki', 196),
(545, '592', '', 'Les Eucalyptus', 'Les Eucalyptus', 196),
(546, '606', ' ', 'Sidi Moussa', 'Sidi Moussa', 196),
(547, '583', '', 'El Magharia', 'El Magharia', 197),
(548, '588', ' ', 'Hussein Dey', 'Hussein Dey', 197),
(549, '591', '', 'Kouba', 'Kouba', 197),
(550, '594', ' ', 'Mohamed Belouzdad', 'Mohamed Belouzdad', 197),
(551, '555', ' ', 'Ain Taya', 'Ain Taya', 198),
(552, '558', ' ', 'Bab Ezzouar', 'Bab Ezzouar', 198),
(553, '568', ' ', 'Bordj El Bahri', 'Bordj El Bahri', 198),
(554, '569', ' ', 'Bordj El Kiffan', 'Bordj El Kiffan', 198),
(555, '574', ' ', 'Dar El Beida', 'Dar El Beida', 198),
(556, '584', '', 'El Marsa', 'El Marsa', 198),
(557, '595', '', 'Mohammadia', 'Mohammadia', 198),
(558, '566', ' ', 'Bir Touta', 'Bir Touta', 199),
(559, '598', ' ', 'Ouled Chebel', 'Ouled Chebel', 199),
(560, '609', ' ', 'Tessala El Merdja', 'Tessala El Merdja', 199),
(561, '587', '', 'Herraoua', 'Herraoua', 200),
(562, '602', '', 'Reghaia', 'Reghaia', 200),
(563, '603', '', 'Rouiba', 'Rouiba', 200),
(564, '593', '', 'Maalma', 'Maalma', 201),
(565, '600', '', 'Rahmania', 'Rahmania', 201),
(566, '607', '', 'Souidania', 'Souidania', 201),
(567, '608', '', 'Staoueli', 'Staoueli', 201),
(568, '610', '', 'Zeralda', 'Zeralda', 201),
(569, '559', ' ', 'Baba Hassen', 'Baba Hassen', 202),
(570, '577', '', 'Douira', 'Douira', 202),
(571, '578', '', 'Draria', 'Draria', 202),
(572, '579', '', 'El Achour', 'El Achour', 202),
(573, '590', '', 'Khraissia', 'Khraissia', 202),
(574, '554', ' ', 'Ain Benian', 'Ain Benian', 203),
(575, '573', '', 'Cheraga', 'Cheraga', 203),
(576, '575', ' ', 'Dely Ibrahim', 'Dely Ibrahim', 203),
(577, '586', '', 'Hammamet', 'Hammamet', 203),
(578, '599', ' ', 'Ouled Fayet', 'Ouled Fayet', 203),
(579, '624', '', 'Djelfa', 'Djelfa', 204),
(580, '614', ' ', 'Ain Maabed', 'Ain Maabed', 205),
(581, '633', ' ', 'Hassi Bahbah', 'Hassi Bahbah', 205),
(582, '634', ' ', 'Hassi El Euch', 'Hassi El Euch', 205),
(583, '645', '', 'Zaafrane', 'Zaafrane', 205),
(584, '616', '', 'Amourah', 'Amourah', 206),
(585, '629', ' ', 'Faidh El Botma', 'Faidh El Botma', 206),
(586, '639', ' ', 'Oum Laadham', 'Oum Laadham', 206),
(587, '617', '', 'Benhar', 'Benhar', 207),
(588, '619', '', 'Birine', 'Birine', 207),
(589, '611', ' ', 'Ain Chouhada', 'Ain Chouhada', 208),
(590, '625', '', 'Douis', 'Douis', 208),
(591, '627', '', 'El Idrissia', 'El Idrissia', 208),
(592, '623', '', 'Deldoul', 'Deldoul', 209),
(593, '631', '', 'Guettara', 'Guettara', 209),
(594, '636', '', 'Messaad', 'Messaad', 209),
(595, '640', ' ', 'Sed Rahal', 'Sed Rahal', 209),
(596, '641', '', 'Selmana', 'Selmana', 209),
(597, '628', '', 'El Khemis', 'El Khemis', 210),
(598, '635', ' ', 'Hassi Fedoul', 'Hassi Fedoul', 210),
(599, '643', ' ', 'Sidi Laadjel', 'Sidi Laadjel', 210),
(600, '613', ' ', 'Ain Fekka', 'Ain Fekka', 211),
(601, '620', ' ', 'Bouira Lahdab', 'Bouira Lahdab', 211),
(602, '632', ' ', 'Had Sahary', 'Had Sahary', 211),
(603, '622', ' ', 'Dar Chioukh', 'Dar Chioukh', 212),
(604, '637', '', 'M\'liliha', 'M\'liliha', 212),
(605, '642', ' ', 'Sidi Baizid', 'Sidi Baizid', 212),
(606, '618', ' ', 'Benyagoub', 'Benyagoub', 213),
(607, '621', '', 'Charef', 'Charef', 213),
(608, '626', '', 'El Guedid', 'El Guedid', 213),
(609, '612', ' ', 'Ain El Ibel', 'Ain El Ibel', 214),
(610, '638', '', 'Moudjebara', 'Moudjebara', 214),
(611, '644', '', 'Taadmit', 'Taadmit', 214),
(612, '646', '', 'Zaccar', 'Zaccar', 214),
(613, '615', ' ', 'Ain Oussera', 'Ain Oussera', 215),
(614, '630', '', 'Guernini', 'Guernini', 215),
(615, '662', '', 'Jijel', 'Jijel', 216),
(616, '656', '', 'El Aouana', 'El Aouana', 217),
(617, '668', '  ', 'Selma Benziada', 'Selma Benziada', 217),
(618, '660', ' ', 'Erraguene Souissi', 'Erraguene Souissi', 218),
(619, '674', ' ', 'Ziama Mansouriah', 'Ziama Mansouriah', 218),
(620, '650', '  ', 'Boussif Ouled Askeur', 'Boussif Ouled Askeur', 219),
(621, '651', '', 'Chahna', 'Chahna', 219),
(622, '659', '  ', 'Emir Abdelkader', 'Emir Abdelkader', 219),
(623, '665', '', 'Oudjana', 'Oudjana', 219),
(624, '672', '', 'Taher', 'Taher', 219),
(625, '647', ' ', 'Bordj T\'har', 'Bordj T\'har', 220),
(626, '652', '', 'Chekfa', 'Chekfa', 220),
(627, '657', ' ', 'El Kennar Nouchfi', 'El Kennar Nouchfi', 220),
(628, '670', '  ', 'Sidi Abdelaziz', 'Sidi Abdelaziz', 220),
(629, '658', '', 'El Milia', 'El Milia', 221),
(630, '667', '  ', 'Ouled Yahia Khadrouch', 'Ouled Yahia Khadrouch', 221),
(631, '666', ' ', 'Ouled Rabah', 'Ouled Rabah', 222),
(632, '671', ' ', 'Sidi Marouf', 'Sidi Marouf', 222),
(633, '661', '', 'Ghebala', 'Ghebala', 223),
(634, '669', '', 'Settara', 'Settara', 223),
(635, '649', ' ', 'Bouraoui Belhadef', 'Bouraoui Belhadef', 224),
(636, '653', '  ', 'Djemaa Beni Habibi', 'Djemaa Beni Habibi', 224),
(637, '655', '', 'El Ancer', 'El Ancer', 224),
(638, '664', '  ', 'Khiri Oued Adjoul', 'Khiri Oued Adjoul', 224),
(639, '648', '   ', 'Boudria Beniyadjis', 'Boudria Beniyadjis', 225),
(640, '654', '', 'Djimla', 'Djimla', 225),
(641, '663', '', 'Kaous', 'Kaous', 226),
(642, '673', '', 'Texenna', 'Texenna', 226),
(643, '729', '', 'Setif', 'Setif', 227),
(644, '678', ' ', 'Ain El Kebira', 'Ain El Kebira', 228),
(645, '703', '', 'Dehamcha', 'Dehamcha', 228),
(646, '722', ' ', 'Ouled Addouane', 'Ouled Addouane', 228),
(647, '683', ' ', 'Ain-Sebt', 'Ain-Sebt', 229),
(648, '695', ' ', 'Beni-Aziz', 'Beni-Aziz', 229),
(649, '718', '', 'Maaouia', 'Maaouia', 229),
(650, '690', '', 'Bellaa', 'Bellaa', 230),
(651, '698', ' ', 'Bir-El-Arch', 'Bir-El-Arch', 230),
(652, '708', '', 'El-Ouldja', 'El-Ouldja', 230),
(653, '730', '', 'Tachouda', 'Tachouda', 230),
(654, '687', '', 'Babor', 'Babor', 231),
(655, '728', ' ', 'Serdj-El-Ghoul', 'Serdj-El-Ghoul', 231),
(656, '712', '', 'Guidjel', 'Guidjel', 232),
(657, '723', ' ', 'Ouled Sabor', 'Ouled Sabor', 232),
(658, '688', ' ', 'Bazer-Sakra', 'Bazer-Sakra', 233),
(659, '706', '', 'El Eulma', 'El Eulma', 233),
(660, '710', ' ', 'Guelta Zerka', 'Guelta Zerka', 233),
(661, '692', ' ', 'Beni Fouda', 'Beni Fouda', 234),
(662, '704', '', 'Djemila', 'Djemila', 234),
(663, '681', ' ', 'Ain-Legradj', 'Ain-Legradj', 235),
(664, '691', ' ', 'Beni Chebana', 'Beni Chebana', 235),
(665, '693', ' ', 'Beni Ourtilane', 'Beni Ourtilane', 235),
(666, '696', ' ', 'Beni-Mouhli', 'Beni-Mouhli', 235),
(667, '675', ' ', 'Ain Abessa', 'Ain Abessa', 236),
(668, '676', ' ', 'Ain Arnat', 'Ain Arnat', 236),
(669, '707', '', 'El Ouricia', 'El Ouricia', 236),
(670, '720', '', 'Mezloug', 'Mezloug', 236),
(671, '686', '', 'Amoucha', 'Amoucha', 237),
(672, '721', ' ', 'Oued El Bared', 'Oued El Bared', 237),
(673, '734', ' ', 'Tizi N\'bechar', 'Tizi N\'bechar', 237),
(674, '680', ' ', 'Ain Oulmene', 'Ain Oulmene', 238),
(675, '709', '', 'Guellal', 'Guellal', 238),
(676, '717', ' ', 'Kasr El Abtal', 'Kasr El Abtal', 238),
(677, '724', '  ', 'Ouled Si Ahmed', 'Ouled Si Ahmed', 238),
(678, '684', '  ', 'Ait Naoual Mezada', 'Ait Naoual Mezada', 239),
(679, '685', ' ', 'Ait-Tizi', 'Ait-Tizi', 239),
(680, '699', '', 'Bouandas', 'Bouandas', 239),
(681, '701', '', 'Bousselam', 'Bousselam', 239),
(682, '713', ' ', 'Hamam Soukhna', 'Hamam Soukhna', 240),
(683, '732', '', 'Taya', 'Taya', 240),
(684, '733', '', 'Tella', 'Tella', 240),
(685, '702', '', 'Boutaleb', 'Boutaleb', 241),
(686, '714', '', 'Hamma', 'Hamma', 241),
(687, '725', ' ', 'Ouled Tebben', 'Ouled Tebben', 241),
(688, '726', '', 'Rosfa', 'Rosfa', 241),
(689, '727', ' ', 'Salah Bey', 'Salah Bey', 241),
(690, '677', ' ', 'Ain Azel', 'Ain Azel', 242),
(691, '679', ' ', 'Ain Lahdjar', 'Ain Lahdjar', 242),
(692, '689', ' ', 'Beidha Bordj', 'Beidha Bordj', 242),
(693, '697', ' ', 'Bir Haddada', 'Bir Haddada', 242),
(694, '711', '', 'Guenzet', 'Guenzet', 243),
(695, '716', '', 'Harbil', 'Harbil', 243),
(696, '682', ' ', 'Ain-Roua', 'Ain-Roua', 244),
(697, '694', ' ', 'Beni Oussine', 'Beni Oussine', 244),
(698, '700', '', 'Bougaa', 'Bougaa', 244),
(699, '705', ' ', 'Draa-Kebila', 'Draa-Kebila', 245),
(700, '715', ' ', 'Hammam Guergour', 'Hammam Guergour', 245),
(701, '719', '', 'Maouaklane', 'Maouaklane', 246),
(702, '731', ' ', 'Tala-Ifacene', 'Tala-Ifacene', 246),
(703, '745', '', 'Saida', 'Saida', 247),
(704, '735', ' ', 'Ain El Hadjar', 'Ain El Hadjar', 248),
(705, '742', ' ', 'Moulay Larbi', 'Moulay Larbi', 248),
(706, '746', ' ', 'Sidi Ahmed', 'Sidi Ahmed', 248),
(707, '738', ' ', 'Doui Thabet', 'Doui Thabet', 249),
(708, '750', '', 'Youb', 'Youb', 249),
(709, '740', '', 'Hounet', 'Hounet', 250),
(710, '744', ' ', 'Ouled Khaled', 'Ouled Khaled', 250),
(711, '747', ' ', 'Sidi Amar', 'Sidi Amar', 250),
(712, '748', ' ', 'Sidi Boubekeur', 'Sidi Boubekeur', 250),
(713, '736', ' ', 'Ain Sekhouna', 'Ain Sekhouna', 251),
(714, '739', '', 'El Hassasna', 'El Hassasna', 251),
(715, '741', '', 'Maamora', 'Maamora', 251),
(716, '737', ' ', 'Ain Soltane', 'Ain Soltane', 252),
(717, '743', ' ', 'Ouled Brahim', 'Ouled Brahim', 252),
(718, '749', '', 'Tircine', 'Tircine', 252),
(719, '772', '', 'Filfila', 'Filfila', 253),
(720, '773', ' ', 'Hammadi Krouma', 'Hammadi Krouma', 253),
(721, '785', '', 'Skikda', 'Skikda', 253),
(722, '754', ' ', 'Ain Zouit', 'Ain Zouit', 254),
(723, '762', '', 'Bouchetata', 'Bouchetata', 254),
(724, '768', '', 'El Hadaiek', 'El Hadaiek', 254),
(725, '752', ' ', 'Ain Charchar', 'Ain Charchar', 255),
(726, '755', '', 'Azzaba', 'Azzaba', 255),
(727, '765', '  ', 'Djendel Saadi Mohamed', 'Djendel Saadi Mohamed', 255),
(728, '767', '', 'El Ghedir', 'El Ghedir', 255),
(729, '771', '', 'Es Sebt', 'Es Sebt', 255),
(730, '756', ' ', 'Bekkouche Lakhdar', 'Bekkouche Lakhdar', 256),
(731, '757', ' ', 'Ben Azzouz', 'Ben Azzouz', 256),
(732, '769', '', 'El Marsa', 'El Marsa', 256),
(733, '760', ' ', 'Beni Zid', 'Beni Zid', 257),
(734, '763', '', 'Cheraia', 'Cheraia', 257),
(735, '764', '', 'Collo', 'Collo', 257),
(736, '776', ' ', 'Khenag Maoune', 'Khenag Maoune', 258),
(737, '777', ' ', 'Oued Zhour', 'Oued Zhour', 258),
(738, '779', ' ', 'Ouled Attia', 'Ouled Attia', 258),
(739, '774', '', 'Kanoua', 'Kanoua', 259),
(740, '788', '', 'Zitouna', 'Zitouna', 259),
(741, '766', '', 'El Arrouch', 'El Arrouch', 260),
(742, '770', ' ', 'Emjez Edchich', 'Emjez Edchich', 260),
(743, '780', ' ', 'Ouled Habbaba', 'Ouled Habbaba', 260),
(744, '783', '  ', 'Salah Bouchaour', 'Salah Bouchaour', 260),
(745, '787', '', 'Zerdezas', 'Zerdezas', 260),
(746, '751', ' ', 'Ain Bouziane', 'Ain Bouziane', 261),
(747, '759', ' ', 'Beni Oulbane', 'Beni Oulbane', 261),
(748, '784', ' ', 'Sidi Mezghiche', 'Sidi Mezghiche', 261),
(749, '758', ' ', 'Beni Bechir', 'Beni Bechir', 262),
(750, '782', ' ', 'Ramdane Djamel', 'Ramdane Djamel', 262),
(751, '761', ' ', 'Bin El Ouiden', 'Bin El Ouiden', 263),
(752, '775', '', 'Kerkara', 'Kerkara', 263),
(753, '786', '', 'Tamalous', 'Tamalous', 263),
(754, '753', ' ', 'Ain Kechra', 'Ain Kechra', 264),
(755, '778', ' ', 'Ouldja Boulbalout', 'Ouldja Boulbalout', 264),
(756, '781', ' ', 'Oum Toub', 'Oum Toub', 265),
(757, '824', ' ', 'Sidi Bel-Abbes', 'Sidi Bel-Abbes', 266),
(758, '791', ' ', 'Ain Thrid', 'Ain Thrid', 267),
(759, '820', ' ', 'Sehala Thaoura', 'Sehala Thaoura', 267),
(760, '838', '', 'Tessala', 'Tessala', 267),
(761, '796', '', 'Belarbi', 'Belarbi', 268),
(762, '813', '  ', 'Mostefa  Ben Brahim', 'Mostefa  Ben Brahim', 268),
(763, '839', '', 'Tilmouni', 'Tilmouni', 268),
(764, '840', '', 'Zerouala', 'Zerouala', 268),
(765, '803', '', 'Dhaya', 'Dhaya', 269),
(766, '812', '', 'Mezaourou', 'Mezaourou', 269),
(767, '835', '', 'Teghalimet', 'Teghalimet', 269),
(768, '836', '', 'Telagh', 'Telagh', 269),
(769, '790', ' ', 'Ain Kada', 'Ain Kada', 270),
(770, '807', '', 'Lamtar', 'Lamtar', 270),
(771, '823', '  ', 'Sidi Ali Boussidi', 'Sidi Ali Boussidi', 270),
(772, '827', '  ', 'Sidi Dahou Zairs', 'Sidi Dahou Zairs', 270),
(773, '799', ' ', 'Bir El Hammam', 'Bir El Hammam', 271),
(774, '809', '', 'Marhoum', 'Marhoum', 271),
(775, '826', ' ', 'Sidi Chaib', 'Sidi Chaib', 271),
(776, '794', '', 'Amarnas', 'Amarnas', 272),
(777, '829', ' ', 'Sidi Khaled', 'Sidi Khaled', 272),
(778, '830', ' ', 'Sidi Lahcene', 'Sidi Lahcene', 272),
(779, '831', ' ', 'Sidi Yacoub', 'Sidi Yacoub', 272),
(780, '798', '  ', 'Benachiba Chelia', 'Benachiba Chelia', 273),
(781, '805', ' ', 'Hassi Dahou', 'Hassi Dahou', 273),
(782, '816', ' ', 'Oued Sefioun', 'Oued Sefioun', 273),
(783, '837', '', 'Tenira', 'Tenira', 273),
(784, '792', ' ', 'Ain Tindamine', 'Ain Tindamine', 274),
(785, '804', '', 'El Hacaiba', 'El Hacaiba', 274),
(786, '814', ' ', 'Moulay Slissen', 'Moulay Slissen', 274),
(787, '811', '', 'Merine', 'Merine', 275),
(788, '817', ' ', 'Oued Taourira', 'Oued Taourira', 275),
(789, '833', '', 'Taoudmout', 'Taoudmout', 275),
(790, '834', '', 'Tefessour', 'Tefessour', 275),
(791, '815', ' ', 'Oued Sebaa', 'Oued Sebaa', 276),
(792, '818', ' ', 'Ras El Ma', 'Ras El Ma', 276),
(793, '819', ' ', 'Redjem Demouche', 'Redjem Demouche', 276),
(794, '789', ' ', 'Ain El Berd', 'Ain El Berd', 277),
(795, '808', '', 'Makedra', 'Makedra', 277),
(796, '825', ' ', 'Sidi Brahim', 'Sidi Brahim', 277),
(797, '828', ' ', 'Sidi Hamadouche', 'Sidi Hamadouche', 277),
(798, '793', ' ', 'Ain- Adden', 'Ain- Adden', 278),
(799, '800', ' ', 'Boudjebaa El Bordj', 'Boudjebaa El Bordj', 278),
(800, '810', '', 'M\'cid', 'M\'cid', 278),
(801, '821', '', 'Sfisef', 'Sfisef', 278),
(802, '795', ' ', 'Bedrabine El Mokrani', 'Bedrabine El Mokrani', 279),
(803, '797', ' ', 'Ben Badis', 'Ben Badis', 279),
(804, '802', ' ', 'Chetouane Belaila', 'Chetouane Belaila', 279),
(805, '806', ' ', 'Hassi Zahana', 'Hassi Zahana', 279),
(806, '801', '', 'Boukhanefis', 'Boukhanefis', 280),
(807, '822', '   ', 'Sidi Ali Benyoub', 'Sidi Ali Benyoub', 280),
(808, '832', '', 'Tabia', 'Tabia', 280),
(809, '842', '', 'Annaba', 'Annaba', 281),
(810, '850', '', 'Seraidi', 'Seraidi', 281),
(811, '843', '', 'Berrahal', 'Berrahal', 282),
(812, '849', ' ', 'Oued El Aneb', 'Oued El Aneb', 282),
(813, '852', '', 'Treat', 'Treat', 282),
(814, '848', '', 'El Hadjar', 'El Hadjar', 283),
(815, '851', ' ', 'Sidi Amar', 'Sidi Amar', 283),
(816, '846', '', 'El Bouni', 'El Bouni', 284),
(817, '841', ' ', 'Ain El Berda', 'Ain El Berda', 285),
(818, '845', '', 'Cheurfa', 'Cheurfa', 285),
(819, '847', '', 'El Eulma', 'El Eulma', 285),
(820, '844', '', 'Chetaibi', 'Chetaibi', 286),
(821, '859', ' ', 'Bendjarah', 'Bendjarah', 287),
(822, '871', '', 'Guelma', 'Guelma', 287),
(823, '856', ' ', 'Ain Regada', 'Ain Regada', 288),
(824, '861', ' ', 'Bordj Sabath', 'Bordj Sabath', 288),
(825, '882', ' ', 'Oued Zenati', 'Oued Zenati', 288),
(826, '854', ' ', 'Ain Larbi', 'Ain Larbi', 289),
(827, '855', ' ', 'Ain Makhlouf', 'Ain Makhlouf', 289),
(828, '886', '', 'Tamlouka', 'Tamlouka', 289),
(829, '857', ' ', 'Ain Sandel', 'Ain Sandel', 290),
(830, '862', '', 'Bou Hachana', 'Bou Hachana', 290),
(831, '876', '', 'Khezaras', 'Khezaras', 290),
(832, '858', '', 'Belkheir', 'Belkheir', 291),
(833, '860', ' ', 'Beni Mezline', 'Beni Mezline', 291),
(834, '866', ' ', 'Boumahra Ahmed', 'Boumahra Ahmed', 291),
(835, '868', ' ', 'Djeballah Khemissi', 'Djeballah Khemissi', 291),
(836, '870', ' ', 'Guelaat Bou Sbaa', 'Guelaat Bou Sbaa', 291),
(837, '875', '', 'Nechmaya', 'Nechmaya', 291),
(838, '863', '', 'Bou Hamdane', 'Bou Hamdane', 292),
(839, '872', ' ', 'Hammam Debagh', 'Hammam Debagh', 292),
(840, '884', '', 'Roknia', 'Roknia', 292),
(841, '867', '', 'Dahouara', 'Dahouara', 293),
(842, '873', ' ', 'Hammam N\'bail', 'Hammam N\'bail', 293),
(843, '880', ' ', 'Oued Cheham', 'Oued Cheham', 293),
(844, '853', '  ', 'Ain Ben Beida', 'Ain Ben Beida', 294),
(845, '865', '', 'Bouchegouf', 'Bouchegouf', 294),
(846, '878', ' ', 'Medjez Sfa', 'Medjez Sfa', 294),
(847, '881', ' ', 'Oued Ferragha', 'Oued Ferragha', 294),
(848, '864', ' ', 'Bouati Mahmoud', 'Bouati Mahmoud', 295),
(849, '869', '', 'El Fedjoudj', 'El Fedjoudj', 295),
(850, '874', '', 'Heliopolis', 'Heliopolis', 295),
(851, '877', ' ', 'Medjez Amar', 'Medjez Amar', 296),
(852, '879', ' ', 'Houari Boumedienne', 'Houari Boumedienne', 296),
(853, '883', ' ', 'Ras El Agba', 'Ras El Agba', 296),
(854, '885', ' ', 'Sellaoua Announa', 'Sellaoua Announa', 296),
(855, '891', '', 'Constantine', 'Constantine', 297),
(856, '892', ' ', 'Didouche Mourad', 'Didouche Mourad', 298),
(857, '894', ' ', 'Hamma Bouziane', 'Hamma Bouziane', 298),
(858, '890', ' ', 'Beni Hamidane', 'Beni Hamidane', 299),
(859, '898', ' ', 'Zighoud Youcef', 'Zighoud Youcef', 299),
(860, '888', ' ', 'Ain Smara', 'Ain Smara', 300),
(861, '893', '', 'El Khroub', 'El Khroub', 300),
(862, '897', ' ', 'Ouled Rahmoun', 'Ouled Rahmoun', 300),
(863, '887', ' ', 'Ain Abid', 'Ain Abid', 301),
(864, '889', '  ', 'Ben Badis', 'Ben Badis', 301),
(865, '895', ' ', 'Ibn Ziad', 'Ibn Ziad', 302),
(866, '896', ' ', 'Messaoud Boudjeriou', 'Messaoud Boudjeriou', 302),
(867, '919', ' ', 'Draa Esmar', 'Draa Esmar', 303),
(868, '931', '', 'Medea', 'Medea', 303),
(869, '959', '', 'Tamesguida', 'Tamesguida', 303),
(870, '904', ' ', 'Ben Chicao', 'Ben Chicao', 304),
(871, '922', '', 'El Hamdania', 'El Hamdania', 304),
(872, '945', '', 'Ouzera', 'Ouzera', 304),
(873, '960', ' ', 'Tizi Mahdi', 'Tizi Mahdi', 304),
(874, '899', ' ', 'Ain Boucif', 'Ain Boucif', 305),
(875, '925', '', 'El Ouinet', 'El Ouinet', 305),
(876, '927', ' ', 'Kef Lakhdar', 'Kef Lakhdar', 305),
(877, '942', ' ', 'Ouled Emaaraf', 'Ouled Emaaraf', 305),
(878, '951', ' ', 'Sidi Demed', 'Sidi Demed', 305),
(879, '903', '', 'Baata', 'Baata', 306),
(880, '924', '', 'El Omaria', 'El Omaria', 306),
(881, '940', ' ', 'Ouled Brahim', 'Ouled Brahim', 306),
(882, '907', '  ', 'Bir Ben Laabed', 'Bir Ben Laabed', 307),
(883, '921', ' ', 'El Guelbelkebir', 'El Guelbelkebir', 307),
(884, '948', '', 'Sedraya', 'Sedraya', 307),
(885, '900', ' ', 'Ain Ouksir', 'Ain Ouksir', 308),
(886, '915', ' ', 'Chelalet El Adhaoura', 'Chelalet El Adhaoura', 308),
(887, '916', '', 'Cheniguel', 'Cheniguel', 308),
(888, '958', '', 'Tafraout', 'Tafraout', 308),
(889, '911', '', 'Bouchrahil', 'Bouchrahil', 309),
(890, '928', ' ', 'Khams Djouamaa', 'Khams Djouamaa', 309),
(891, '952', ' ', 'Sidi Naamane', 'Sidi Naamane', 309),
(892, '902', '', 'Aziz', 'Aziz', 310),
(893, '917', '', 'Derrag', 'Derrag', 310),
(894, '944', ' ', 'Oum El Djellil', 'Oum El Djellil', 310),
(895, '918', '', 'Djouab', 'Djouab', 311);
INSERT INTO `t_01_02_05` (`f_00`, `f_01`, `f_02`, `f_03`, `f_04`, `f_05`) VALUES
(896, '954', ' ', 'Sidi Zahar', 'Sidi Zahar', 311),
(897, '955', ' ', 'Sidi Ziane', 'Sidi Ziane', 311),
(898, '956', '', 'Souagui', 'Souagui', 311),
(899, '929', ' ', 'Ksar El Boukhari', 'Ksar El Boukhari', 312),
(900, '934', '', 'M\'fatha', 'M\'fatha', 312),
(901, '947', '', 'Saneg', 'Saneg', 312),
(902, '920', '', 'El Azizia', 'El Azizia', 313),
(903, '930', '', 'Maghraoua', 'Maghraoua', 313),
(904, '935', '', 'Mihoub', 'Mihoub', 313),
(905, '909', '', 'Bouaiche', 'Bouaiche', 314),
(906, '912', '', 'Boughzoul', 'Boughzoul', 314),
(907, '914', '', 'Chabounia', 'Chabounia', 314),
(908, '926', '', 'Hannacha', 'Hannacha', 315),
(909, '936', '', 'Ouamri', 'Ouamri', 315),
(910, '937', ' ', 'Oued Harbil', 'Oued Harbil', 315),
(911, '910', '', 'Bouaichoune', 'Bouaichoune', 316),
(912, '939', ' ', 'Ouled Bouachra', 'Ouled Bouachra', 316),
(913, '950', ' ', 'Si Mahdjoub', 'Si Mahdjoub', 316),
(914, '905', ' ', 'Beni Slimane', 'Beni Slimane', 317),
(915, '913', '', 'Bouskene', 'Bouskene', 317),
(916, '953', ' ', 'Sidi Rabie', 'Sidi Rabie', 317),
(917, '906', '', 'Berrouaghia', 'Berrouaghia', 318),
(918, '941', ' ', 'Ouled Deid', 'Ouled Deid', 318),
(919, '946', '', 'Rebaia', 'Rebaia', 318),
(920, '932', '', 'Medjebar', 'Medjebar', 319),
(921, '949', '', 'Seghouane', 'Seghouane', 319),
(922, '961', ' ', 'Tletat Ed Douair', 'Tletat Ed Douair', 319),
(923, '962', '', 'Zoubiria', 'Zoubiria', 319),
(924, '901', '', 'Aissaouia', 'Aissaouia', 320),
(925, '923', '', 'El Haoudane', 'El Haoudane', 320),
(926, '933', '', 'Mezerana', 'Mezerana', 320),
(927, '957', '', 'Tablat', 'Tablat', 320),
(928, '908', '', 'Boghar', 'Boghar', 321),
(929, '938', ' ', 'Ouled Antar', 'Ouled Antar', 321),
(930, '943', ' ', 'Ouled Hellal', 'Ouled Hellal', 321),
(931, '979', '', 'Mostaganem', 'Mostaganem', 322),
(932, '965', ' ', 'Ain-Nouissy', 'Ain-Nouissy', 323),
(933, '970', '', 'Fornaka', 'Fornaka', 323),
(934, '973', ' ( ', 'Hassiane', 'Hassiane', 323),
(935, '972', ' ', 'Hassi Mameche', 'Hassi Mameche', 324),
(936, '977', '', 'Mazagran', 'Mazagran', 324),
(937, '992', '', 'Stidia', 'Stidia', 324),
(938, '967', ' ', 'Ain-Tedles', 'Ain-Tedles', 325),
(939, '981', ' ', 'Oued El Kheir', 'Oued El Kheir', 325),
(940, '987', ' ', 'Sidi Belaattar', 'Sidi Belaattar', 325),
(941, '991', '', 'Sour', 'Sour', 325),
(942, '964', ' ', 'Ain-Boudinar', 'Ain-Boudinar', 326),
(943, '975', ' ', 'Kheir-Eddine', 'Kheir-Eddine', 326),
(944, '985', '', 'Sayada', 'Sayada', 326),
(945, '983', '  ', 'Ouled-Maalah', 'Ouled-Maalah', 327),
(946, '986', ' ', 'Sidi Ali', 'Sidi Ali', 327),
(947, '993', '', 'Tazgait', 'Tazgait', 327),
(948, '968', '   ', 'Benabdelmalek Ramdane', 'Benabdelmalek Ramdane', 328),
(949, '971', '', 'Hadjadj', 'Hadjadj', 328),
(950, '988', ' ', 'Sidi-Lakhdar', 'Sidi-Lakhdar', 328),
(951, '963', '', 'Achaacha', 'Achaacha', 329),
(952, '974', '', 'Khadra', 'Khadra', 329),
(953, '980', '', 'Nekmaria', 'Nekmaria', 329),
(954, '982', ' ', 'Ouled Boughalem', 'Ouled Boughalem', 329),
(955, '969', '', 'Bouguirat', 'Bouguirat', 330),
(956, '984', '', 'Safsaf', 'Safsaf', 330),
(957, '989', '', 'Sirat', 'Sirat', 330),
(958, '990', '', 'Souaflia', 'Souaflia', 330),
(959, '966', '  ', 'Ain-Sidi Cherif', 'Ain-Sidi Cherif', 331),
(960, '976', '', 'Mansourah', 'Mansourah', 331),
(961, '978', '', 'Mesra', 'Mesra', 331),
(962, '994', '', 'Touahria', 'Touahria', 331),
(963, '1023', '', 'M\'sila', 'M\'sila', 332),
(964, '1013', ' ', 'Hammam Dalaa', 'Hammam Dalaa', 333),
(965, '1025', '', 'Ouanougha', 'Ouanougha', 333),
(966, '1029', ' ', 'Ouled Mansour', 'Ouled Mansour', 333),
(967, '1040', '', 'Tarmount', 'Tarmount', 333),
(968, '1016', '', 'Maadid', 'Maadid', 334),
(969, '1024', '', 'M\'tarfa', 'M\'tarfa', 334),
(970, '1026', '  ', 'Ouled Addi Guebala', 'Ouled Addi Guebala', 334),
(971, '1027', ' ', 'Ouled Derradj', 'Ouled Derradj', 334),
(972, '1038', '', 'Souamaa', 'Souamaa', 334),
(973, '1012', '', 'El Houamed', 'El Houamed', 335),
(974, '1015', '', 'Khoubana', 'Khoubana', 335),
(975, '1019', '', 'M\'cif', 'M\'cif', 335),
(976, '1008', '', 'Chellal', 'Chellal', 336),
(977, '1014', '  ', 'Khettouti Sed-El-Jir', 'Khettouti Sed-El-Jir', 336),
(978, '1017', '', 'Maarif', 'Maarif', 336),
(979, '1028', ' ', 'Ouled Madhi', 'Ouled Madhi', 336),
(980, '998', ' ', 'Ain Khadra', 'Ain Khadra', 337),
(981, '1000', '', 'Belaiba', 'Belaiba', 337),
(982, '1004', '', 'Berhoum', 'Berhoum', 337),
(983, '1009', '', 'Dehahna', 'Dehahna', 337),
(984, '1018', '', 'Magra', 'Magra', 337),
(985, '1002', ' ', 'Beni Ilmane', 'Beni Ilmane', 338),
(986, '1007', ' ', 'Bouti Sayeh', 'Bouti Sayeh', 338),
(987, '1033', ' ', 'Sidi Aissa', 'Sidi Aissa', 338),
(988, '995', ' ', 'Ain El Hadjel', 'Ain El Hadjel', 339),
(989, '1035', ' ', 'Sidi Hadjeres', 'Sidi Hadjeres', 339),
(990, '1006', '', 'Bou Saada', 'Bou Saada', 340),
(991, '1011', '', 'El Hamel', 'El Hamel', 340),
(992, '1032', '', 'Oulteme', 'Oulteme', 340),
(993, '1003', ' ', 'Benzouh', 'Benzouh', 341),
(994, '1030', '  ', 'Ouled Sidi Brahim', 'Ouled Sidi Brahim', 341),
(995, '1034', ' ', 'Sidi Ameur', 'Sidi Ameur', 342),
(996, '1039', '', 'Tamsa', 'Tamsa', 342),
(997, '1001', ' ', 'Ben Srour', 'Ben Srour', 343),
(998, '1022', ' ', 'Mohamed Boudiaf', 'Mohamed Boudiaf', 343),
(999, '1031', ' ', 'Ouled Slimane', 'Ouled Slimane', 343),
(1000, '1041', '', 'Zarzour', 'Zarzour', 343),
(1001, '996', ' ', 'Ain El Melh', 'Ain El Melh', 344),
(1002, '997', ' ', 'Ain Fares', 'Ain Fares', 344),
(1003, '999', ' ', 'Ain Rich', 'Ain Rich', 344),
(1004, '1005', ' ', 'Bir Foda', 'Bir Foda', 344),
(1005, '1036', ' ', 'Sidi M\'hamed', 'Sidi M\'hamed', 344),
(1006, '1020', '', 'Medjedel', 'Medjedel', 345),
(1007, '1021', '', 'Menaa', 'Menaa', 345),
(1008, '1010', ' ', 'Djebel Messaad', 'Djebel Messaad', 346),
(1009, '1037', '', 'Slim', 'Slim', 346),
(1010, '1069', '', 'Mascara', 'Mascara', 347),
(1011, '1050', '', 'Bouhanifia', 'Bouhanifia', 348),
(1012, '1055', '', 'El Gueitena', 'El Gueitena', 348),
(1013, '1065', '', 'Hacine', 'Hacine', 348),
(1014, '1057', '', 'El Keurt', 'El Keurt', 349),
(1015, '1061', '', 'Froha', 'Froha', 349),
(1016, '1086', '', 'Tizi', 'Tizi', 349),
(1017, '1079', '', 'Sehailia', 'Sehailia', 350),
(1018, '1083', ' ', 'Sidi Kada', 'Sidi Kada', 350),
(1019, '1085', '', 'Tighennif', 'Tighennif', 350),
(1020, '1056', '', 'El Hachem', 'El Hachem', 351),
(1021, '1073', '', 'Nesmot', 'Nesmot', 351),
(1022, '1088', '', 'Zelamta', 'Zelamta', 351),
(1023, '1044', ' ', 'Ain Ferah', 'Ain Ferah', 352),
(1024, '1075', ' ', 'Oued El Abtal', 'Oued El Abtal', 352),
(1025, '1080', '  ', 'Sidi Abdeldjebar', 'Sidi Abdeldjebar', 352),
(1026, '1063', '', 'Ghriss', 'Ghriss', 353),
(1027, '1067', '', 'Makhda', 'Makhda', 353),
(1028, '1068', '', 'Maoussa', 'Maoussa', 353),
(1029, '1070', '', 'Matemore', 'Matemore', 353),
(1030, '1082', ' ', 'Sidi Boussaid', 'Sidi Boussaid', 353),
(1031, '1052', '', 'El Bordj', 'El Bordj', 354),
(1032, '1059', '', 'El Menaouer', 'El Menaouer', 354),
(1033, '1066', '', 'Khalouia', 'Khalouia', 354),
(1034, '1043', ' ', 'Ain Fekan', 'Ain Fekan', 355),
(1035, '1045', ' ', 'Ain Frass', 'Ain Frass', 355),
(1036, '1064', '', 'Guerdjoum', 'Guerdjoum', 356),
(1037, '1076', ' ', 'Oued Taria', 'Oued Taria', 356),
(1038, '1047', '', 'Aouf', 'Aouf', 357),
(1039, '1048', '', 'Benian', 'Benian', 357),
(1040, '1062', '', 'Gharrous', 'Gharrous', 357),
(1041, '1042', ' ', 'Ain Fares', 'Ain Fares', 358),
(1042, '1058', '', 'El Mamounia', 'El Mamounia', 358),
(1043, '1049', '', 'Bou Henni', 'Bou Henni', 359),
(1044, '1051', '', 'Chorfa', 'Chorfa', 359),
(1045, '1084', '', 'Sig', 'Sig', 359),
(1046, '1046', '', 'Alaimia', 'Alaimia', 360),
(1047, '1074', '', 'Oggaz', 'Oggaz', 360),
(1048, '1077', '  ', 'Ras El Ain Amirouche', 'Ras El Ain Amirouche', 360),
(1049, '1053', '', 'El Gaada', 'El Gaada', 361),
(1050, '1087', '', 'Zahana', 'Zahana', 361),
(1051, '1054', '', 'El Ghomri', 'El Ghomri', 362),
(1052, '1060', '', 'Ferraguig', 'Ferraguig', 362),
(1053, '1071', ' ', 'Mocta-Douz', 'Mocta-Douz', 362),
(1054, '1072', '', 'Mohammadia', 'Mohammadia', 362),
(1055, '1078', '', 'Sedjerara', 'Sedjerara', 362),
(1056, '1081', '  ', 'Sidi Abdelmoumene', 'Sidi Abdelmoumene', 362),
(1057, '1101', '', 'Ouargla', 'Ouargla', 363),
(1058, '1102', '', 'Rouissat', 'Rouissat', 363),
(1059, '1100', '', 'N\'goussa', 'N\'goussa', 364),
(1060, '1096', ' ', 'Hassi Messaoud', 'Hassi Messaoud', 365),
(1061, '1089', ' ', 'Ain Beida', 'Ain Beida', 366),
(1062, '1095', '   ', 'Hassi Ben Abdellah', 'Hassi Ben Abdellah', 366),
(1063, '1103', ' ', 'Sidi Khouiled', 'Sidi Khouiled', 366),
(1064, '1093', '', 'El Borma', 'El Borma', 367),
(1065, '1131', '', 'Oran', 'Oran', 368),
(1066, '1114', ' ', 'Ben Freha', 'Ben Freha', 369),
(1067, '1124', '', 'Gdyel', 'Gdyel', 369),
(1068, '1127', ' ', 'Hassi Mefsoukh', 'Hassi Mefsoukh', 369),
(1069, '1116', ' ', 'Bir El Djir', 'Bir El Djir', 370),
(1070, '1125', '  ', 'Hassi Ben Okba', 'Hassi Ben Okba', 370),
(1071, '1126', ' ', 'Hassi Bounif', 'Hassi Bounif', 370),
(1072, '1122', '', 'El Kerma', 'El Kerma', 371),
(1073, '1123', '', 'Es Senia', 'Es Senia', 371),
(1074, '1134', ' ', 'Sidi Chami', 'Sidi Chami', 371),
(1075, '1113', '', 'Arzew', 'Arzew', 372),
(1076, '1133', '  ', 'Sidi Ben Yebka', 'Sidi Ben Yebka', 372),
(1077, '1110', ' ', 'Ain Biya', 'Ain Biya', 373),
(1078, '1115', '', 'Bethioua', 'Bethioua', 373),
(1079, '1128', ' ', 'Marsat El Hadjadj', 'Marsat El Hadjadj', 373),
(1080, '1112', ' ', 'Ain Turk', 'Ain Turk', 374),
(1081, '1118', '', 'Bousfer', 'Bousfer', 374),
(1082, '1120', '', 'El Ancor', 'El Ancor', 374),
(1083, '1129', ' ', 'Mers El Kebir', 'Mers El Kebir', 374),
(1084, '1117', '', 'Boufatis', 'Boufatis', 375),
(1085, '1121', '', 'El Braya', 'El Braya', 375),
(1086, '1132', ' ', 'Oued Tlelat', 'Oued Tlelat', 375),
(1087, '1135', '', 'Tafraoui', 'Tafraoui', 375),
(1088, '1111', ' ', 'Ain Kerma', 'Ain Kerma', 376),
(1089, '1119', '', 'Boutlelis', 'Boutlelis', 376),
(1090, '1130', '', 'Messerghin', 'Messerghin', 376),
(1091, '1144', '', 'El Bayadh', 'El Bayadh', 377),
(1092, '1142', '', 'Cheguig', 'Cheguig', 378),
(1093, '1150', ' ', 'Kef El Ahmar', 'Kef El Ahmar', 378),
(1094, '1152', '', 'Rogassa', 'Rogassa', 378),
(1095, '1141', '', 'Brezina', 'Brezina', 379),
(1096, '1149', '', 'Ghassoul', 'Ghassoul', 379),
(1097, '1151', '', 'Krakda', 'Krakda', 379),
(1098, '1138', '', 'Boualem', 'Boualem', 380),
(1099, '1153', ' ', 'Sidi Ameur', 'Sidi Ameur', 380),
(1100, '1154', ' ', 'Sidi Slimane', 'Sidi Slimane', 380),
(1101, '1155', ' ', 'Sidi Tiffour', 'Sidi Tiffour', 380),
(1102, '1156', '', 'Stitten', 'Stitten', 380),
(1103, '1136', ' ', 'Ain El Orak', 'Ain El Orak', 381),
(1104, '1137', '', 'Arbaouat', 'Arbaouat', 381),
(1105, '1145', '  ', 'Labiodh Sidi Cheikh', 'Labiodh Sidi Cheikh', 381),
(1106, '1146', '', 'El Bnoud', 'El Bnoud', 381),
(1107, '1139', '', 'Bougtoub', 'Bougtoub', 382),
(1108, '1147', '', 'El Kheiter', 'El Kheiter', 382),
(1109, '1157', '', 'Tousmouline', 'Tousmouline', 382),
(1110, '1140', '', 'Boussemghoun', 'Boussemghoun', 383),
(1111, '1143', '', 'Chellala', 'Chellala', 384),
(1112, '1148', '', 'El Mehara', 'El Mehara', 384),
(1113, '1162', '', 'Illizi', 'Illizi', 385),
(1114, '1159', '  ', 'Bordj Omar Driss', 'Bordj Omar Driss', 386),
(1115, '1160', '', 'Debdeb', 'Debdeb', 386),
(1116, '1163', ' ', 'In Amenas', 'In Amenas', 386),
(1117, '1166', ' ', 'B. B. Arreridj', 'B. B. Arreridj', 387),
(1118, '1165', ' ', 'Ain Tesra', 'Ain Tesra', 388),
(1119, '1187', ' ', 'Ouled Brahem', 'Ouled Brahem', 388),
(1120, '1191', ' ', 'Ras El Oued', 'Ras El Oued', 388),
(1121, '1171', ' ', 'Bordj Zemmoura', 'Bordj Zemmoura', 389),
(1122, '1188', ' ', 'Ouled Dahmane', 'Ouled Dahmane', 389),
(1123, '1195', '', 'Tassamert', 'Tassamert', 389),
(1124, '1168', ' ', 'Ben Daoud', 'Ben Daoud', 390),
(1125, '1179', '', 'El M\'hir', 'El M\'hir', 390),
(1126, '1181', '', 'Haraza', 'Haraza', 390),
(1127, '1185', '', 'Mansoura', 'Mansoura', 390),
(1128, '1189', '  ', 'Ouled Sidi-Brahim', 'Ouled Sidi-Brahim', 390),
(1129, '1164', ' ', 'Ain Taghrout', 'Ain Taghrout', 391),
(1130, '1197', '', 'Tixter', 'Tixter', 391),
(1131, '1167', '', 'Belimour', 'Belimour', 392),
(1132, '1170', ' ', 'Bordj Ghedir', 'Bordj Ghedir', 392),
(1133, '1176', '', 'El Annasseur', 'El Annasseur', 392),
(1134, '1180', '', 'Ghailasa', 'Ghailasa', 392),
(1135, '1194', '', 'Taglait', 'Taglait', 392),
(1136, '1174', '', 'El Euch', 'El Euch', 393),
(1137, '1177', '', 'Elhammadia', 'Elhammadia', 393),
(1138, '1184', '', 'Ksour', 'Ksour', 393),
(1139, '1190', '', 'Rabta', 'Rabta', 393),
(1140, '1175', '', 'El Achir', 'El Achir', 394),
(1141, '1182', '', 'Hasnaoua', 'Hasnaoua', 394),
(1142, '1186', '', 'Medjana', 'Medjana', 394),
(1143, '1196', ' ', 'Teniet En Nasr', 'Teniet En Nasr', 394),
(1144, '1172', '', 'Colla', 'Colla', 395),
(1145, '1173', '', 'Djaafra', 'Djaafra', 395),
(1146, '1178', '', 'El Main', 'El Main', 395),
(1147, '1193', '', 'Tefreg', 'Tefreg', 395),
(1148, '1169', '  ', 'Bir Kasdali', 'Bir Kasdali', 396),
(1149, '1183', '', 'Khelil', 'Khelil', 396),
(1150, '1192', ' ', 'Sidi-Embarek', 'Sidi-Embarek', 396),
(1151, '1206', '', 'Boumerdes', 'Boumerdes', 397),
(1152, '1209', '', 'Corso', 'Corso', 397),
(1153, '1227', '', 'Tidjelabine', 'Tidjelabine', 397),
(1154, '1204', '', 'Boudouaou', 'Boudouaou', 398),
(1155, '1205', ' ', 'Boudouaou El Bahri', 'Boudouaou El Bahri', 398),
(1156, '1207', ' ', 'Bouzegza Keddara', 'Bouzegza Keddara', 398),
(1157, '1212', '', 'El Kharrouba', 'El Kharrouba', 398),
(1158, '1220', ' ', 'Ouled Hedadj', 'Ouled Hedadj', 398),
(1159, '1203', ' ', 'Bordj Menaiel', 'Bordj Menaiel', 399),
(1160, '1211', '', 'Djinet', 'Djinet', 399),
(1161, '1217', '', 'Leghata', 'Leghata', 399),
(1162, '1229', '', 'Zemmouri', 'Zemmouri', 399),
(1163, '1200', '', 'Baghlia', 'Baghlia', 400),
(1164, '1223', ' ', 'Sidi Daoud', 'Sidi Daoud', 400),
(1165, '1225', '', 'Taourga', 'Taourga', 400),
(1166, '1218', '', 'Naciria', 'Naciria', 401),
(1167, '1219', ' ', 'Ouled Aissa', 'Ouled Aissa', 401),
(1168, '1208', ' ', 'Chabet El Ameur', 'Chabet El Ameur', 402),
(1169, '1214', '', 'Isser', 'Isser', 402),
(1170, '1222', ' ', 'Si Mustapha', 'Si Mustapha', 402),
(1171, '1228', '', 'Timezrit', 'Timezrit', 402),
(1172, '1199', '', 'Ammal', 'Ammal', 403),
(1173, '1202', ' ', 'Beni Amrane', 'Beni Amrane', 403),
(1174, '1224', ' ', 'Souk El Had', 'Souk El Had', 403),
(1175, '1226', '', 'Thenia', 'Thenia', 403),
(1176, '1198', '', 'Afir', 'Afir', 404),
(1177, '1201', ' ', 'Ben Choud', 'Ben Choud', 404),
(1178, '1210', '', 'Dellys', 'Dellys', 404),
(1179, '1213', '', 'Hammedi', 'Hammedi', 405),
(1180, '1215', ' ', 'Khemis El Khechna', 'Khemis El Khechna', 405),
(1181, '1216', '', 'Larbatache', 'Larbatache', 405),
(1182, '1221', ' ', 'Ouled Moussa', 'Ouled Moussa', 405),
(1183, '1230', ' ', 'Ain El Assel', 'Ain El Assel', 406),
(1184, '1236', '', 'Bougous', 'Bougous', 406),
(1185, '1246', '', 'El Tarf', 'El Tarf', 406),
(1186, '1253', '', 'Zitouna', 'Zitouna', 406),
(1187, '1231', ' ', 'Ain Kerma', 'Ain Kerma', 407),
(1188, '1237', '', 'Bouhadjar', 'Bouhadjar', 407),
(1189, '1247', '  ', 'Hammam Beni Salah', 'Hammam Beni Salah', 407),
(1190, '1249', ' ', 'Oued Zitoun', 'Oued Zitoun', 407),
(1191, '1233', ' ', 'Ben M Hidi', 'Ben M Hidi', 408),
(1192, '1234', '', 'Berrihane', 'Berrihane', 408),
(1193, '1243', '', 'Echatt', 'Echatt', 408),
(1194, '1244', '', 'El Aioun', 'El Aioun', 409),
(1195, '1245', '', 'El Kala', 'El Kala', 409),
(1196, '1250', ' ', 'Raml Souk', 'Raml Souk', 409),
(1197, '1251', '', 'Souarekh', 'Souarekh', 409),
(1198, '1238', '', 'Bouteldja', 'Bouteldja', 410),
(1199, '1240', '', 'Chefia', 'Chefia', 410),
(1200, '1248', ' ', 'Lac Des Oiseaux', 'Lac Des Oiseaux', 410),
(1201, '1239', ' ', 'Chebaita Mokhtar', 'Chebaita Mokhtar', 411),
(1202, '1241', '', 'Chihani', 'Chihani', 411),
(1203, '1242', '', 'Drean', 'Drean', 411),
(1204, '1232', '', 'Asfour', 'Asfour', 412),
(1205, '1235', '', 'Besbes', 'Besbes', 412),
(1206, '1252', '', 'Zerizer', 'Zerizer', 412),
(1207, '1254', ' ', 'Oum El Assel', 'Oum El Assel', 413),
(1208, '1255', '', 'Tindouf', 'Tindouf', 413),
(1209, '1269', ' ', 'Ouled Bessam', 'Ouled Bessam', 414),
(1210, '1276', '', 'Tissemsilt', 'Tissemsilt', 414),
(1211, '1257', ' ', 'Beni Chaib', 'Beni Chaib', 415),
(1212, '1258', ' ', 'Beni Lahcene', 'Beni Lahcene', 415),
(1213, '1259', ' ', 'Bordj Bounaama', 'Bordj Bounaama', 415),
(1214, '1273', ' ', 'Sidi Slimane', 'Sidi Slimane', 415),
(1215, '1271', ' ', 'Sidi Boutouchent', 'Sidi Boutouchent', 416),
(1216, '1275', ' ', 'Theniet El Had', 'Theniet El Had', 416),
(1217, '1261', '', 'Boucaid', 'Boucaid', 417),
(1218, '1263', '', 'Larbaa', 'Larbaa', 417),
(1219, '1266', '', 'Lazharia', 'Lazharia', 417),
(1220, '1264', '', 'Lardjem', 'Lardjem', 418),
(1221, '1268', '', 'Melaab', 'Melaab', 418),
(1222, '1272', ' ', 'Sidi Lantri', 'Sidi Lantri', 418),
(1223, '1274', '', 'Tamellahet', 'Tamellahet', 418),
(1224, '1260', '   ', 'Bordj El Emir Abdelkader', 'Bordj El Emir Abdelkader', 419),
(1225, '1277', '', 'Youssoufia', 'Youssoufia', 419),
(1226, '1262', '', 'Khemisti', 'Khemisti', 420),
(1227, '1265', '', 'Layoune', 'Layoune', 420),
(1228, '1256', '', 'Ammari', 'Ammari', 421),
(1229, '1267', '', 'Maacem', 'Maacem', 421),
(1230, '1270', ' ', 'Sidi Abed', 'Sidi Abed', 421),
(1231, '1285', '', 'El-Oued', 'El-Oued', 422),
(1232, '1290', '', 'Kouinine', 'Kouinine', 422),
(1233, '1283', '', 'El Ogla', 'El Ogla', 423),
(1234, '1294', '', 'Nakhla', 'Nakhla', 423),
(1235, '1299', '', 'Robbah', 'Robbah', 423),
(1236, '1278', '', 'Bayadha', 'Bayadha', 424),
(1237, '1286', '', 'Guemar', 'Guemar', 425),
(1238, '1297', '', 'Ourmes', 'Ourmes', 425),
(1239, '1304', '', 'Taghzout', 'Taghzout', 425),
(1240, '1287', '', 'Hamraia', 'Hamraia', 426),
(1241, '1298', '', 'Reguiba', 'Reguiba', 426),
(1242, '1280', '', 'Debila', 'Debila', 427),
(1243, '1288', '  ', 'Hassani Abdelkrim', 'Hassani Abdelkrim', 427),
(1244, '1289', ' ', 'Hassi Khalifa', 'Hassi Khalifa', 428),
(1245, '1307', '', 'Trifaoui', 'Trifaoui', 428),
(1246, '1279', '  ', 'Ben Guecha', 'Ben Guecha', 429),
(1247, '1282', ' ', 'Douar El Maa', 'Douar El Maa', 429),
(1248, '1305', ' ', 'Taleb Larbi', 'Taleb Larbi', 429),
(1249, '1291', '', 'Magrane', 'Magrane', 430),
(1250, '1301', ' ', 'Sidi Aoun', 'Sidi Aoun', 430),
(1251, '1292', ' ', 'Mih Ouansa', 'Mih Ouansa', 431),
(1252, '1295', ' ', 'Oued El Alenda', 'Oued El Alenda', 431),
(1253, '1320', '', 'Khenchela', 'Khenchela', 432),
(1254, '1319', '', 'Kais', 'Kais', 433),
(1255, '1325', '', 'Remila', 'Remila', 433),
(1256, '1327', '', 'Taouzianat', 'Taouzianat', 433),
(1257, '1310', '', 'Baghai', 'Baghai', 434),
(1258, '1315', '', 'El Hamma', 'El Hamma', 434),
(1259, '1318', '', 'Ensigha', 'Ensigha', 434),
(1260, '1326', '', 'Tamza', 'Tamza', 434),
(1261, '1308', ' ', 'Ain Touila', 'Ain Touila', 435),
(1262, '1323', '', 'M\'toussa', 'M\'toussa', 435),
(1263, '1311', '', 'Bouhmama', 'Bouhmama', 436),
(1264, '1313', '', 'Chelia', 'Chelia', 436),
(1265, '1322', '', 'M\'sara', 'M\'sara', 436),
(1266, '1328', '', 'Yabous', 'Yabous', 436),
(1267, '1312', '', 'Chechar', 'Chechar', 437),
(1268, '1314', '', 'Djellal', 'Djellal', 437),
(1269, '1317', '', 'El Oueldja', 'El Oueldja', 437),
(1270, '1321', '', 'Khirane', 'Khirane', 437),
(1271, '1309', '', 'Babar', 'Babar', 438),
(1272, '1316', '', 'El Mahmal', 'El Mahmal', 439),
(1273, '1324', ' ', 'Ouled Rechache', 'Ouled Rechache', 439),
(1274, '1349', ' ', 'Souk Ahras', 'Souk Ahras', 440),
(1275, '1329', ' ', 'Ain Soltane', 'Ain Soltane', 441),
(1276, '1336', '', 'Khemissa', 'Khemissa', 441),
(1277, '1347', '', 'Sedrata', 'Sedrata', 441),
(1278, '1334', '', 'Hanencha', 'Hanencha', 442),
(1279, '1337', '', 'Machroha', 'Machroha', 442),
(1280, '1330', ' ', 'Ain Zana', 'Ain Zana', 443),
(1281, '1341', ' ', 'Ouled Driss', 'Ouled Driss', 443),
(1282, '1332', '', 'Drea', 'Drea', 444),
(1283, '1350', '', 'Taoura', 'Taoura', 444),
(1284, '1353', '', 'Zaarouria', 'Zaarouria', 444),
(1285, '1333', '', 'Haddada', 'Haddada', 445),
(1286, '1335', '', 'Khedara', 'Khedara', 445),
(1287, '1342', ' ', 'Ouled Moumen', 'Ouled Moumen', 445),
(1288, '1339', '', 'Merahna', 'Merahna', 446),
(1289, '1344', '', 'Ouillen', 'Ouillen', 446),
(1290, '1348', ' ', 'Sidi Fredj', 'Sidi Fredj', 446),
(1291, '1331', ' ', 'Bir Bouhouche', 'Bir Bouhouche', 447),
(1292, '1346', ' ', 'Safel El Ouiden', 'Safel El Ouiden', 447),
(1293, '1354', '', 'Zouabi', 'Zouabi', 447),
(1294, '1338', '', 'M\'daourouche', 'M\'daourouche', 448),
(1295, '1345', '', 'Ragouba', 'Ragouba', 448),
(1296, '1352', '', 'Tiffech', 'Tiffech', 448),
(1297, '1340', ' ', 'Oued Kebrit', 'Oued Kebrit', 449),
(1298, '1343', ' ', 'Oum El Adhaim', 'Oum El Adhaim', 449),
(1299, '1351', '', 'Terraguelt', 'Terraguelt', 449),
(1300, '1382', '', 'Tipaza', 'Tipaza', 450),
(1301, '1369', '', 'Hadjout', 'Hadjout', 451),
(1302, '1375', '', 'Merad', 'Merad', 451),
(1303, '1374', '', 'Menaceur', 'Menaceur', 452),
(1304, '1377', '', 'Nador', 'Nador', 452),
(1305, '1381', ' ', 'Sidi-Amar', 'Sidi-Amar', 452),
(1306, '1355', '', 'Aghbal', 'Aghbal', 453),
(1307, '1368', '', 'Gouraya', 'Gouraya', 453),
(1308, '1376', '', 'Messelmoun', 'Messelmoun', 453),
(1309, '1364', '', 'Cherchell', 'Cherchell', 454),
(1310, '1370', ' ', 'Hadjret Ennous', 'Hadjret Ennous', 454),
(1311, '1378', ' ', 'Sidi Ghiles', 'Sidi Ghiles', 454),
(1312, '1380', ' ', 'Sidi Semiane', 'Sidi Semiane', 454),
(1313, '1359', ' ', 'Beni Mileuk', 'Beni Mileuk', 455),
(1314, '1365', '', 'Damous', 'Damous', 455),
(1315, '1373', '', 'Larhat', 'Larhat', 455),
(1316, '1366', '', 'Douaouda', 'Douaouda', 456),
(1317, '1367', '', 'Fouka', 'Fouka', 456),
(1318, '1357', ' ', 'Ain Tagourait', 'Ain Tagourait', 457),
(1319, '1360', '', 'Bou Haroun', 'Bou Haroun', 457),
(1320, '1361', '', 'Bou Ismail', 'Bou Ismail', 457),
(1321, '1371', '', 'Khemisti', 'Khemisti', 457),
(1322, '1356', ' ', 'Ahmer El Ain', 'Ahmer El Ain', 458),
(1323, '1362', '', 'Bourkika', 'Bourkika', 458),
(1324, '1379', ' ', 'Sidi Rached', 'Sidi Rached', 458),
(1325, '1358', '', 'Attatba', 'Attatba', 459),
(1326, '1363', '', 'Chaiba', 'Chaiba', 459),
(1327, '1372', '', 'Kolea', 'Kolea', 459),
(1328, '1386', ' ', 'Ain Tine', 'Ain Tine', 460),
(1329, '1398', '', 'Mila', 'Mila', 460),
(1330, '1405', ' ', 'Sidi Khelifa', 'Sidi Khelifa', 460),
(1331, '1395', '', 'Ferdjioua', 'Ferdjioua', 461),
(1332, '1413', '  ', 'Yahia Beniguecha', 'Yahia Beniguecha', 461),
(1333, '1385', ' ', 'Ain Mellouk', 'Ain Mellouk', 462),
(1334, '1390', ' ', 'Chelghoum Laid', 'Chelghoum Laid', 462),
(1335, '1400', ' ', 'Oued Athmenia', 'Oued Athmenia', 462),
(1336, '1394', '', 'El Mechira', 'El Mechira', 463),
(1337, '1402', ' ', 'Oued Seguen', 'Oued Seguen', 463),
(1338, '1409', '', 'Teleghma', 'Teleghma', 463),
(1339, '1388', '   ', 'Benyahia Abderrahmane', 'Benyahia Abderrahmane', 464),
(1340, '1403', ' ', 'Ouled Khalouf', 'Ouled Khalouf', 464),
(1341, '1407', '', 'Tadjenanet', 'Tadjenanet', 464),
(1342, '1383', ' ', 'Ahmed Rachedi', 'Ahmed Rachedi', 465),
(1343, '1401', ' ', 'Oued Endja', 'Oued Endja', 465),
(1344, '1414', '', 'Zeghaia', 'Zeghaia', 465),
(1345, '1389', '', 'Bouhatem', 'Bouhatem', 466),
(1346, '1392', ' ', 'Derrahi Bousselah', 'Derrahi Bousselah', 466),
(1347, '1404', '', 'Rouached', 'Rouached', 467),
(1348, '1412', '', 'Tiberguent', 'Tiberguent', 467),
(1349, '1396', ' ', 'Grarem Gouga', 'Grarem Gouga', 468),
(1350, '1397', '', 'Hamala', 'Hamala', 468),
(1351, '1391', '', 'Chigara', 'Chigara', 469),
(1352, '1406', ' ', 'Sidi Merouane', 'Sidi Merouane', 469),
(1353, '1399', ' ', 'Minar Zarza', 'Minar Zarza', 470),
(1354, '1408', ' ', 'Tassadane Haddada', 'Tassadane Haddada', 470),
(1355, '1387', ' ', 'Amira Arres', 'Amira Arres', 471),
(1356, '1410', ' ', 'Terrai Bainen', 'Terrai Bainen', 471),
(1357, '1411', ' ', 'Tassala Lematai', 'Tassala Lematai', 471),
(1358, '1384', '   ', 'Ain Beida Harriche', 'Ain Beida Harriche', 472),
(1359, '1393', ' ', 'El Ayadi Barbes', 'El Ayadi Barbes', 472),
(1360, '1417', ' ', 'Ain-Defla', 'Ain-Defla', 473),
(1361, '1425', ' ', 'Ben Allal', 'Ben Allal', 474),
(1362, '1442', '', 'Miliana', 'Miliana', 474),
(1363, '1428', '', 'Boumedfaa', 'Boumedfaa', 475),
(1364, '1439', '', 'Hoceinia', 'Hoceinia', 475),
(1365, '1440', ' ', 'Khemis-Miliana', 'Khemis-Miliana', 476),
(1366, '1446', ' ', 'Sidi-Lakhdar', 'Sidi-Lakhdar', 476),
(1367, '1415', ' ', 'Ain-Benian', 'Ain-Benian', 477),
(1368, '1420', ' ', 'Ain-Torki', 'Ain-Torki', 477),
(1369, '1437', ' ', 'Hammam-Righa', 'Hammam-Righa', 477),
(1370, '1429', '', 'Bourached', 'Bourached', 478),
(1371, '1430', '', 'Djelida', 'Djelida', 478),
(1372, '1431', '  ', 'Djemaa Ouled Cheikh', 'Djemaa Ouled Cheikh', 478),
(1373, '1421', '', 'Arib', 'Arib', 479),
(1374, '1434', '', 'El-Amra', 'El-Amra', 479),
(1375, '1441', '', 'Mekhatria', 'Mekhatria', 479),
(1376, '1435', '', 'El-Attaf', 'El-Attaf', 480),
(1377, '1449', '', 'Tiberkanine', 'Tiberkanine', 480),
(1378, '1416', ' ', 'Ain-Bouyahia', 'Ain-Bouyahia', 481),
(1379, '1433', '', 'El-Abadia', 'El-Abadia', 481),
(1380, '1447', ' ', 'Tacheta Zegagha', 'Tacheta Zegagha', 481),
(1381, '1422', '', 'Birbouche', 'Birbouche', 482),
(1382, '1432', '', 'Djendel', 'Djendel', 482),
(1383, '1443', ' ', 'Oued Chorfa', 'Oued Chorfa', 482),
(1384, '1418', ' ', 'Ain-Lechiakh', 'Ain-Lechiakh', 483),
(1385, '1419', ' ', 'Ain-Soltane', 'Ain-Soltane', 483),
(1386, '1444', ' ', 'Oued Djemaa', 'Oued Djemaa', 483),
(1387, '1436', '', 'El-Maine', 'El-Maine', 484),
(1388, '1445', '', 'Rouina', 'Rouina', 484),
(1389, '1450', '', 'Zeddine', 'Zeddine', 484),
(1390, '1426', '  ', 'Bir-Ould-Khelifa', 'Bir-Ould-Khelifa', 485),
(1391, '1427', '  ', 'Bordj-Emir-Khaled', 'Bordj-Emir-Khaled', 485),
(1392, '1448', '  ', 'Tarik-Ibn-Ziad', 'Tarik-Ibn-Ziad', 485),
(1393, '1423', '', 'Bathia', 'Bathia', 486),
(1394, '1424', '', 'Belaas', 'Belaas', 486),
(1395, '1438', '', 'Hassania', 'Hassania', 486),
(1396, '1460', '', 'Naama', 'Naama', 487),
(1397, '1451', '  ', 'Ain Ben Khelil', 'Ain Ben Khelil', 488),
(1398, '1455', '', 'El Biodh', 'El Biodh', 488),
(1399, '1458', '', 'Mecheria', 'Mecheria', 488),
(1400, '1452', ' ', 'Ain Sefra', 'Ain Sefra', 489),
(1401, '1462', '', 'Tiout', 'Tiout', 489),
(1402, '1461', '', 'Sfissifa', 'Sfissifa', 490),
(1403, '1454', ' ', 'Djenienne Bourezg', 'Djenienne Bourezg', 491),
(1404, '1459', '', 'Moghrar', 'Moghrar', 491),
(1405, '1453', '', 'Asla', 'Asla', 492),
(1406, '1456', '', 'Kasdir', 'Kasdir', 493),
(1407, '1457', '  ', 'Makmen Ben Amar', 'Makmen Ben Amar', 493),
(1408, '1466', ' ', 'Ain Temouchent', 'Ain Temouchent', 494),
(1409, '1485', '  ', 'Sidi Ben Adda', 'Sidi Ben Adda', 494),
(1410, '1472', '', 'Chentouf', 'Chentouf', 495),
(1411, '1477', ' ', 'Hammam Bou Hadjar', 'Hammam Bou Hadjar', 495),
(1412, '1478', '', 'Hassasna', 'Hassasna', 495),
(1413, '1480', ' ', 'Oued Berkeche', 'Oued Berkeche', 495),
(1414, '1464', ' ', 'Ain El Arbaa', 'Ain El Arbaa', 496),
(1415, '1481', ' ', 'Oued Sebbah', 'Oued Sebbah', 496),
(1416, '1486', ' ', 'Sidi Boumediene', 'Sidi Boumediene', 496),
(1417, '1489', '', 'Tamzoura', 'Tamzoura', 496),
(1418, '1471', ' ', 'Chaabat El Ham', 'Chaabat El Ham', 497),
(1419, '1474', '', 'El Maleh', 'El Maleh', 497),
(1420, '1483', ' ', 'Ouled Kihal', 'Ouled Kihal', 497),
(1421, '1490', '', 'Terga', 'Terga', 497),
(1422, '1470', '', 'Bouzedjar', 'Bouzedjar', 498),
(1423, '1473', '', 'El Amria', 'El Amria', 498),
(1424, '1475', '', 'El Messaid', 'El Messaid', 498),
(1425, '1479', ' ', 'Hassi El Ghella', 'Hassi El Ghella', 498),
(1426, '1482', ' ', 'Ouled Boudjemaa', 'Ouled Boudjemaa', 498),
(1427, '1463', '', 'Aghlal', 'Aghlal', 499),
(1428, '1465', ' ', 'Ain Kihal', 'Ain Kihal', 499),
(1429, '1467', ' ', 'Ain Tolba', 'Ain Tolba', 499),
(1430, '1468', ' ', 'Aoubellil', 'Aoubellil', 499),
(1431, '1469', ' ', 'Beni Saf', 'Beni Saf', 500),
(1432, '1476', '  ', 'Emir Abdelkader', 'Emir Abdelkader', 500),
(1433, '1488', ' ', 'Sidi Safi', 'Sidi Safi', 500),
(1434, '1484', ' ', 'Oulhaca El Gheraba', 'Oulhaca El Gheraba', 501),
(1435, '1487', ' ', 'Sidi Ouriache', 'Sidi Ouriache', 501),
(1436, '1496', '', 'Ghardaia', 'Ghardaia', 502),
(1437, '1493', '  ', 'Dhayet Bendhahoua', 'Dhayet Bendhahoua', 503),
(1438, '1491', '', 'Berriane', 'Berriane', 504),
(1439, '1501', '', 'Metlili', 'Metlili', 505),
(1440, '1502', '', 'Sebseb', 'Sebseb', 505),
(1441, '1497', '', 'El Guerrara', 'El Guerrara', 506),
(1442, '1503', '', 'Zelfana', 'Zelfana', 507),
(1443, '1492', '', 'Bounoura', 'Bounoura', 508),
(1444, '1494', '', 'El Atteuf', 'El Atteuf', 508),
(1445, '1500', '', 'Mansoura', 'Mansoura', 547),
(1446, '1508', ' ', 'Bendaoud', 'Bendaoud', 509),
(1447, '1533', '', 'Relizane', 'Relizane', 509),
(1448, '1521', '', 'Lahlef', 'Lahlef', 510),
(1449, '1525', '  ', 'Merdja Sidi Abed', 'Merdja Sidi Abed', 510),
(1450, '1526', '', 'Ouarizane', 'Ouarizane', 510),
(1451, '1529', ' ', 'Oued-Rhiou', 'Oued-Rhiou', 510),
(1452, '1514', '', 'El H\'madna', 'El H\'madna', 511),
(1453, '1527', ' ', 'Oued El Djemaa', 'Oued El Djemaa', 511),
(1454, '1510', ' ', 'Beni Zentis', 'Beni Zentis', 512),
(1455, '1523', '', 'Mediouna', 'Mediouna', 512),
(1456, '1536', '   ', 'Sidi M\'hamed Benali', 'Sidi M\'hamed Benali', 512),
(1457, '1506', ' ', 'Ammi Moussa', 'Ammi Moussa', 513),
(1458, '1513', '', 'El Hassi', 'El Hassi', 513),
(1459, '1515', '', 'El Ouldja', 'El Ouldja', 513),
(1460, '1530', ' ', 'Ouled Aiche', 'Ouled Aiche', 513),
(1461, '1509', ' ', 'Beni Dergoun', 'Beni Dergoun', 514),
(1462, '1511', '   ', 'Dar Ben Abdelah', 'Dar Ben Abdelah', 514),
(1463, '1541', '', 'Zemmoura', 'Zemmoura', 514),
(1464, '1512', '', 'Djidiouia', 'Djidiouia', 515),
(1465, '1519', '', 'Hamri', 'Hamri', 515),
(1466, '1531', '  ', 'Ouled Sidi Mihoub', 'Ouled Sidi Mihoub', 515),
(1467, '1507', ' ', 'Belaassel Bouzagza', 'Belaassel Bouzagza', 516),
(1468, '1517', '', 'El-Matmar', 'El-Matmar', 516),
(1469, '1534', '  ', 'Sidi Khettab', 'Sidi Khettab', 516),
(1470, '1537', '   ', 'Sidi M\'hamed Benaouda', 'Sidi M\'hamed Benaouda', 516),
(1471, '1505', ' ', 'Ain-Tarek', 'Ain-Tarek', 517),
(1472, '1518', ' ', 'Had Echkalla', 'Had Echkalla', 517),
(1473, '1516', '', 'El-Guettar', 'El-Guettar', 518),
(1474, '1522', '', 'Mazouna', 'Mazouna', 518),
(1475, '1504', ' ', 'Ain Rahma', 'Ain Rahma', 519),
(1476, '1520', '', 'Kalaa', 'Kalaa', 519),
(1477, '1538', ' ', 'Sidi Saada', 'Sidi Saada', 519),
(1478, '1540', '', 'Yellel', 'Yellel', 519),
(1479, '1532', '', 'Ramka', 'Ramka', 520),
(1480, '1539', ' ', 'Souk El Had', 'Souk El Had', 520),
(1481, '1524', '', 'Mendes', 'Mendes', 521),
(1482, '1528', ' ', 'Oued Essalem', 'Oued Essalem', 521),
(1483, '1535', ' ', 'Sidi Lazreg', 'Sidi Lazreg', 521),
(1484, '7', '', 'Charouine', 'Charouine', 522),
(1485, '14', ' ', 'Ouled Aissa', 'Ouled Aissa', 522),
(1486, '19', '', 'Talmine', 'Talmine', 522),
(1487, '15', ' ', 'Ouled Said', 'Ouled Said', 523),
(1488, '24', '', 'Timimoun', 'Timimoun', 523),
(1489, '11', ' ', 'Ksar Kaddour', 'Ksar Kaddour', 524),
(1490, '25', '', 'Tinerkouk', 'Tinerkouk', 524),
(1491, '3', '', 'Aougrout', 'Aougrout', 525),
(1492, '8', '', 'Deldoul', 'Deldoul', 525),
(1493, '12', '', 'Metarfa', 'Metarfa', 525),
(1494, '5', '  ', 'Bordj Badji Mokhtar', 'Bordj Badji Mokhtar', 526),
(1495, '23', '', 'Timiaouine', 'Timiaouine', 526),
(1496, '237', '', 'Chaiba', 'Chaiba', 527),
(1497, '240', '', 'Doucen', 'Doucen', 527),
(1498, '255', ' ', 'Ouled Djellal', 'Ouled Djellal', 527),
(1499, '232', '', 'Besbes', 'Besbes', 528),
(1500, '258', ' ', 'Ras El Miad', 'Ras El Miad', 528),
(1501, '259', '  ', 'Sidi Khaled', 'Sidi Khaled', 528),
(1502, '274', '', 'Ksabi', 'Ksabi', 529),
(1503, '279', ' ', 'Ouled-Khodeir', 'Ouled-Khodeir', 529),
(1504, '265', ' ', 'Beni-Abbes', 'Beni-Abbes', 530),
(1505, '282', '', 'Tamtert', 'Tamtert', 530),
(1506, '271', '', 'Igli', 'Igli', 531),
(1507, '269', '', 'El Ouata', 'El Ouata', 532),
(1508, '266', ' ', 'Beni-Ikhlef', 'Beni-Ikhlef', 533),
(1509, '273', '', 'Kerzaz', 'Kerzaz', 533),
(1510, '283', '', 'Timoudi', 'Timoudi', 533),
(1511, '360', '', 'Inghar', 'Inghar', 534),
(1512, '357', ' ', 'Ain Salah', 'Ain Salah', 535),
(1513, '358', ' ', 'Foggaret Ezzoua', 'Foggaret Ezzoua', 535),
(1514, '356', ' ', 'Ain Guezzam', 'Ain Guezzam', 536),
(1515, '363', ' ', 'Tin Zouatine', 'Tin Zouatine', 537),
(1516, '1099', '', 'Nezla', 'Nezla', 538),
(1517, '1106', '', 'Tebesbest', 'Tebesbest', 538),
(1518, '1108', '', 'Touggourt', 'Touggourt', 538),
(1519, '1109', ' ', 'Zaouia El Abidia', 'Zaouia El Abidia', 538),
(1520, '1092', '', 'El Alia', 'El Alia', 539),
(1521, '1094', '', 'El-Hadjira', 'El-Hadjira', 539),
(1522, '1090', ' ', 'Benaceur', 'Benaceur', 540),
(1523, '1098', '', 'M\'naguer', 'M\'naguer', 540),
(1524, '1105', '', 'Taibet', 'Taibet', 540),
(1525, '1091', ' ', 'Blidet Amor', 'Blidet Amor', 541),
(1526, '1107', '', 'Temacine', 'Temacine', 541),
(1527, '1097', '', 'Megarine', 'Megarine', 542),
(1528, '1104', ' ', 'Sidi Slimane', 'Sidi Slimane', 542),
(1529, '1158', ' ', 'Bordj El Haouass', 'Bordj El Haouass', 543),
(1530, '1161', '', 'Djanet', 'Djanet', 543),
(1531, '1284', '', 'El-M\'ghaier', 'El-M\'ghaier', 544),
(1532, '1296', ' ', 'Oum Touyour', 'Oum Touyour', 544),
(1533, '1302', ' ', 'Sidi Khelil', 'Sidi Khelil', 544),
(1534, '1303', '', 'Still', 'Still', 544),
(1535, '1281', '', 'Djamaa', 'Djamaa', 545),
(1536, '1293', '', 'M\'rara', 'M\'rara', 545),
(1537, '1300', ' ', 'Sidi Amrane', 'Sidi Amrane', 545),
(1538, '1306', '', 'Tenedla', 'Tenedla', 545),
(1539, '1495', '', 'El Meniaa', 'El Meniaa', 546),
(1540, '1499', ' ', 'Hassi Gara', 'Hassi Gara', 546),
(1541, '1498', ' ', 'Hassi Fehal', 'Hassi Fehal', 547);

-- --------------------------------------------------------

--
-- Table structure for table `t_01_02_06`
--

CREATE TABLE `t_01_02_06` (
  `f_00` bigint(20) NOT NULL,
  `f_01` varchar(100) DEFAULT NULL,
  `f_02` varchar(100) DEFAULT NULL,
  `f_03` varchar(100) NOT NULL,
  `f_06` double DEFAULT NULL,
  `f_04` double NOT NULL,
  `f_05` double NOT NULL,
  `f_07` bigint(20) DEFAULT NULL
) ENGINE=InnoDB DEFAULT CHARSET=utf8mb4 COLLATE=utf8mb4_general_ci;

--
-- Dumping data for table `t_01_02_06`
--

INSERT INTO `t_01_02_06` (`f_00`, `f_01`, `f_02`, `f_03`, `f_06`, `f_04`, `f_05`, `f_07`) VALUES
(1, NULL, NULL, 'Ain El Bia 1', 2, 35.807, -0.343, 1075),
(2, NULL, NULL, 'Ain El Bia 2', 5, 35.835, -0.238, 1075),
(3, NULL, NULL, 'Ain Naga', -2, 34.686, 6.094, 218),
(4, NULL, NULL, 'Ain Tsila', 350, 27.2, 10.5, 1113),
(5, NULL, NULL, 'Al Aricha', 650, 33.82, 1.9, 393),
(6, NULL, NULL, 'Al Atteuf', 495, 32.478, 3.748, 1444),
(7, NULL, NULL, 'Alger', 50, 36.45, 3.2, 544),
(8, NULL, NULL, 'Alrar', 60, 35.4, 0.45, 1116),
(9, NULL, NULL, 'Arzew', 5, 35.835, -0.238, 1075),
(10, NULL, NULL, 'Arzew', 2, 35.862, -0.345, 1065),
(11, NULL, NULL, 'Bjaa', 52, 36.751, 5.059, 166),
(12, NULL, NULL, 'Beni Mensour', 450, 36.336, 4.356, 198),
(13, NULL, NULL, 'Beni Mensour', 750, 33.45, 2.45, 198),
(14, NULL, NULL, 'Beni Saf', 10, 35.301, -1.382, 1431),
(15, NULL, NULL, 'Berkine', 380, 26.418, 9.08, 1057),
(16, NULL, NULL, 'Bethioua', 2, 35.805, -0.241, 1065),
(17, NULL, NULL, 'Bir Rebaa North', 185, 31.85, 5.973, 1062),
(18, NULL, NULL, 'Bord Menaiel', 100, 36.38, 3.8, 1159),
(19, NULL, NULL, 'Bourmadia', 81, 35.732, 0.613, 1447),
(20, NULL, NULL, 'Chaiba', 389, 34.5, 5.25, 1498),
(21, NULL, NULL, 'Deb Deb', 350, 29.968, 9.424, 1115),
(22, NULL, NULL, 'Djamaa1', 280, 33.933, 5.93, 1531),
(23, NULL, NULL, 'Djamaa2', 850, 33.52, 2.85, 1535),
(24, NULL, NULL, 'Djebila', 973, 35.372, 1.325, 413),
(25, NULL, NULL, 'El Borma', 246, 31.006, 8.134, 1064),
(26, NULL, NULL, 'El Merk', 380, 26.418, 9.08, 1057),
(27, NULL, NULL, 'Fadja', 185, 35.193, 1.706, 428),
(28, NULL, NULL, 'Ferme Omar Driss', 495, 35.034, 5.595, 231),
(29, NULL, NULL, 'Flifla', 5, 36.877, 6.906, 721),
(30, NULL, NULL, 'Gassi Touil', 267, 30.271, 6.416, 1060),
(31, NULL, NULL, 'Haoud El Hamra', 156, 31.941, 6.071, 1060),
(32, NULL, NULL, 'Hassi Berkine', 185, 30.559, 5.453, 1060),
(33, NULL, NULL, 'Hassi Delaa', 716, 32.935, 3.269, 58),
(34, NULL, NULL, 'Hassi Messaoud', 85, 31.97, 6.265, 1060),
(35, NULL, NULL, 'Hassi R\'mel', 777, 32.936, 3.269, 58),
(36, NULL, NULL, 'Hassi tedjirane', 180, 31, 7.85, 1064),
(37, NULL, NULL, 'In Amenas', 420, 28.041, 9.543, 1116),
(38, NULL, NULL, 'In Salah', 400, 28.62, 8.62, 1512),
(39, NULL, NULL, 'Isser', 100, 36.38, 3.8, 1169),
(40, NULL, NULL, 'Kenanda', 2, 35.737, 0.556, 1075),
(41, NULL, NULL, 'Krechba', 600, 28.642, 2.825, 1512),
(42, NULL, NULL, 'Labiodh Sidi Cheikh', 966, 32.91, 0.545, 1091),
(43, NULL, NULL, 'Mechtatine', 926, 36.123, 6.789, 1329),
(44, NULL, NULL, 'Medarreg1', 983, 35.425, 1.425, 421),
(45, NULL, NULL, 'Medarreg2', 1080, 35.184, 1.496, 430),
(46, NULL, NULL, 'Medarreg3', 971, 35.103, 1.706, 428),
(47, NULL, NULL, 'Mederba', 380, 27, 8.5, 1116),
(48, NULL, NULL, 'Medjedel', 710, 35.15, 3.683, 1006),
(49, NULL, NULL, 'Mers El Hadjadj', 2, 35.862, -0.345, 1065),
(50, NULL, NULL, 'Mesdar', 172, 31.192, 6.794, 1064),
(51, NULL, NULL, 'Milok1', 885, 33.481, 2.523, 61),
(52, NULL, NULL, 'Milok2', 885, 33.803, 2.875, 52),
(53, NULL, NULL, 'Mohgoun plateau1', 10, 35.83, -0.324, 1065),
(54, NULL, NULL, 'Mohgoun plateau2', 5, 35.863, -0.331, 1065),
(55, NULL, NULL, 'Moudjebara', 1100, 34.507, 3.47, 579),
(56, NULL, NULL, 'M\'seka1', 856, 33.789, 2.583, 52),
(57, NULL, NULL, 'M\'seka2', 875, 33.809, 2.59, 52),
(58, NULL, NULL, 'M\'seka3', 835, 33.769, 2.576, 52),
(59, NULL, NULL, 'M\'Sila', 600, 35.719, 4.523, 963),
(60, NULL, NULL, 'Nador', 1018, 35.288, 1.452, 413),
(61, NULL, NULL, 'Nezla', 182, 33.083, 6.051, 1057),
(62, NULL, NULL, 'N\'Gaous', 580, 35.557, 5.593, 124),
(63, NULL, NULL, 'Ohanet', 600, 28.68, 8.873, 1113),
(64, NULL, NULL, 'Ouargla1', 256, 31.951, 5.331, 1057),
(65, NULL, NULL, 'Ouargla2', 260, 31.933, 5.327, 1057),
(66, NULL, NULL, 'Oued Saf Saf', 85, 35.72, 1.5, 359),
(67, NULL, NULL, 'Ouled Djellal', 397, 34.417, 5.067, 1498),
(68, NULL, NULL, 'Ourhoud', 360, 31.7, 5.85, 1057),
(69, NULL, NULL, 'Reggane', 200, 26.8, -2.8, 4),
(70, NULL, NULL, 'Rhoude El Baguel', 300, 32.15, 2.15, 1064),
(71, NULL, NULL, 'Rhourde Nouss', 252, 29.74, 6.702, 1114),
(72, NULL, NULL, 'Sebaa', 280, 28.21, -0.156, 1),
(73, NULL, NULL, 'Sefiane', 575, 35.235, 6.123, 105),
(74, NULL, NULL, 'Selga/El Outaya', 185, 35.034, 5.595, 231),
(75, NULL, NULL, 'Sidi Arcine', 80, 36.754, 3.059, 544),
(76, NULL, NULL, 'Skikda', 18, 36.885, 6.924, 721),
(77, NULL, NULL, 'Timzhert 1', 890, 33.625, 2.739, 52),
(78, NULL, NULL, 'Timzhert 2', 912, 33.641, 2.741, 52),
(79, NULL, NULL, 'Timzhert 3', 875, 33.608, 2.736, 52),
(80, NULL, NULL, 'Tin-Fouy 1', 470, 28.146, 6.826, 1113),
(81, NULL, NULL, 'Tin-Fouy 2', 400, 27.5, 10.2, 1113),
(82, NULL, NULL, 'Tolga', 495, 34.833, 6.071, 237),
(83, NULL, NULL, 'Zaaroura', 1032, 35.345, 1.319, 413),
(84, NULL, NULL, 'Zina', 166, 31.788, 6.052, 1057),
(85, NULL, NULL, 'Zmelat El Arbi', 920, 33.78, 3.56, 595);

-- --------------------------------------------------------

--
-- Table structure for table `t_01_02_07`
--

CREATE TABLE `t_01_02_07` (
  `f_00` bigint(20) NOT NULL,
  `f_04` double DEFAULT NULL,
  `f_02` double NOT NULL,
  `f_03` double NOT NULL,
  `f_01` int(11) NOT NULL,
  `f_05` bigint(20) NOT NULL
) ENGINE=InnoDB DEFAULT CHARSET=utf8mb4 COLLATE=utf8mb4_general_ci;

-- --------------------------------------------------------

--
-- Table structure for table `t_01_03_01`
--

CREATE TABLE `t_01_03_01` (
  `f_00` bigint(20) NOT NULL,
  `f_01` varchar(50) NOT NULL,
  `f_02` varchar(100) DEFAULT NULL,
  `f_03` varchar(100) DEFAULT NULL,
  `f_04` varchar(100) NOT NULL,
  `f_06` bigint(20) DEFAULT NULL,
  `f_05` bigint(20) NOT NULL
) ENGINE=InnoDB DEFAULT CHARSET=utf8mb4 COLLATE=utf8mb4_general_ci;

--
-- Dumping data for table `t_01_03_01`
--

INSERT INTO `t_01_03_01` (`f_00`, `f_01`, `f_02`, `f_03`, `f_04`, `f_06`, `f_05`) VALUES
(1, 'DG', '  ', 'General Directorate - SONATRACH', 'Direction Gnrale SONATRACH', NULL, 1),
(2, 'EP', ' ', 'Exploration & Production', 'Exploration et Production', 1, 2),
(3, 'TRC', '  ', 'Transport by Pipelines', 'Transport par Canalisations', 1, 2),
(4, 'LQS', ' ', 'Liquefaction & Separation', 'Liqufaction et Sparation', 1, 2),
(5, 'RPC', ' ', 'Refining & Petrochemicals', 'Raffinage et Ptrochimie', 1, 2),
(6, 'COM', '', 'Commercialization', 'Commercialisation', 1, 2),
(7, 'EXP', ' ', 'Operations Division', 'Division Exploitation', 3, 3),
(8, 'MNT', ' ', 'Maintenance Division', 'Division Maintenance', 3, 3),
(9, 'ESR', '   ', 'Studies and Works Monitoring Division', 'Division tude et Suivi des Ralisations', 3, 3),
(10, 'GFG', '   ', 'Gas Flow Management Directorate', 'Direction Gestion Flux Gaz', 7, 4),
(11, 'RTO', '   ', 'Western Regional Transport Directorate', 'Direction Regionale de Transport Ouest', 7, 6),
(12, 'HEH', '    ', 'Haoud El Hamra Regional Transport Directorate', 'Direction Regionale de Transport Haoud El Hamra', 7, 6),
(13, 'RTE', '   ', 'Eastern Regional Transport Directorate', 'Direction Regionale de Transport Est', 7, 6),
(14, 'RTI', '   ', 'Illizi Regional Transport Directorate', 'Direction Regionale de Transport Illizi', 7, 6),
(15, 'RTC', '   ', 'Central Regional Transport Directorate', 'Direction Regionale de Transport Centre', 7, 6),
(16, 'HRM', '    ', 'Hassi RMel Regional Transport Directorate', 'Direction Regionale de Transport Hassi RMel', 7, 6),
(17, 'GEM', '      ', 'Enrico Mattei Gas Pipeline Operational Directorate', 'Direction Oprationnelle du Gazoducs Enrico Mattei', 7, 5),
(18, 'GPDF', '       ', 'Pedro Duran Farell Gas Pipeline Operational Directorate', 'Direction Oprationnelle du Gazoduc Pedro Duran Farell', 7, 5),
(19, 'DGFG', '  ', 'Flow Management Department', 'Dpartement Getion Flux', 10, 8),
(20, 'DOG', '    ', 'Gas Pipeline Operations Department', 'Dpartement Oprations Gasoduc', 10, 8);

-- --------------------------------------------------------

--
-- Table structure for table `t_01_03_02`
--

CREATE TABLE `t_01_03_02` (
  `f_00` bigint(20) NOT NULL,
  `f_01` varchar(10) NOT NULL,
  `f_02` varchar(100) DEFAULT NULL,
  `f_03` varchar(100) DEFAULT NULL,
  `f_04` varchar(100) NOT NULL,
  `f_05` bigint(20) NOT NULL
) ENGINE=InnoDB DEFAULT CHARSET=utf8mb4 COLLATE=utf8mb4_general_ci;

--
-- Dumping data for table `t_01_03_02`
--

INSERT INTO `t_01_03_02` (`f_00`, `f_01`, `f_02`, `f_03`, `f_04`, `f_05`) VALUES
(1, 'CDGFG', 'Department Chef of Gas Flow Management', 'Department Chef of Gas Flow Management', 'Chef Dpartment Gestion Flux Gas', 19),
(2, 'CNDGC', 'Center Chef', 'Center Chef', 'Chef du centre', 16),
(3, 'CDHL', 'Center Chef', 'Center Chef', 'Chef de Centre', 12);

-- --------------------------------------------------------

--
-- Table structure for table `t_01_03_03`
--

CREATE TABLE `t_01_03_03` (
  `f_00` bigint(20) NOT NULL,
  `f_08` varchar(200) DEFAULT NULL,
  `f_09` varchar(200) DEFAULT NULL,
  `f_05` datetime(6) DEFAULT NULL,
  `f_06` varchar(200) DEFAULT NULL,
  `f_07` varchar(200) DEFAULT NULL,
  `f_02` varchar(100) DEFAULT NULL,
  `f_04` varchar(100) NOT NULL,
  `f_01` varchar(100) DEFAULT NULL,
  `f_03` varchar(100) NOT NULL,
  `f_11` bigint(20) DEFAULT NULL,
  `f_10` bigint(20) DEFAULT NULL,
  `f_12` bigint(20) DEFAULT NULL,
  `f_13` bigint(20) DEFAULT NULL
) ENGINE=InnoDB DEFAULT CHARSET=utf8mb4 COLLATE=utf8mb4_general_ci;

--
-- Dumping data for table `t_01_03_03`
--

INSERT INTO `t_01_03_03` (`f_00`, `f_08`, `f_09`, `f_05`, `f_06`, `f_07`, `f_02`, `f_04`, `f_01`, `f_03`, `f_11`, `f_10`, `f_12`, `f_13`) VALUES
(1, 'bbbbbb', 'bbbbbb', '1986-06-26 00:00:00.000000', ' ', 'Hussein Dey', '', 'Abir', '', 'MEDJERAB', 1327, 548, 4, 4);

-- --------------------------------------------------------

--
-- Table structure for table `t_01_03_04`
--

CREATE TABLE `t_01_03_04` (
  `f_14` varchar(50) DEFAULT NULL,
  `f_00` bigint(20) NOT NULL,
  `f_15` bigint(20) NOT NULL
) ENGINE=InnoDB DEFAULT CHARSET=utf8mb4 COLLATE=utf8mb4_general_ci;

--
-- Dumping data for table `t_01_03_04`
--

INSERT INTO `t_01_03_04` (`f_14`, `f_00`, `f_15`) VALUES
('SONT6000', 1, 3);

-- --------------------------------------------------------

--
-- Table structure for table `t_02_01_01`
--

CREATE TABLE `t_02_01_01` (
  `f_00` bigint(20) NOT NULL,
  `f_01` varchar(100) DEFAULT NULL,
  `f_02` varchar(100) DEFAULT NULL,
  `f_03` varchar(100) NOT NULL
) ENGINE=InnoDB DEFAULT CHARSET=utf8mb4 COLLATE=utf8mb4_general_ci;

--
-- Dumping data for table `t_02_01_01`
--

INSERT INTO `t_02_01_01` (`f_00`, `f_01`, `f_02`, `f_03`) VALUES
(1, '  ', 'National Public Operator', 'Oprateur Public National'),
(2, '  ', 'National Private Operator', 'Oprateur Priv National'),
(3, ' ', 'International Operator', 'Oprateur International'),
(4, ' ', 'Joint Venture', 'Coentreprise'),
(5, ' ', 'Transport Company', 'Socit de Transport'),
(6, ' ', 'Refining Company', 'Socit de Raffinage'),
(7, ' ', 'Distribution Company', 'Socit de Distribution'),
(8, ' ', 'Engineering Company', 'Socit d\'Ingnierie'),
(9, '  ', 'Infrastructure Owner', 'Propritaire d\'Infrastructure'),
(10, ' EPC', 'EPC Contractor', 'Entrepreneur EPC'),
(11, ' ', 'Construction Contractor', 'Entrepreneur de Construction'),
(12, ' ', 'Engineering Consultant', 'Consultant en Ingnierie'),
(13, ' ', 'Project Management', 'Gestion de Projet'),
(14, ' ', 'Equipment Manufacturer', 'Fabricant d\'quipements'),
(15, ' ', 'Pipe Manufacturer', 'Fabricant de Tubes'),
(16, '  ', 'Automation Vendor', 'Fournisseur d\'Automatisation'),
(17, '  ', 'Instrumentation Vendor', 'Fournisseur d\'Instrumentation'),
(18, ' ', 'Inspection Company', 'Socit d\'Inspection'),
(19, ' ', 'Certification Body', 'Organisme de Certification'),
(20, '  ', 'Maintenance Service', 'Service de Maintenance'),
(21, '  ', 'Logistics Provider', 'Prestataire Logistique'),
(22, ' ', 'Local Subcontractor', 'Sous-Traitant Local');

-- --------------------------------------------------------

--
-- Table structure for table `t_02_01_02`
--

CREATE TABLE `t_02_01_02` (
  `f_00` bigint(20) NOT NULL
) ENGINE=InnoDB DEFAULT CHARSET=utf8mb4 COLLATE=utf8mb4_general_ci;

--
-- Dumping data for table `t_02_01_02`
--

INSERT INTO `t_02_01_02` (`f_00`) VALUES
(1),
(2),
(3),
(4),
(5),
(6),
(7),
(8),
(9);

-- --------------------------------------------------------

--
-- Table structure for table `t_02_01_03`
--

CREATE TABLE `t_02_01_03` (
  `f_00` bigint(20) NOT NULL
) ENGINE=InnoDB DEFAULT CHARSET=utf8mb4 COLLATE=utf8mb4_general_ci;

--
-- Dumping data for table `t_02_01_03`
--

INSERT INTO `t_02_01_03` (`f_00`) VALUES
(10),
(11),
(12),
(13),
(14),
(15),
(16),
(17),
(18),
(19),
(20),
(21),
(22);

-- --------------------------------------------------------

--
-- Table structure for table `t_02_01_04`
--

CREATE TABLE `t_02_01_04` (
  `f_00` bigint(20) NOT NULL,
  `f_01` varchar(20) NOT NULL,
  `f_02` varchar(100) DEFAULT NULL,
  `f_03` varchar(100) DEFAULT NULL,
  `f_04` varchar(100) NOT NULL
) ENGINE=InnoDB DEFAULT CHARSET=utf8mb4 COLLATE=utf8mb4_general_ci;

--
-- Dumping data for table `t_02_01_04`
--

INSERT INTO `t_02_01_04` (`f_00`, `f_01`, `f_02`, `f_03`, `f_04`) VALUES
(1, 'ONET', '  ', 'Onshore Export Terminal', 'Terminal d\'Exportation Terrestre'),
(2, 'OFET', '  ', 'Offshore Export Terminal', 'Terminal d\'Exportation Maritime'),
(3, 'DT', ' ', 'Distribution Terminal', 'Terminal de Distribution'),
(4, 'TT', ' ', 'Transfer Terminal', 'Terminal de Transfert'),
(5, 'PT', ' ', 'Pipeline Terminal', 'Terminal de Pipeline'),
(6, 'ST', ' ', 'Storage Terminal', 'Terminal de Stockage'),
(7, 'PS', ' ', 'Pumping Station', 'Station de Pompage'),
(8, 'CS', ' ', 'Compression Station', 'Station de Compression'),
(9, 'RS', ' ', 'Regulator Station', 'Station de Rgulation'),
(10, 'CLS', ' ', 'Collect Station', 'Station de Collecte'),
(11, 'MS', ' ', 'Metering Station', 'Station de Comptage'),
(12, 'DS', ' ', 'Delivery Station', 'Station de Livraison'),
(13, 'IS', ' ', 'Injection Station', 'Station d\'Injection'),
(14, 'SS', ' ', 'Scraper Station', 'Station de Raclage'),
(15, 'COS', ' ', 'Cut-Off Station', 'Poste de Coupure'),
(16, 'SZS', ' ', 'Sectionalizing Station', 'Poste de Sectionnement'),
(17, 'PGS', ' ', 'Purge Station', 'Poste de Purge'),
(18, 'OF', ' ', 'Oil Field', 'Champ Ptrolier'),
(19, 'GF', ' ', 'Gas Field', 'Champ Gazier'),
(20, 'CF', ' ', 'Condensate Field', 'Champ de Condensats'),
(21, 'LNGC', '   ', 'LNG Complex', 'Complexe GNL'),
(22, 'LPGP', '   ', 'LPG Plant', 'Usine GPL'),
(23, 'RAF', '', 'Refinery', 'Raffinerie'),
(24, 'CNDP', ' ', 'Condensate Plant', 'Usine de Condensats'),
(25, 'PC', ' ', 'Petrochemical Complex', 'Complexe Ptrochimique'),
(26, 'CPF', '  ', 'Central Processing Facility', 'Unit de Traitement Central'),
(27, 'EPF', '  ', 'Early Production Facility', 'Installation de Production Prcoce'),
(28, 'PM', ' ', 'Production Manifold', 'Collecteur de Production'),
(29, 'GPC', '  ', 'Gas Processing Complex', 'Complexe de Traitement du Gaz'),
(30, 'GSC', '  ', 'Gas Separation & Compression', 'Sparation et Compression du Gaz'),
(31, 'GEH', '  ', 'Gas Export Hub', 'Centre d\'Export du Gaz'),
(32, 'CRP', '  ', 'Condensate Recovery Plant', 'Usine de Rcupration des Condensats'),
(33, 'LCS', '   ', 'LPG & Condensate Separation', 'Sparation GPL et Condensats'),
(34, 'LSC', '   ', 'LPG Separation Complex', 'Complexe de Sparation du GPL'),
(35, 'LSU', '   ', 'LPG Separation Unit', 'Unit de Sparation du GPL'),
(36, 'ES', ' ', 'Ethane Separation', 'Sparation de l\'thane');

-- --------------------------------------------------------

--
-- Table structure for table `t_02_01_05`
--

CREATE TABLE `t_02_01_05` (
  `f_00` bigint(20) NOT NULL
) ENGINE=InnoDB DEFAULT CHARSET=utf8mb4 COLLATE=utf8mb4_general_ci;

--
-- Dumping data for table `t_02_01_05`
--

INSERT INTO `t_02_01_05` (`f_00`) VALUES
(7),
(8),
(9),
(10),
(11),
(12),
(13),
(14),
(15),
(16),
(17);

-- --------------------------------------------------------

--
-- Table structure for table `t_02_01_06`
--

CREATE TABLE `t_02_01_06` (
  `f_00` bigint(20) NOT NULL
) ENGINE=InnoDB DEFAULT CHARSET=utf8mb4 COLLATE=utf8mb4_general_ci;

--
-- Dumping data for table `t_02_01_06`
--

INSERT INTO `t_02_01_06` (`f_00`) VALUES
(1),
(2),
(3),
(4),
(5),
(6);

-- --------------------------------------------------------

--
-- Table structure for table `t_02_01_07`
--

CREATE TABLE `t_02_01_07` (
  `f_00` bigint(20) NOT NULL
) ENGINE=InnoDB DEFAULT CHARSET=utf8mb4 COLLATE=utf8mb4_general_ci;

--
-- Dumping data for table `t_02_01_07`
--

INSERT INTO `t_02_01_07` (`f_00`) VALUES
(18),
(19),
(20);

-- --------------------------------------------------------

--
-- Table structure for table `t_02_01_08`
--

CREATE TABLE `t_02_01_08` (
  `f_00` bigint(20) NOT NULL
) ENGINE=InnoDB DEFAULT CHARSET=utf8mb4 COLLATE=utf8mb4_general_ci;

--
-- Dumping data for table `t_02_01_08`
--

INSERT INTO `t_02_01_08` (`f_00`) VALUES
(21),
(22),
(23),
(24),
(25),
(26),
(27),
(28),
(29),
(30),
(31),
(32),
(33),
(34),
(35),
(36);

-- --------------------------------------------------------

--
-- Table structure for table `t_02_01_09`
--

CREATE TABLE `t_02_01_09` (
  `f_00` bigint(20) NOT NULL,
  `f_01` varchar(20) NOT NULL,
  `f_02` varchar(100) DEFAULT NULL,
  `f_03` varchar(100) DEFAULT NULL,
  `f_04` varchar(100) NOT NULL
) ENGINE=InnoDB DEFAULT CHARSET=utf8mb4 COLLATE=utf8mb4_general_ci;

-- --------------------------------------------------------

--
-- Table structure for table `t_02_02_01`
--

CREATE TABLE `t_02_02_01` (
  `f_00` bigint(20) NOT NULL,
  `f_01` varchar(20) NOT NULL,
  `f_05` double NOT NULL,
  `f_02` varchar(100) DEFAULT NULL,
  `f_03` varchar(100) DEFAULT NULL,
  `f_04` varchar(100) NOT NULL,
  `f_07` double NOT NULL,
  `f_09` bit(1) NOT NULL,
  `f_08` double NOT NULL,
  `f_06` double NOT NULL
) ENGINE=InnoDB DEFAULT CHARSET=utf8mb4 COLLATE=utf8mb4_general_ci;

--
-- Dumping data for table `t_02_02_01`
--

INSERT INTO `t_02_02_01` (`f_00`, `f_01`, `f_05`, `f_02`, `f_03`, `f_04`, `f_07`, `f_09`, `f_08`, `f_06`) VALUES
(1, 'GN', 0.7, ' ', 'Natural Gas', 'Gaz naturel', -188, b'1', 0.01, 0.01),
(2, 'PB', 0.85, ' ', 'Crude Oil', 'Ptrole brut', -30, b'1', 1.5, 10.5),
(3, 'COND', 0.75, '', 'Condensate', 'Condensat', -40, b'1', 0.05, 0.8),
(4, 'GPL', 0.55, '  ', 'Liquefied Petroleum Gas', 'Gaz de Ptrole Liqufi (GPL)', -104, b'1', 0.02, 0.15);

-- --------------------------------------------------------

--
-- Table structure for table `t_02_02_02`
--

CREATE TABLE `t_02_02_02` (
  `f_00` bigint(20) NOT NULL,
  `f_01` varchar(20) NOT NULL,
  `f_05` varchar(200) DEFAULT NULL,
  `f_06` varchar(200) DEFAULT NULL,
  `f_07` varchar(200) DEFAULT NULL,
  `f_02` varchar(100) DEFAULT NULL,
  `f_03` varchar(100) DEFAULT NULL,
  `f_04` varchar(100) NOT NULL
) ENGINE=InnoDB DEFAULT CHARSET=utf8mb4 COLLATE=utf8mb4_general_ci;

--
-- Dumping data for table `t_02_02_02`
--

INSERT INTO `t_02_02_02` (`f_00`, `f_01`, `f_05`, `f_06`, `f_07`, `f_02`, `f_03`, `f_04`) VALUES
(1, 'INSERVICE', ' ', 'Normal operations', 'Oprations normales', ' ', 'In Service', 'En Service'),
(2, 'STOPPED', '   ', 'Market conditions, operational flexibility', 'Conditions du march, flexibilit oprationnelle', ' ', 'Stopped', ' l\'Arrt'),
(3, 'SHUTDOWN', '     ', 'Planned maintenance or unexpected incident', 'Maintenance planifie ou incident imprvu', '', 'Shutdown', 'Arrt'),
(4, 'MAINTENANCE', '  ', 'Scheduled repairs, inspections', 'Rparations programmes, inspections', ' ', 'Under Maintenance', 'En Maintenance'),
(5, 'TESTING', '      ', 'Pre-commissioning, post-repair verifications', 'Pr-mise en service, vrifications post-rparation', ' ', 'Under Testing', 'En Test'),
(6, 'REDUCED', '    ', 'Equipment failure, operational constraints', 'Panne d\'quipement, contraintes oprationnelles', ' ', 'Reduced Capacity', 'Capacit Rduite'),
(7, 'EMERGENCY', '   ', 'Leak, rupture, security incident', 'Fuite, rupture, incident de scurit', '  / ', 'Emergency / Incident', 'Urgence / Incident'),
(8, 'DECOMMISSIONED', '  ', 'End of operational life', 'Fin de vie oprationnelle', ' ', 'Decommissioned', 'Mis Hors Service');

-- --------------------------------------------------------

--
-- Table structure for table `t_02_02_03`
--

CREATE TABLE `t_02_02_03` (
  `f_00` bigint(20) NOT NULL,
  `f_01` varchar(20) NOT NULL,
  `f_05` varchar(200) DEFAULT NULL,
  `f_06` varchar(200) DEFAULT NULL,
  `f_07` varchar(200) DEFAULT NULL,
  `f_02` varchar(100) DEFAULT NULL,
  `f_03` varchar(100) DEFAULT NULL,
  `f_04` varchar(100) NOT NULL
) ENGINE=InnoDB DEFAULT CHARSET=utf8mb4 COLLATE=utf8mb4_general_ci;

--
-- Dumping data for table `t_02_02_03`
--

INSERT INTO `t_02_02_03` (`f_00`, `f_01`, `f_05`, `f_06`, `f_07`, `f_02`, `f_03`, `f_04`) VALUES
(1, 'API-5L-B', '         35  /', 'Low-strength carbon steel for general purpose pipelines, minimum yield 35 ksi', 'Acier au carbone de rsistance faible pour pipelines usage gnral, limite lastique min 35 ksi', ' API 5L  B', 'API 5L Grade B', 'Acier API 5L Grade B'),
(2, 'API-5L-X42', '        42  /', 'Medium-strength steel for moderate pressure applications, minimum yield 42 ksi', 'Acier de rsistance moyenne pour applications  pression modre, limite lastique min 42 ksi', ' API 5L X42', 'API 5L Grade X42', 'Acier API 5L Grade X42'),
(3, 'API-5L-X52', '        52  /', 'High-strength steel for standard pipelines, minimum yield 52 ksi, widely used', 'Acier haute rsistance pour pipelines standard, limite lastique min 52 ksi, trs utilis', ' API 5L X52', 'API 5L Grade X52', 'Acier API 5L Grade X52'),
(4, 'API-5L-X60', '         60  /', 'High-strength steel for long-distance transmission, minimum yield 60 ksi', 'Acier haute rsistance pour transport longue distance, limite lastique min 60 ksi', ' API 5L X60', 'API 5L Grade X60', 'Acier API 5L Grade X60'),
(5, 'API-5L-X65', '         65  /', 'High-strength steel for high-pressure systems, minimum yield 65 ksi, excellent toughness', 'Acier haute rsistance pour systmes haute pression, limite lastique min 65 ksi, excellente tnacit', ' API 5L X65', 'API 5L Grade X65', 'Acier API 5L Grade X65'),
(6, 'API-5L-X70', '        70  /', 'Very high-strength steel for modern high-capacity pipelines, minimum yield 70 ksi', 'Acier trs haute rsistance pour pipelines modernes haute capacit, limite lastique min 70 ksi', ' API 5L X70', 'API 5L Grade X70', 'Acier API 5L Grade X70'),
(7, 'API-5L-X80', '        80  /', 'Ultra high-strength steel for extreme conditions and ultra-high pressure, minimum yield 80 ksi', 'Acier ultra haute rsistance pour conditions extrmes et ultra haute pression, limite lastique min 80 ksi', ' API 5L X80', 'API 5L Grade X80', 'Acier API 5L Grade X80'),
(8, 'SS-316L', '        ', 'Corrosion-resistant steel for sour gas service, excellent resistance to H2S and chlorides', 'Acier rsistant  la corrosion pour gaz acides, excellente rsistance H2S et chlorures', '   316L', 'Stainless Steel 316L', 'Acier Inoxydable 316L'),
(9, 'DSS-2205', '         ', 'High-strength corrosion-resistant steel, ideal for harsh environments and pitting resistance', 'Acier haute rsistance et rsistant  la corrosion, idal pour environnements svres et piqres', '  2205', 'Duplex Stainless Steel 2205', 'Acier Inoxydable Duplex 2205'),
(10, 'FBE', '           ', 'Single-layer external corrosion protection coating, excellent adhesion and chemical resistance', 'Revtement externe monocouche protection corrosion, excellente adhrence et rsistance chimique', '  ', 'Fusion Bonded Epoxy', 'poxy Thermodurcissable'),
(11, '3LPE', '     (FBE +  + PE)     ', 'Multi-layer external coating (FBE + adhesive + PE), excellent long-term protection for buried pipelines', 'Systme revtement externe multicouche (FBE + adhsif + PE), excellente protection long terme pipelines enterrs', '   ', '3-Layer Polyethylene', 'Polythylne 3 Couches'),
(12, '3LPP', '      (FBE +  + PP)    ', 'High-temperature external coating system (FBE + adhesive + PP), excellent mechanical and thermal resistance', 'Systme revtement externe haute temprature (FBE + adhsif + PP), excellente rsistance mcanique et thermique', '   ', '3-Layer Polypropylene', 'Polypropylne 3 Couches'),
(13, 'PU-EXT', '           ', 'Flexible external coating, excellent impact and abrasion resistance, ideal for pipelines subject to movement', 'Revtement externe flexible, excellente rsistance impacts et abrasion, idal pipelines soumis  mouvement', '   ', 'Polyurethane External Coating', 'Revtement Polyurthane Externe'),
(14, 'CTE', '           ', 'Traditional external coating, excellent protection against soil corrosion, hot-applied multi-layer system', 'Revtement externe traditionnel, excellente protection contre corrosion sol, systme multicouche appliqu  chaud', '  ', 'Coal Tar Enamel', 'Email au Goudron de Houille'),
(15, 'TAPE-WRAP', '           ', 'External tape wrap protection system, mechanical protection and excellent sealing, easy application and repair', 'Systme protection externe par enrubannage, protection mcanique et excellent scellement, application et rparation faciles', '   ', 'Tape Wrap System', 'Systme Enrubannage'),
(16, 'CONCRETE', '         ', 'External concrete coating, mechanical protection and negative buoyancy for subsea and submerged pipelines', 'Revtement externe bton, protection mcanique et flottabilit ngative pour pipelines sous-marins et immergs', '  ', 'Concrete Weight Coating', 'Revtement Bton Lestage'),
(17, 'EPOXY-INT', '            ', 'Internal lining for corrosion protection and flow efficiency, smooth surface reduces friction and deposits', 'Revtement interne protection corrosion et efficacit coulement, surface lisse rduit friction et dpts', '  ', 'Internal Epoxy Lining', 'Revtement poxy Interne'),
(18, 'PU-INT', '          ', 'Flexible internal lining, excellent chemical and abrasion resistance, suitable for aggressive fluids', 'Revtement interne flexible, excellente rsistance chimique et abrasion, adapt fluides agressifs', '   ', 'Polyurethane Internal Lining', 'Revtement Polyurthane Interne'),
(19, 'PHENOLIC-INT', '          200  ', 'High-temperature internal lining, excellent thermal and chemical resistance up to 200C', 'Revtement interne haute temprature, excellente rsistance thermique et chimique jusqu\' 200C', '  ', 'Phenolic Internal Lining', 'Revtement Phnolique Interne'),
(20, 'CEMENT-INT', '             ', 'Traditional cement internal lining, corrosion protection and good chemical resistance, common in water pipelines', 'Revtement interne ciment traditionnel, protection corrosion et bonne rsistance chimique, courant canalisations eau', '   ', 'Cement Mortar Lining', 'Revtement Mortier Ciment Interne'),
(21, 'HDPE-INT', '            ', 'High-density polyethylene internal lining, very smooth surface and excellent chemical resistance', 'Revtement interne polythylne haute densit, surface trs lisse et excellente rsistance chimique', ' HDPE ', 'HDPE Internal Lining', 'Revtement PEHD Interne'),
(22, 'PRIMER-AC', '          ', 'Preparatory base layer for corrosion protection, improves adhesion and provides initial corrosion protection', 'Couche base prparatoire protection corrosion, amliore adhrence et fournit protection initiale corrosion', '   ', 'Anti-Corrosion Primer', 'Primaire Anticorrosion'),
(23, 'WAX-COAT', '          ', 'Temporary wax coating for protection during transport and storage, easily removable before installation', 'Revtement cire temporaire protection durant transport et stockage, facilement amovible avant installation', ' ', 'Wax Coating', 'Revtement Cire');

-- --------------------------------------------------------

--
-- Table structure for table `t_02_02_04`
--

CREATE TABLE `t_02_02_04` (
  `f_00` bigint(20) NOT NULL,
  `f_01` varchar(100) DEFAULT NULL,
  `f_02` varchar(20) NOT NULL,
  `f_04` bigint(20) NOT NULL,
  `f_03` bigint(20) NOT NULL
) ENGINE=InnoDB DEFAULT CHARSET=utf8mb4 COLLATE=utf8mb4_general_ci;

--
-- Dumping data for table `t_02_02_04`
--

INSERT INTO `t_02_02_04` (`f_00`, `f_01`, `f_02`, `f_04`, `f_03`) VALUES
(1, 'Socit Nationale pour la Recherche, la Production, le Transport, la Transformation et la Commercial', 'SONATRACH', 4, 1),
(2, 'Socit Nationale de l\'lectricit et du Gaz', 'SONELGAZ', 4, 1),
(3, 'Socit Nationale de Transport Maritime des Hydrocarbures', 'SNTM-HYPROC', 4, 1),
(4, 'Groupement TRC Reghaa', 'GTP', 4, 2),
(5, 'Tassili Airlines', 'TASSILI', 4, 2),
(6, 'Ente Nazionale Idrocarburi', 'ENI', 111, 3),
(7, 'TotalEnergies SE', 'TOTALENERGIES', 77, 3),
(8, 'British Petroleum plc', 'BP', 235, 3),
(9, 'Equinor ASA', 'EQUINOR', 167, 3),
(10, 'Repsol S.A.', 'REPSOL', 210, 3),
(11, 'In Salah Gas Joint Venture', 'ISG-JV', 4, 4),
(12, 'In Amenas Joint Venture', 'IAM-JV', 4, 4),
(13, 'Tin Fouye Tabankort Condensate Company', 'TFCC', 4, 4),
(14, 'Socit Nationale de Transport Maritime', 'SNTM', 4, 5),
(15, 'Groupement Transport Par Canalisation', 'GTP-CANAL', 4, 5),
(16, 'Raffinerie d\'Alger', 'RA1K', 4, 6),
(17, 'Raffinerie d\'Arzew', 'RA1Z', 4, 6),
(18, 'Raffinerie de Skikda', 'RA1S', 4, 6),
(19, 'Raffinerie d\'Hassi Messaoud', 'RHMS', 4, 6),
(20, 'Entreprise Nationale de Raffinage et de Distribution des Produits Ptroliers', 'NAFTAL', 4, 7),
(21, 'Algerian Distribution Company', 'ALDIC', 4, 7),
(22, 'Entreprise Nationale des Grands Travaux Ptroliers', 'ENGTP', 4, 8),
(23, 'Socit Algrienne des Foires et Exportations', 'SAFIR', 4, 8),
(24, 'Technip Energies N.V.', 'TECHNIP', 77, 8),
(25, 'Saipem S.p.A.', 'SAIPEM', 111, 8),
(26, 'Algerian Energy Company', 'ALGERCO', 4, 9),
(27, 'Algerian National Pipeline Infrastructure', 'ALNAFT', 4, 9),
(28, 'China Petroleum & Chemical Corporation', 'Sinopec', 46, 4),
(29, 'Occidental Petroleum Corporation', 'Occidental', 237, 4);

-- --------------------------------------------------------

--
-- Table structure for table `t_02_02_05`
--

CREATE TABLE `t_02_02_05` (
  `f_00` bigint(20) NOT NULL,
  `f_01` varchar(100) DEFAULT NULL,
  `f_02` varchar(20) NOT NULL,
  `f_04` bigint(20) NOT NULL,
  `f_03` bigint(20) NOT NULL
) ENGINE=InnoDB DEFAULT CHARSET=utf8mb4 COLLATE=utf8mb4_general_ci;

--
-- Dumping data for table `t_02_02_05`
--

INSERT INTO `t_02_02_05` (`f_00`, `f_01`, `f_02`, `f_04`, `f_03`) VALUES
(1, 'Saipem S.p.A.', 'SAIPEM-EPC', 111, 10),
(2, 'Technip Energies Algeria', 'TECHNIP-EPC', 77, 10),
(3, 'China National Petroleum Corporation', 'CNPC-EPC', 46, 10),
(4, 'Cosider Travaux Publics', 'COSIDER-TP', 4, 11),
(5, 'Entreprise de Travaux Routiers Hydrauliques et Btiments', 'ETRHB', 4, 11),
(6, 'ENGTP Construction Division', 'ENGTP-CONSTR', 4, 11),
(7, 'Wood Group Algeria', 'WOOD', 235, 12),
(8, 'Worley Algeria', 'WORLEY', 14, 12),
(9, 'Penspen Limited', 'PENSPEN', 235, 12),
(10, 'Amec Foster Wheeler Algeria', 'AFW-PMC', 235, 13),
(11, 'KBR Inc.', 'KBR', 237, 13),
(12, 'GE Oil & Gas Algeria', 'GE-OG', 237, 14),
(13, 'Siemens Energy Algeria', 'SIEMENS-E', 84, 14),
(14, 'Sulzer Pumps Services Algeria', 'SULZER', 216, 14),
(15, 'Nuovo Pignone Algeria', 'NUOVO-PIG', 111, 14),
(16, 'Alfapipe Spa', 'ALFAPIPE', 4, 15),
(17, 'Europipe GmbH', 'EUROPIPE', 84, 15),
(18, 'Vallourec Algrie', 'VALLOUREC', 77, 15),
(19, 'Schneider Electric Algrie', 'SCHNEIDER', 77, 16),
(20, 'Siemens Automation Algeria', 'SIEMENS-AUTO', 84, 16),
(21, 'Honeywell Process Solutions Algeria', 'HONEYWELL', 237, 16),
(22, 'Emerson Process Management Algeria', 'EMERSON', 237, 17),
(23, 'Endress+Hauser Algeria', 'E+H', 216, 17),
(24, 'ABB Measurement & Analytics Algeria', 'ABB-MEAS', 216, 17),
(25, 'Entreprise Nationale de Forage', 'ENAFOR', 4, 18),
(26, 'SGS Algeria', 'SGS', 216, 18),
(27, 'Applus+ Algeria', 'APPLUS', 210, 18),
(28, 'Bureau Veritas Algeria', 'BV', 77, 19),
(29, 'TV Rheinland Algeria', 'TUV', 84, 19),
(30, 'DNV Algeria', 'DNV', 167, 19),
(31, 'Entreprise Nationale des Travaux aux Puits', 'ENTP', 4, 20),
(32, 'Wood Group PSN Algeria', 'WOOD-PSN', 235, 20),
(33, 'Socit de Transport de Marchandises Express', 'TRANSMEX', 4, 21),
(34, 'Gulf Agency Company Algeria', 'GAC', 234, 21),
(35, 'SDV Logistique Internationale Algrie', 'SDV', 77, 21),
(36, 'Kanaghaz Engineering', 'KANAGHAZ', 4, 22),
(37, 'General Emballage Algrie', 'GEA', 4, 22),
(38, 'Groupe Industriel des Ciments d\'Algrie', 'GICA', 4, 22),
(39, 'Socit Nationale pour la Recherche, la Production, le Transport, la Transformation et la Commercial', 'SONATRACH', 4, 22);

-- --------------------------------------------------------

--
-- Table structure for table `t_02_03_01`
--

CREATE TABLE `t_02_03_01` (
  `f_00` bigint(20) NOT NULL,
  `f_01` varchar(20) NOT NULL,
  `f_04` date DEFAULT NULL,
  `f_05` date DEFAULT NULL,
  `f_03` date DEFAULT NULL,
  `f_02` varchar(100) NOT NULL,
  `f_06` bigint(20) NOT NULL,
  `f_07` bigint(20) DEFAULT NULL
) ENGINE=InnoDB DEFAULT CHARSET=utf8mb4 COLLATE=utf8mb4_general_ci;

--
-- Dumping data for table `t_02_03_01`
--

INSERT INTO `t_02_03_01` (`f_00`, `f_01`, `f_04`, `f_05`, `f_03`, `f_02`, `f_06`, `f_07`) VALUES
(1, 'ONET-DD', '2007-11-20', NULL, '2005-03-15', 'Terminal d\'Exportation Terrestre Deb Deb', 1, 10),
(2, 'ONET-OSS', '2010-09-15', NULL, '2008-06-10', 'Terminal d\'Exportation Terrestre Oued Saf Saf', 1, 10),
(3, 'ONET-BS', '2008-12-10', NULL, '2006-04-20', 'Terminal d\'Exportation Terrestre Beni Saf', 1, 10),
(4, 'DZAZW', '1981-06-20', NULL, '1978-01-15', 'Terminal d\'Exportation Maritime Arzew', 1, 10),
(5, 'DZSKI', '1975-09-25', NULL, '1972-03-10', 'Terminal d\'Exportation Maritime Skikda', 1, 10),
(6, 'DZBJA', '2001-03-18', NULL, '1998-05-12', 'Terminal d\'Exportation Maritime Bejaia', 1, 10),
(7, 'CDHL', '2005-10-15', NULL, '2003-02-08', 'Terminal de Distribution CDHL', 1, 10),
(8, 'CNDG', '2006-11-30', NULL, '2004-07-20', 'Terminal de Distribution CNDG', 1, 10),
(9, 'DT-MED', '2009-08-22', NULL, '2007-09-15', 'Terminal de Distribution Medjedel', 1, 10),
(10, 'DT-MSL', '2010-07-12', NULL, '2008-04-18', 'Terminal de Distribution M\'Sila', 1, 10),
(11, 'DT-DJM', '2011-06-25', NULL, '2009-11-05', 'Terminal de Distribution SP1 Bis Djamaa', 1, 10),
(12, 'TT-ARH', '2012-09-08', NULL, '2010-03-12', 'Terminal de Transfert Al Aricha', 1, 10),
(13, 'TT-BNM', '2013-11-15', NULL, '2011-05-20', 'Terminal de Transfert Beni Mensour', 1, 10),
(14, 'TT-HMD', '2004-12-20', NULL, '2002-08-10', 'Terminal de Transfert Hassi Messaoud', 1, 10),
(15, 'TT-MSD', '2007-10-30', NULL, '2005-06-15', 'Terminal de Transfert Mesdar', 1, 10),
(16, 'TT-OHT', '2008-08-18', NULL, '2006-09-22', 'Terminal de Transfert Ohanet', 1, 10),
(17, 'TT-137', '2009-07-20', NULL, '2007-12-05', 'Terminal de Transfert PC1/PK137', 1, 10),
(18, 'TT-RDN', '2010-05-25', NULL, '2008-03-18', 'Terminal de Transfert Rhoude Nouss', 1, 10),
(19, 'PT-ALG', '1997-09-15', NULL, '1995-01-10', 'Terminal de Pipeline Alger', 1, 10),
(20, 'PT-ALR', '2000-11-30', NULL, '1998-04-22', 'Terminal de Pipeline Alrar', 1, 10),
(21, 'PR-ARZ', '1983-02-28', NULL, '1980-06-15', 'Terminal de Pipeline Arzew', 1, 10),
(22, 'PT-BJA', '1999-12-10', NULL, '1997-08-20', 'Terminal de Pipeline Bejaia', 1, 10),
(23, 'PT-BRN', '2003-07-25', NULL, '2001-03-15', 'Terminal de Pipeline Bir Rebaa North', 1, 10),
(24, 'PT-BMN', '1998-08-22', NULL, '1996-11-08', 'Terminal de Pipeline Bord Menaiel', 1, 10),
(25, 'PT-BRM', '2002-10-18', NULL, '2000-05-12', 'Terminal de Pipeline El Borma', 1, 10),
(26, 'PT-GST', '2005-06-20', NULL, '2003-09-05', 'Terminal de Pipeline Gassi Touil', 1, 10),
(27, 'PT-HBK', '2006-04-30', NULL, '2004-02-18', 'Terminal de Pipeline Hassi Berkine', 1, 10),
(28, 'PT-HTJ', '2007-09-15', NULL, '2005-07-22', 'Terminal de Pipeline Hassi tedjirane', 1, 10),
(29, 'PT-NMS', '2004-08-25', NULL, '2002-10-08', 'Terminal de Pipeline In Amenas', 1, 10),
(30, 'PT-NSL', '2008-11-20', NULL, '2006-12-15', 'Terminal de Pipeline In Salah', 1, 10),
(31, 'PT-ISR', '1999-05-10', NULL, '1997-03-20', 'Terminal de Pipeline Isser', 1, 10),
(32, 'PT-RGN', '2012-10-30', NULL, '2010-06-12', 'Terminal de Pipeline Reggane', 1, 10),
(33, 'PT-RBL', '2003-12-22', NULL, '2001-09-18', 'Terminal de Pipeline Rhoude El Baguel', 1, 10),
(34, 'PT-SKD', '1978-01-15', NULL, '1975-04-10', 'Terminal de Pipeline Skikda', 1, 10),
(35, 'SP1-OZ1', '2001-09-20', NULL, '2000-01-15', 'Station de Pompage SP1-OZ1', 1, 10),
(36, 'SP1-OZ2', '2001-09-20', NULL, '2000-01-15', 'Station de Pompage SP1-OZ2', 1, 10),
(37, 'SP2-OZ1', '2002-11-15', NULL, '2001-03-10', 'Station de Pompage SP2-OZ1', 1, 10),
(38, 'SP2-OZ2', '2002-11-15', NULL, '2001-03-10', 'Station de Pompage SP2-OZ2', 1, 10),
(39, 'SP3-OZ1', '2003-12-30', NULL, '2002-05-20', 'Station de Pompage SP2-OZ1', 1, 10),
(40, 'SP3-OZ2', '2003-12-30', NULL, '2002-05-20', 'Station de Pompage SP2-OZ2', 1, 10),
(41, 'SP4-OZ1', '2005-03-22', NULL, '2003-08-15', 'Station de Pompage SP2-OZ1', 1, 10),
(42, 'SP4-OZ2', '2005-03-22', NULL, '2003-08-15', 'Station de Pompage SP2-OZ2', 1, 10),
(43, 'SP5-OZ1', '2006-06-18', NULL, '2004-10-05', 'Station de Pompage SP2-OZ1', 1, 10),
(44, 'SP5-OZ2', '2006-06-18', NULL, '2004-10-05', 'Station de Pompage SP2-OZ2', 1, 10),
(45, 'SP6-OZ1', '2007-08-25', NULL, '2005-12-12', 'Station de Pompage SP2-OZ1', 1, 10),
(46, 'SP6-OZ2', '2007-08-25', NULL, '2005-12-12', 'Station de Pompage SP2-OZ2', 1, 10),
(47, 'PRS-OZ1', '2007-11-10', NULL, '2006-03-20', 'Station de Pompage PRS-OZ1', 1, 10),
(48, 'PRS-OZ2', '2007-11-10', NULL, '2006-03-20', 'Station de Rgulation PRS-OZ2', 1, 10),
(49, 'SP1-OK1', '2003-02-20', NULL, '2001-06-15', 'Station de Pompage SP1-OK1', 1, 10),
(50, 'SP1-OK1-NEW', '2012-01-15', NULL, '2010-04-10', 'Station de Pompage SP1-OK1-NEW', 1, 10),
(51, 'SP2-OK1', '2004-05-30', NULL, '2002-08-22', 'Station de Pompage SP2-OK1', 1, 10),
(52, 'SP3-OK1', '2005-07-18', NULL, '2003-11-05', 'Station de Pompage SP3-OK1', 1, 10),
(53, 'SP3-OK1-BIS', '2010-10-28', NULL, '2009-02-15', 'Station de Pompage SP3-OK1-BIS', 1, 10),
(54, 'SP4-OK1', '2006-01-22', NULL, '2004-05-18', 'Station de Pompage SP4-OK1', 1, 10),
(55, 'SP1-OB1', '2003-11-25', NULL, '2002-03-12', 'Station de Pompage SP1-OB1', 1, 10),
(56, 'SP1-BIS-OB1', '2010-04-15', NULL, '2008-07-20', 'Station de Pompage SP1-BIS-OB1', 1, 10),
(57, 'SP2-OB1', '2005-06-18', NULL, '2003-09-10', 'Station de Pompage SP2-OB1', 1, 10),
(58, 'SP3-OB1', '2006-08-22', NULL, '2004-12-05', 'Station de Pompage SP3-OB1', 1, 10),
(59, 'SP1-BIS-OG1', '2009-01-30', NULL, '2007-04-18', 'Station de Pompage SP1-BIS-OG1', 1, 10),
(60, 'SP1-OT1', '2006-10-15', NULL, '2005-02-22', 'Station de Pompage SP1-OT1', 1, 10),
(61, 'SP2-OT1', '2006-10-15', NULL, '2005-02-22', 'Station de Pompage SP2-OT1', 1, 10),
(62, 'SP1-OH1', '2008-01-20', NULL, '2006-05-15', 'Station de Pompage SP1-OH1', 1, 10),
(63, 'SP2-OH1', '2008-01-20', NULL, '2006-05-15', 'Station de Pompage SP2-OH1', 1, 10),
(64, 'SP3-OH1', '2008-01-20', NULL, '2006-05-15', 'Station de Pompage SP3-OH1', 1, 10),
(65, 'SP1-OD1', '2009-04-25', NULL, '2007-08-10', 'Station de Pompage SP1-OD1', 1, 10),
(66, 'SP1-OH2', '2010-07-30', NULL, '2008-11-15', 'Station de Pompage SP1-OH2', 1, 10),
(67, 'SP1-OH3/OH4', '2011-01-15', NULL, '2009-03-20', 'Station de Pompage SP1-OH3/OH4', 1, 10),
(68, 'SP2-OH3/OH4', '2011-01-15', NULL, '2009-03-20', 'Station de Pompage SP2-OH3/OH4', 1, 10),
(69, 'SP4-NZ1', '2012-03-22', NULL, '2010-06-08', 'Station de Pompage SP4-NZ1', 1, 10),
(70, 'SP5-NZ1', '2012-03-22', NULL, '2010-06-08', 'Station de Pompage SP5-NZ1', 1, 10),
(71, 'SP6-NZ1', '2012-03-22', NULL, '2010-06-08', 'Station de Pompage SP6-NZ1', 1, 10),
(72, 'PRS-NZ1', '2012-03-22', NULL, '2010-06-08', 'Station de Rgulation PRS-NZ1', 1, 10),
(73, 'SP1-NK1', '2013-06-18', NULL, '2011-09-12', 'Station de Pompage SP1-NK1', 1, 10),
(74, 'SP3-NK1', '2013-06-18', NULL, '2011-09-12', 'Station de Pompage SP3-NK1', 1, 10),
(75, 'SP4-LNZ1', '2013-11-20', NULL, '2012-02-15', 'Station de Pompage SP4-LNZ1', 1, 10),
(76, 'SP5-LNZ1', '2013-11-20', NULL, '2012-02-15', 'Station de Pompage SP5-LNZ1', 1, 10),
(77, 'SP6-LNZ1', '2013-11-20', NULL, '2012-02-15', 'Station de Pompage SP6-LNZ1', 1, 10),
(78, 'SP0-LZ1', '2015-01-25', NULL, '2013-04-10', 'Station de Pompage SP0-LZ1', 1, 10),
(79, 'SP1-LZ1', '2015-01-25', NULL, '2013-04-10', 'Station de Pompage SP1-LZ1', 1, 10),
(80, 'SP1-LZ2', '2015-01-25', NULL, '2013-04-10', 'Station de Pompage SP1-LZ2', 1, 10),
(81, 'PRS-LZ1/LZ2', '2015-01-25', NULL, '2013-04-10', 'Station de Rgulation PRS-LZ1/LZ2', 1, 10),
(82, 'SPRN-LR1', '2016-04-30', NULL, '2014-07-18', 'Station de Pompage SPRN-LR1', 1, 10),
(83, 'SP0-LR1', '2016-04-30', NULL, '2014-07-18', 'Station de Pompage SP1-LR1', 1, 10),
(84, 'SP1-LR1', '2016-04-30', NULL, '2014-07-18', 'Station de Pompage SP1-LR1', 1, 10),
(85, 'SP2-LR1', '2016-04-30', NULL, '2014-07-18', 'Station de Pompage SP2-LR1', 1, 10),
(86, 'SP1-LNZ1', '2017-08-15', NULL, '2015-10-22', 'Station de Pompage SP1-LNZ1', 1, 10),
(87, 'SP3-LNZ1', '2017-08-15', NULL, '2015-10-22', 'Station de Pompage SP3-LNZ1', 1, 10),
(88, 'SC1-GZ0', '2002-01-15', NULL, '2000-02-10', 'Station de Compression SC1-GZ0', 1, 10),
(89, 'SC2-GZ0', '2002-01-15', NULL, '2000-02-10', 'Station de Compression SC2-GZ0', 1, 10),
(90, 'SC3-GZ0', '2002-01-15', NULL, '2000-02-10', 'Station de Compression SC3-GZ0', 1, 10),
(91, 'SC4-GZ0', '2002-01-15', NULL, '2000-02-10', 'Station de Compression SC4-GZ0', 1, 10),
(92, 'SC1-GZ1', '2005-04-20', NULL, '2003-05-15', 'Station de Compression SC1-GZ1', 1, 10),
(93, 'SC1-GZ2', '2005-04-20', NULL, '2003-05-15', 'Station de Compression SC1-GZ2', 1, 10),
(94, 'SC1-GZ3', '2005-04-20', NULL, '2003-05-15', 'Station de Compression SC1-GZ3', 1, 10),
(95, 'SC2-GZ1', '2006-07-25', NULL, '2004-08-20', 'Station de Compression SC2-GZ1', 1, 10),
(96, 'SC2-GZ2', '2006-07-25', NULL, '2004-08-20', 'Station de Compression SC2-GZ2', 1, 10),
(97, 'SC2-GZ3', '2006-07-25', NULL, '2004-08-20', 'Station de Compression SC2-GZ3', 1, 10),
(98, 'SC3-GZ1', '2007-10-15', NULL, '2005-11-10', 'Station de Compression SC3-GZ1', 1, 10),
(99, 'SC3-GZ2', '2007-10-15', NULL, '2005-11-10', 'Station de Compression SC3-GZ2', 1, 10),
(100, 'SC3-GZ3', '2007-10-15', NULL, '2005-11-10', 'Station de Compression SC3-GZ3', 1, 10),
(101, 'SC4-GZ1', '2008-02-20', NULL, '2006-03-15', 'Station de Compression SC4-GZ1', 1, 10),
(102, 'SC4-GZ2', '2008-02-20', NULL, '2006-03-15', 'Station de Compression SC4-GZ2', 1, 10),
(103, 'SC4-GZ3', '2008-02-20', NULL, '2006-03-15', 'Station de Compression SC4-GZ3', 1, 10),
(104, 'SC5-GZ1', '2009-05-25', NULL, '2007-06-20', 'Station de Compression SC5-GZ1', 1, 10),
(105, 'SC5-GZ2', '2009-05-25', NULL, '2007-06-20', 'Station de Compression SC5-GZ2', 1, 10),
(106, 'SC5-GZ3', '2009-05-25', NULL, '2007-06-20', 'Station de Compression SC5-GZ3', 1, 10),
(107, 'SC3-GPDF', '2010-08-18', NULL, '2008-09-12', 'Station de Compression SC3-GPDF', 1, 10),
(108, 'SC1-GK1', '2011-11-10', NULL, '2009-12-05', 'Station de Compression SC1-GK1', 1, 10),
(109, 'SC2-GK1', '2011-11-10', NULL, '2009-12-05', 'Station de Compression SC2-GK1', 1, 10),
(110, 'SC3-GK1', '2011-11-10', NULL, '2009-12-05', 'Station de Compression SC3-GK1', 1, 10),
(111, 'SC4-GK1', '2011-11-10', NULL, '2009-12-05', 'Station de Compression SC4-GK1', 1, 10),
(112, 'SC5-GK1', '2011-11-10', NULL, '2009-12-05', 'Station de Compression SC5-GK1', 1, 10),
(113, 'S01-GO2', '2012-03-20', NULL, '2010-04-15', 'Station de Compression S01-GO2', 1, 10),
(114, 'S01-GG1', '2013-06-25', NULL, '2011-07-20', 'Station de Compression S01-GG1', 1, 10),
(115, 'S01-GR5', '2014-09-15', NULL, '2012-10-10', 'Station de Compression S01-GR5', 1, 10),
(116, 'S01-GR7', '2015-01-22', NULL, '2013-02-18', 'Station de Compression S01-GR7', 1, 10),
(117, 'SC-TFT', '2016-04-28', NULL, '2014-05-22', 'Station de Compression SC-TFT', 1, 10),
(118, 'SC1-GR2', '2017-07-18', NULL, '2015-08-12', 'Station de Compression SC1-GR2', 1, 10),
(119, 'SC2-GR2', '2017-07-18', NULL, '2015-08-12', 'Station de Compression SC2-GR2', 1, 10),
(120, 'SC3-GR2', '2017-07-18', NULL, '2015-08-12', 'Station de Compression SC3-GR2', 1, 10),
(121, 'SC4-GR2', '2017-07-18', NULL, '2015-08-12', 'Station de Compression SC4-GR2', 1, 10),
(122, 'GL1Z', '1964-10-02', NULL, '1962-09-14', 'Complexe GNL GL1Z', 1, 4),
(123, 'GL2Z', '1981-09-20', NULL, '1978-03-15', 'Complexe GNL GL2Z', 1, 4),
(124, 'GL3Z', '2013-12-10', NULL, '2010-05-20', 'Complexe GNL GL3Z', 1, 4),
(125, 'GL1K', '1972-07-15', NULL, '1967-01-01', 'Complexe GNL GL1K', 1, 4),
(126, 'GP1Z', '1974-07-30', NULL, '1970-02-18', 'Usine GPL GP1Z', 1, 4),
(127, 'GP2Z', '1980-10-15', NULL, '1976-04-22', 'Usine GPL GP2Z', 1, 4),
(128, 'RA1G', '1964-03-20', NULL, '1961-06-10', 'Raffinerie RA1G', 1, 5),
(129, 'RA1Z', '1975-05-25', NULL, '1971-09-15', 'Raffinerie RA1Z', 1, 5),
(130, 'RHM2', '1998-08-30', NULL, '1995-11-20', 'Raffinerie RHM2', 1, 5),
(131, 'RA1K', '1980-12-18', NULL, '1977-03-12', 'Raffinerie RA1K', 1, 5),
(132, 'RA2K', '1980-12-18', NULL, '1977-03-12', 'Raffinerie RA2K', 1, 5),
(133, 'RA1D', '1973-02-15', NULL, '1968-05-08', 'Raffinerie RA1D', 1, 5),
(134, 'CP1Z', '1982-11-22', NULL, '1979-07-18', 'Usine de Condensats CP1Z', 1, 4),
(135, 'CP2K', '1984-06-30', NULL, '1980-10-25', 'Usine de Condensats CP2K', 1, 4),
(136, 'SORFERT', '1975-09-20', NULL, '1970-01-15', 'Complexe Ptrochimique SORFERT', 1, 5),
(137, 'AOA', '2008-11-15', NULL, '2003-04-10', 'Complexe Ptrochimique AOA', 1, 5),
(138, 'CPF-OHD', '2001-12-28', NULL, '1998-06-20', 'Usine d\'Ourhoud', 1, 2),
(139, 'CPF-MNS', '2003-08-30', NULL, '2000-09-15', 'Unit de Traitement Central d\'In Amenas', 1, 2),
(140, 'CPF-BBK', '2004-10-25', NULL, '2001-11-20', 'Unit de Traitement Central de Berkine (El Merk)', 1, 2),
(141, 'GPC-HRM', '1982-07-15', NULL, '1978-03-10', 'Station Centrale de Hassi R\'Mel', 1, 2),
(142, 'GPC-OHT', '2003-11-20', NULL, '2000-05-12', 'Unit de Traitement Central d\'Ohanet - Train de Gaz', 1, 2),
(143, 'GPC-TFT', '2007-06-25', NULL, '2004-08-18', 'Unit de Traitement Central de Tin-Fouy-Tabenkort', 1, 2),
(144, 'GPC-TSL', '2025-08-20', NULL, '2022-03-15', 'Complexe Gazier d\'Ain Tsila', 1, 2),
(145, 'GPC-RGN', '2014-04-30', NULL, '2010-10-22', 'Traitement du Gaz du Bassin de Reggane', 1, 2),
(146, 'CRP-OHT', '2004-03-20', NULL, '2001-07-15', 'Unit de Condensats d\'Ohanet', 1, 2),
(147, 'CRP-TFT', '2008-05-28', NULL, '2005-09-20', 'Unit de Condensats de Tin-Fouy', 1, 2),
(148, 'CRP-TSL', '2025-10-15', NULL, '2023-01-10', 'Usine de rcupration des Condensats d\'Ain Tsila', 1, 2),
(149, 'CRP-MRK', '2005-07-12', NULL, '2002-11-05', 'Unit de Condensats d\'El Merk', 1, 2),
(150, 'CRP-MNS', '2004-02-25', NULL, '2001-06-18', 'Usine de rcupration des Condensats d\'In Amenas', 1, 2),
(151, 'LPG1-HRM', '1985-12-15', NULL, '1982-04-20', 'Units GPL/Condensats de Hassi R\'Mel', 1, 2),
(152, 'LPG2-HRM', '1993-06-20', NULL, '1990-08-10', 'Complexe de rcupration Centrale GPL de Hassi R\'Mel', 1, 2),
(153, 'LPGE-HRM', '1998-09-22', NULL, '1995-11-15', 'Complexe de rcupration d\'thane de Hassi R\'Mel', 1, 2),
(154, 'LPG-TFT', '2009-01-30', NULL, '2006-03-25', 'Complexe de rcupration GPL de Tin-Fouy', 1, 2),
(155, 'LPG-TSL', '2025-12-18', NULL, '2023-06-12', 'Complexe de rcupration GPL d\'Ain Tsila', 1, 2),
(156, 'OZ1', '1967-10-30', NULL, '1965-02-15', 'Pipeline OZ1', 1, 10),
(157, 'OZ2', '2003-08-18', NULL, '2003-08-18', 'Pipeline OZ2', 1, 10),
(158, 'OK1', '1972-01-01', NULL, '1972-01-01', 'Pipeline OK1', 1, 10),
(159, 'OB1', '1959-12-05', NULL, '1957-09-01', 'Pipeline OB1', 1, 10),
(160, 'ROB1-01', '1999-11-15', NULL, '1996-06-20', 'Pipeline ROB1-01', 1, 10),
(161, 'ROB1-02', '2003-08-22', NULL, '2000-03-10', 'Pipeline ROB1-02', 1, 10),
(162, 'OG1', '2005-07-04', NULL, '2005-07-04', 'Pipeline OG1', 1, 10),
(163, 'OT1', '1960-01-15', NULL, '1958-06-01', 'Pipeline OT1', 1, 10),
(164, 'OH1', '1982-01-01', NULL, '1982-01-01', 'Pipeline OH1', 1, 10),
(165, 'ROH1', '2008-06-25', NULL, '2005-08-18', 'Pipeline ROH1', 1, 10),
(166, 'OH2', '1972-04-10', NULL, '1972-04-10', 'Pipeline OH2', 1, 10),
(167, 'OH3', '2001-05-15', NULL, '1997-02-15', 'Pipeline OH3', 1, 10),
(168, 'OH4', '2006-01-01', NULL, '2006-01-01', 'Pipeline OH4', 1, 10),
(169, 'OD1', '1977-03-23', NULL, '1977-03-23', 'Pipeline OD1', 1, 10),
(170, 'ROD1', '2008-09-30', NULL, '2005-04-15', 'Pipeline ROD1', 1, 10),
(171, 'OD2', '2009-04-18', NULL, '2006-09-10', 'Pipeline OD2', 1, 10),
(172, 'OD3', '2010-08-20', NULL, '2007-10-25', 'Pipeline OD3', 1, 10),
(173, 'NZ1', '1978-11-01', NULL, '1978-11-01', 'Pipeline NZ1', 1, 10),
(174, 'NK1', '2009-08-04', NULL, '2009-08-04', 'Pipeline NK1', 1, 10),
(175, 'NH2', '1960-01-01', NULL, '1960-01-01', 'Pipeline NH2', 1, 10),
(176, 'LNZ1', '2005-10-22', NULL, '2003-01-18', 'Pipeline LNZ1', 1, 10),
(177, 'LZ1', '1984-02-08', NULL, '1984-02-08', 'Pipeline LZ1', 1, 10),
(178, 'LZ2', '2010-11-01', NULL, '2010-11-01', 'Pipeline LZ2', 1, 10),
(179, 'LR1', '1996-01-01', NULL, '1996-01-01', 'Pipeline LR1', 1, 10),
(180, 'DLR1', '2004-10-04', NULL, '2004-10-04', 'Pipeline DLR1', 1, 10),
(181, 'ELR1', '2014-01-01', NULL, '2014-01-01', 'Pipeline ELR1', 1, 10),
(182, 'GZ0', '1961-04-01', NULL, '1960-03-01', 'Pipeline GZ0', 1, 10),
(183, 'GZ0 Bis', '2022-09-01', NULL, '2022-09-01', 'Pipeline GZ0 Bis', 1, 10),
(184, 'GZ1', '1976-01-01', NULL, '1976-01-01', 'Pipeline GZ1', 1, 10),
(185, 'GZ2', '1982-01-01', NULL, '1982-01-01', 'Pipeline GZ2', 1, 10),
(186, 'RGZ2', '2005-02-22', NULL, '2002-03-18', 'Pipeline RGZ2', 1, 10),
(187, 'GZ3', '1989-01-01', NULL, '1989-01-01', 'Pipeline GZ3', 1, 10),
(188, 'RGZ3-01', '2018-01-01', NULL, '2018-01-01', 'Pipeline RGZ3-01', 1, 10),
(189, 'RGZ3-02', '2006-08-20', NULL, '2003-05-12', 'Pipeline RGZ3-02', 1, 10),
(190, 'GZ4-01', '2010-04-16', NULL, '2010-04-16', 'Pipeline GZ4-01', 1, 10),
(191, 'GZ4-02', '2006-10-28', NULL, '2004-01-20', 'Pipeline GZ4-02', 1, 10),
(192, 'GZ4-03', '2007-11-30', NULL, '2005-02-15', 'Pipeline GZ4-03', 1, 10),
(193, 'GK1', '1978-01-01', NULL, '1971-01-01', 'Pipeline GK1', 1, 10),
(194, 'GK2', '2001-01-01', NULL, '1998-01-01', 'Pipeline GK2', 1, 10),
(195, 'GK3-01', '2012-01-01', NULL, '2012-01-01', 'Pipeline GK3-01', 1, 10),
(196, 'GK3-02', '2005-10-15', NULL, '2003-03-20', 'Pipeline GK3-02', 1, 10),
(197, 'GG1', '1981-01-01', NULL, '1981-01-01', 'Pipeline GG1', 1, 10),
(198, 'RGG1', '2019-01-01', NULL, '2019-01-01', 'Pipeline RGG1', 1, 10),
(199, 'GM1', '1996-11-20', NULL, '1993-09-10', 'Pipeline GM1', 1, 10),
(200, 'GR1', '1986-01-01', NULL, '1986-01-01', 'Pipeline GR1', 1, 10),
(201, 'GR2', '1999-01-01', NULL, '1999-01-01', 'Pipeline GR2', 1, 10),
(202, 'GR3', '2007-07-22', NULL, '2004-03-18', 'Pipeline GR3', 1, 10),
(203, 'GR4', '2014-01-01', NULL, '2014-01-01', 'Pipeline GR4', 1, 10),
(204, 'GR5', '2017-06-01', NULL, '2017-06-01', 'Pipeline GR5', 1, 10),
(205, 'GR6', '2017-01-01', NULL, '2017-01-01', 'Pipeline GR6', 1, 10),
(206, 'GR7', '2019-12-01', NULL, '2019-12-01', 'Pipeline GR7', 1, 10),
(207, 'GPDF', '1996-01-01', NULL, '1996-01-01', 'Pipeline GPDF', 1, 10),
(208, 'EGPDF', '2021-01-01', NULL, '2021-01-01', 'Pipeline EGPDF', 1, 10),
(209, 'GO1', '1982-01-01', NULL, '1982-01-01', 'Pipeline GO1', 1, 10),
(210, 'GO2', '1987-01-01', NULL, '1987-01-01', 'Pipeline GO2', 1, 10),
(211, 'GO3', '2010-01-01', NULL, '2008-01-01', 'Pipeline GO3', 1, 10);

-- --------------------------------------------------------

--
-- Table structure for table `t_02_03_02`
--

CREATE TABLE `t_02_03_02` (
  `f_00` bigint(20) NOT NULL,
  `f_09` bigint(20) NOT NULL,
  `f_08` bigint(20) NOT NULL
) ENGINE=InnoDB DEFAULT CHARSET=utf8mb4 COLLATE=utf8mb4_general_ci;

--
-- Dumping data for table `t_02_03_02`
--

INSERT INTO `t_02_03_02` (`f_00`, `f_09`, `f_08`) VALUES
(1, 21, 1),
(2, 67, 1),
(3, 14, 1),
(4, 2, 1),
(5, 76, 1),
(6, 11, 1),
(7, 34, 1),
(8, 35, 1),
(9, 48, 1),
(10, 59, 1),
(11, 23, 1),
(12, 5, 1),
(13, 13, 1),
(14, 34, 1),
(15, 50, 1),
(16, 63, 1),
(17, 85, 1),
(18, 71, 1),
(19, 7, 1),
(20, 8, 1),
(21, 9, 1),
(22, 11, 1),
(23, 17, 1),
(24, 18, 1),
(25, 25, 1),
(26, 30, 1),
(27, 32, 1),
(28, 36, 1),
(29, 37, 1),
(30, 38, 1),
(31, 39, 1),
(32, 69, 1),
(33, 71, 1),
(34, 76, 1),
(35, 31, 1),
(36, 31, 1),
(37, 64, 1),
(38, 65, 1),
(39, 6, 1),
(40, 6, 1),
(41, 35, 1),
(42, 35, 1),
(43, 51, 1),
(44, 51, 1),
(45, 24, 1),
(46, 24, 1),
(47, 40, 1),
(48, 40, 1),
(49, 31, 1),
(50, 22, 1),
(51, 82, 1),
(52, 83, 1),
(53, 62, 1),
(54, 31, 1),
(55, 22, 1),
(56, 28, 1),
(57, 59, 1),
(58, 12, 1),
(59, 37, 1),
(60, 21, 1),
(61, 37, 1),
(62, 47, 1),
(63, 30, 1),
(64, 32, 1),
(65, 64, 1),
(66, 25, 1),
(67, 50, 1),
(68, 61, 1),
(69, 35, 1),
(70, 51, 1),
(71, 44, 1),
(72, 40, 1),
(73, 31, 1),
(74, 75, 1),
(75, 35, 1),
(76, 52, 1),
(77, 27, 1),
(78, 31, 1),
(79, 52, 1),
(80, 35, 1),
(81, 45, 1),
(82, 71, 1),
(83, 31, 1),
(84, 31, 1),
(85, 65, 1),
(86, 31, 1),
(87, 6, 1),
(88, 52, 1),
(89, 46, 1),
(90, 84, 1),
(91, 19, 1),
(92, 78, 1),
(93, 79, 1),
(94, 80, 1),
(95, 56, 1),
(96, 57, 1),
(97, 58, 1),
(98, 46, 1),
(99, 46, 1),
(100, 46, 1),
(101, 60, 1),
(102, 60, 1),
(103, 60, 1),
(104, 40, 1),
(105, 40, 1),
(106, 40, 1),
(107, 42, 1),
(108, 33, 1),
(109, 68, 1),
(110, 20, 1),
(111, 74, 1),
(112, 43, 1),
(113, 3, 1),
(114, 55, 1),
(115, 35, 1),
(116, 41, 1),
(117, 81, 1),
(118, 72, 1),
(119, 85, 1),
(120, 66, 1),
(121, 35, 1),
(122, 16, 1),
(123, 16, 1),
(124, 16, 1),
(125, 29, 1),
(126, 49, 1),
(127, 49, 1),
(128, 76, 1),
(129, 53, 1),
(130, 34, 1),
(131, 76, 1),
(132, 76, 1),
(133, 73, 1),
(134, 54, 1),
(135, 77, 1),
(136, 1, 1),
(137, 10, 1),
(138, 69, 1),
(139, 37, 1),
(140, 15, 1),
(141, 35, 1),
(142, 63, 1),
(143, 81, 1),
(144, 4, 1),
(145, 70, 1),
(146, 63, 1),
(147, 81, 1),
(148, 4, 1),
(149, 26, 1),
(150, 37, 1),
(151, 35, 1),
(152, 35, 1),
(153, 35, 1),
(154, 82, 1),
(155, 4, 1);

-- --------------------------------------------------------

--
-- Table structure for table `t_02_03_03`
--

CREATE TABLE `t_02_03_03` (
  `f_00` bigint(20) NOT NULL,
  `f_11` bigint(20) DEFAULT NULL,
  `f_10` bigint(20) NOT NULL
) ENGINE=InnoDB DEFAULT CHARSET=utf8mb4 COLLATE=utf8mb4_general_ci;

--
-- Dumping data for table `t_02_03_03`
--

INSERT INTO `t_02_03_03` (`f_00`, `f_11`, `f_10`) VALUES
(35, 1, 7),
(36, 1, 7),
(37, 1, 7),
(38, 1, 7),
(39, 1, 7),
(40, 1, 7),
(41, 1, 7),
(42, 1, 7),
(43, 1, 7),
(44, 1, 7),
(45, 1, 7),
(46, 1, 7),
(47, 1, 7),
(48, 1, 9),
(49, 2, 7),
(50, 2, 7),
(51, 2, 7),
(52, 2, 7),
(53, 2, 7),
(54, 2, 7),
(55, 3, 7),
(56, 3, 7),
(57, 3, 7),
(58, 3, 7),
(59, 3, 7),
(60, 4, 7),
(61, 4, 7),
(62, 5, 7),
(63, 5, 7),
(64, 5, 7),
(65, 5, 7),
(66, 6, 7),
(67, 7, 7),
(68, 7, 7),
(69, 8, 7),
(70, 8, 7),
(71, 8, 7),
(72, 8, 9),
(73, 9, 7),
(74, 9, 7),
(75, 11, 7),
(76, 11, 7),
(77, 11, 7),
(78, 11, 7),
(79, 11, 7),
(80, 11, 7),
(81, 11, 9),
(82, 12, 7),
(83, 12, 7),
(84, 12, 7),
(85, 12, 7),
(86, 12, 7),
(87, 12, 7),
(88, 13, 8),
(89, 13, 8),
(90, 13, 8),
(91, 13, 8),
(92, 14, 8),
(93, 14, 8),
(94, 14, 8),
(95, 14, 8),
(96, 14, 8),
(97, 14, 8),
(98, 14, 8),
(99, 14, 8),
(100, 14, 8),
(101, 14, 8),
(102, 14, 8),
(103, 14, 8),
(104, 14, 8),
(105, 14, 8),
(106, 14, 8),
(107, 16, 8),
(108, 17, 8),
(109, 17, 8),
(110, 17, 8),
(111, 17, 8),
(112, 17, 8),
(113, 19, 8),
(114, 20, 8),
(115, 22, 8),
(116, 22, 8),
(117, 21, 8),
(118, 21, 8),
(119, 21, 8),
(120, 21, 8),
(121, 21, 8);

-- --------------------------------------------------------

--
-- Table structure for table `t_02_03_04`
--

CREATE TABLE `t_02_03_04` (
  `f_00` bigint(20) NOT NULL,
  `f_10` bigint(20) NOT NULL
) ENGINE=InnoDB DEFAULT CHARSET=utf8mb4 COLLATE=utf8mb4_general_ci;

--
-- Dumping data for table `t_02_03_04`
--

INSERT INTO `t_02_03_04` (`f_00`, `f_10`) VALUES
(1, 1),
(2, 1),
(3, 1),
(4, 2),
(5, 2),
(6, 2),
(7, 3),
(8, 3),
(9, 3),
(10, 3),
(11, 3),
(12, 4),
(13, 4),
(14, 4),
(15, 4),
(16, 4),
(17, 4),
(18, 4),
(19, 5),
(20, 5),
(21, 5),
(22, 5),
(23, 5),
(24, 5),
(25, 5),
(26, 5),
(27, 5),
(28, 5),
(29, 5),
(30, 5),
(31, 5),
(32, 5),
(33, 5),
(34, 5);

-- --------------------------------------------------------

--
-- Table structure for table `t_02_03_05`
--

CREATE TABLE `t_02_03_05` (
  `f_10` double DEFAULT NULL,
  `f_00` bigint(20) NOT NULL,
  `f_11` bigint(20) NOT NULL
) ENGINE=InnoDB DEFAULT CHARSET=utf8mb4 COLLATE=utf8mb4_general_ci;

--
-- Dumping data for table `t_02_03_05`
--

INSERT INTO `t_02_03_05` (`f_10`, `f_00`, `f_11`) VALUES
(1, 122, 21),
(1, 123, 21),
(1, 124, 21),
(1, 125, 21),
(1, 126, 22),
(1, 127, 22),
(1, 128, 23),
(1, 129, 23),
(1, 130, 23),
(1, 131, 23),
(1, 132, 23),
(1, 133, 23),
(1, 134, 24),
(1, 135, 24),
(1, 136, 25),
(1, 137, 25),
(1, 138, 26),
(1, 139, 26),
(1, 140, 26),
(1, 141, 29),
(1, 142, 29),
(1, 143, 29),
(1, 144, 29),
(1, 145, 29),
(1, 146, 32),
(1, 147, 32),
(1, 148, 32),
(1, 149, 32),
(1, 150, 32),
(1, 151, 34),
(1, 152, 34),
(1, 153, 34),
(1, 154, 34),
(1, 155, 34);

-- --------------------------------------------------------

--
-- Table structure for table `t_02_03_06`
--

CREATE TABLE `t_02_03_06` (
  `f_10` double DEFAULT NULL,
  `f_00` bigint(20) NOT NULL,
  `f_12` bigint(20) DEFAULT NULL,
  `f_11` bigint(20) NOT NULL
) ENGINE=InnoDB DEFAULT CHARSET=utf8mb4 COLLATE=utf8mb4_general_ci;

-- --------------------------------------------------------

--
-- Table structure for table `t_02_03_07`
--

CREATE TABLE `t_02_03_07` (
  `f_00` bigint(20) NOT NULL,
  `f_01` varchar(50) NOT NULL,
  `f_02` varchar(100) NOT NULL,
  `f_04` bigint(20) NOT NULL,
  `f_03` bigint(20) NOT NULL,
  `f_05` bigint(20) NOT NULL
) ENGINE=InnoDB DEFAULT CHARSET=utf8mb4 COLLATE=utf8mb4_general_ci;

--
-- Dumping data for table `t_02_03_07`
--

INSERT INTO `t_02_03_07` (`f_00`, `f_01`, `f_02`, `f_04`, `f_03`, `f_05`) VALUES
(1, 'OZ1/OZ2', 'STC OZ1/OZ2', 1, 2, 11),
(2, 'OK1', 'STC OK1', 1, 2, 10),
(3, 'OB1/OG1', 'STC OB1/OG1', 1, 2, 10),
(4, 'OT1', 'STC OT1', 1, 2, 10),
(5, 'OH1', 'STC OH1', 1, 2, 10),
(6, 'OD1/OD3/OH2', 'STC OD1/OD3/OH2', 1, 2, 10),
(7, 'OH3/OH4', 'STC OH3/OH4', 1, 2, 10),
(8, 'NZ1', 'STC NZ1', 1, 3, 10),
(9, 'NK1', 'STC NK1', 1, 3, 10),
(10, 'NH2', 'STC NH2', 1, 3, 10),
(11, 'LZ1/LZ2', 'STC LZ1/LZ2', 1, 4, 10),
(12, 'LR1/DLR1/ELR1', 'STC LR1/DLR1/ELR1', 1, 4, 10),
(13, 'GZ0', 'STC GZ0', 1, 1, 10),
(14, 'GZ1/GZ2/GZ3', 'STC GZ1/GZ2/GZ3', 1, 1, 10),
(15, 'GZ4', 'STC GZ4', 1, 1, 10),
(16, 'GPDF', 'STC GPDF', 1, 1, 10),
(17, 'GK1/GK2', 'STC GK1/GK2', 1, 1, 10),
(18, 'GK3', 'STC GK3', 1, 1, 10),
(19, 'GO1/GO2/GO3', 'STC GO1/GO2/GO3', 1, 1, 10),
(20, 'GG1', 'STC GG1', 1, 1, 10),
(21, 'GR1/GR2/GR4/GR6', 'STC GR1/GR2/GR4/GR6', 1, 1, 10),
(22, 'GR5/GR7', 'STC GR5/GR7', 1, 1, 10);

-- --------------------------------------------------------

--
-- Table structure for table `t_02_03_08`
--

CREATE TABLE `t_02_03_08` (
  `f_16` double NOT NULL,
  `f_12` double NOT NULL,
  `f_14` double NOT NULL,
  `f_09` double NOT NULL,
  `f_08` varchar(255) NOT NULL,
  `f_11` varchar(255) NOT NULL,
  `f_10` varchar(255) NOT NULL,
  `f_17` double NOT NULL,
  `f_13` double NOT NULL,
  `f_15` double NOT NULL,
  `f_00` bigint(20) NOT NULL,
  `f_23` bigint(20) NOT NULL,
  `f_22` bigint(20) NOT NULL,
  `f_24` bigint(20) NOT NULL,
  `f_18` bigint(20) DEFAULT NULL,
  `f_19` bigint(20) DEFAULT NULL,
  `f_20` bigint(20) DEFAULT NULL,
  `f_21` bigint(20) NOT NULL
) ENGINE=InnoDB DEFAULT CHARSET=utf8mb4 COLLATE=utf8mb4_general_ci;

--
-- Dumping data for table `t_02_03_08`
--

INSERT INTO `t_02_03_08` (`f_16`, `f_12`, `f_14`, `f_09`, `f_08`, `f_11`, `f_10`, `f_17`, `f_13`, `f_15`, `f_00`, `f_23`, `f_22`, `f_24`, `f_18`, `f_19`, `f_20`, `f_21`) VALUES
(21, 63, 0, 801.478, '28', '0.0457', '6.35 / 7.14 / 7.92 / 8.74 / 9.52 /  11.91 / 12.70', 11, 54, 0, 156, 21, 7, 12, 3, 14, NULL, 1);

-- --------------------------------------------------------

--
-- Table structure for table `t_02_03_09`
--

CREATE TABLE `t_02_03_09` (
  `f_08` double NOT NULL,
  `f_13` double NOT NULL,
  `f_09` double NOT NULL,
  `f_11` double NOT NULL,
  `f_12` double NOT NULL,
  `f_10` double NOT NULL,
  `f_00` bigint(20) NOT NULL,
  `f_14` bigint(20) DEFAULT NULL,
  `f_15` bigint(20) DEFAULT NULL,
  `f_16` bigint(20) DEFAULT NULL,
  `f_17` bigint(20) NOT NULL
) ENGINE=InnoDB DEFAULT CHARSET=utf8mb4 COLLATE=utf8mb4_general_ci;

-- --------------------------------------------------------

--
-- Table structure for table `t_02_03_10`
--

CREATE TABLE `t_02_03_10` (
  `f_00` bigint(20) NOT NULL,
  `f_01` varchar(50) NOT NULL,
  `f_07` date DEFAULT NULL,
  `f_09` date DEFAULT NULL,
  `f_06` date DEFAULT NULL,
  `f_08` date DEFAULT NULL,
  `f_05` date DEFAULT NULL,
  `f_03` varchar(50) DEFAULT NULL,
  `f_02` varchar(100) NOT NULL,
  `f_04` varchar(100) DEFAULT NULL,
  `f_11` bigint(20) NOT NULL,
  `f_12` bigint(20) NOT NULL,
  `f_13` bigint(20) NOT NULL,
  `f_10` bigint(20) NOT NULL
) ENGINE=InnoDB DEFAULT CHARSET=utf8mb4 COLLATE=utf8mb4_general_ci;

-- --------------------------------------------------------

--
-- Table structure for table `t_03_01_01`
--

CREATE TABLE `t_03_01_01` (
  `f_00` bigint(20) NOT NULL,
  `f_01` varchar(20) NOT NULL,
  `f_02` varchar(100) DEFAULT NULL,
  `f_04` varchar(100) DEFAULT NULL,
  `f_03` varchar(100) NOT NULL
) ENGINE=InnoDB DEFAULT CHARSET=utf8mb4 COLLATE=utf8mb4_general_ci;

--
-- Dumping data for table `t_03_01_01`
--

INSERT INTO `t_03_01_01` (`f_00`, `f_01`, `f_02`, `f_04`, `f_03`) VALUES
(1, 'PRODUCTION', '', 'Production', 'Production'),
(2, 'TRANSPORT', '', 'Transport', 'Transport'),
(3, 'EXPORT', '', 'Exportation', 'Export'),
(4, 'IMPORT', '', 'Importation', 'Import'),
(5, 'STORAGE_IN', ' - ', 'Stockage - Entre', 'Storage In'),
(6, 'STORAGE_OUT', ' - ', 'Stockage - Sortie', 'Storage Out'),
(7, 'CONSUMPTION', '', 'Consommation', 'Consumption'),
(8, 'INJECTION', '', 'Injection', 'Injection'),
(9, 'FLARING', '', 'Torchage', 'Flaring'),
(10, 'TRANSFER', ' ', 'Transfert', 'Transfer');

-- --------------------------------------------------------

--
-- Table structure for table `t_03_01_02`
--

CREATE TABLE `t_03_01_02` (
  `f_00` bigint(20) NOT NULL,
  `f_01` varchar(20) NOT NULL,
  `f_02` varchar(100) DEFAULT NULL,
  `f_04` varchar(100) DEFAULT NULL,
  `f_03` varchar(100) NOT NULL
) ENGINE=InnoDB DEFAULT CHARSET=utf8mb4 COLLATE=utf8mb4_general_ci;

--
-- Dumping data for table `t_03_01_02`
--

INSERT INTO `t_03_01_02` (`f_00`, `f_01`, `f_02`, `f_04`, `f_03`) VALUES
(1, 'EMERGENCY_SHUTDOWN', ' ', 'Emergency Shutdown', 'Arrt d\'Urgence'),
(2, 'PLANNED_MAINT', ' ', 'Planned Maintenance', 'Maintenance Planifie'),
(3, 'CORRECTIVE_MAINT', ' ', 'Corrective Maintenance', 'Maintenance Corrective'),
(4, 'EQUIPMENT_FAILURE', '  ', 'Equipment Failure', 'Panne d\'quipement'),
(5, 'SAFETY_INCIDENT', ' ', 'Safety Incident', 'Incident de Scurit'),
(6, 'INSPECTION', '', 'Inspection', 'Inspection'),
(7, 'STARTUP', ' ', 'Startup', 'Dmarrage'),
(8, 'NORMAL_SHUTDOWN', ' ', 'Normal Shutdown', 'Arrt Normal'),
(9, 'PROCESS_UPSET', ' ', 'Process Upset', 'Perturbation du Processus'),
(10, 'LEAK_DETECTION', ' ', 'Leak Detection', 'Dtection de Fuite');

-- --------------------------------------------------------

--
-- Table structure for table `t_03_02_01`
--

CREATE TABLE `t_03_02_01` (
  `f_00` bigint(20) NOT NULL,
  `f_01` varchar(100) DEFAULT NULL,
  `f_02` varchar(100) DEFAULT NULL,
  `f_03` varchar(100) NOT NULL
) ENGINE=InnoDB DEFAULT CHARSET=utf8mb4 COLLATE=utf8mb4_general_ci;

--
-- Dumping data for table `t_03_02_01`
--

INSERT INTO `t_03_02_01` (`f_00`, `f_01`, `f_02`, `f_03`) VALUES
(1, '', 'Scheduled', 'Planifi'),
(2, '', 'Ongoing', 'En Cours'),
(3, '', 'Completed', 'Termin'),
(4, '', 'Cancelled', 'Annul'),
(5, '', 'Postponed', 'Report'),
(6, ' ', 'Under Investigation', 'En Investigation');

-- --------------------------------------------------------

--
-- Table structure for table `t_03_02_02`
--

CREATE TABLE `t_03_02_02` (
  `f_00` bigint(20) NOT NULL,
  `f_01` varchar(100) DEFAULT NULL,
  `f_02` varchar(100) DEFAULT NULL,
  `f_03` varchar(100) NOT NULL
) ENGINE=InnoDB DEFAULT CHARSET=utf8mb4 COLLATE=utf8mb4_general_ci;

--
-- Dumping data for table `t_03_02_02`
--

INSERT INTO `t_03_02_02` (`f_00`, `f_01`, `f_02`, `f_03`) VALUES
(1, '', 'Open', 'Ouvert'),
(2, ' ', 'Acknowledged', 'Reconnu'),
(3, ' ', 'In Progress', 'En Cours'),
(4, ' ', 'Resolved', 'Rsolu'),
(5, '', 'Closed', 'Ferm'),
(6, ' ', 'Escalated', 'Escalad'),
(7, ' ', 'False Alarm', 'Fausse Alerte');

-- --------------------------------------------------------

--
-- Table structure for table `t_03_02_03`
--

CREATE TABLE `t_03_02_03` (
  `f_00` bigint(20) NOT NULL,
  `f_01` varchar(100) DEFAULT NULL,
  `f_02` varchar(100) DEFAULT NULL,
  `f_03` varchar(100) NOT NULL
) ENGINE=InnoDB DEFAULT CHARSET=utf8mb4 COLLATE=utf8mb4_general_ci;

--
-- Dumping data for table `t_03_02_03`
--

INSERT INTO `t_03_02_03` (`f_00`, `f_01`, `f_02`, `f_03`) VALUES
(1, '', 'Info', 'Information'),
(2, '', 'Low', 'Faible'),
(3, '', 'Medium', 'Moyen'),
(4, '', 'High', 'lev'),
(5, '', 'Critical', 'Critique'),
(6, '', 'Emergency', 'Urgence');

-- --------------------------------------------------------

--
-- Table structure for table `t_03_02_04`
--

CREATE TABLE `t_03_02_04` (
  `f_00` bigint(20) NOT NULL,
  `f_01` varchar(50) NOT NULL,
  `f_05` varchar(255) DEFAULT NULL,
  `f_06` varchar(255) DEFAULT NULL,
  `f_07` varchar(255) DEFAULT NULL,
  `f_02` varchar(100) DEFAULT NULL,
  `f_03` varchar(100) DEFAULT NULL,
  `f_04` varchar(100) NOT NULL
) ENGINE=InnoDB DEFAULT CHARSET=utf8mb4 COLLATE=utf8mb4_general_ci;

--
-- Dumping data for table `t_03_02_04`
--

INSERT INTO `t_03_02_04` (`f_00`, `f_01`, `f_05`, `f_06`, `f_07`, `f_02`, `f_03`, `f_04`) VALUES
(1, 'SCADA', '     ', 'Automated readings from Supervisory Control and Data Acquisition system', 'Lectures automatises du systme de contrle et d\'acquisition de donnes', ' SCADA', 'SCADA System', 'Systme SCADA'),
(2, 'MANUAL', '      ', 'Manual readings taken by field operators', 'Lectures manuelles effectues par les oprateurs sur le terrain', ' ', 'Manual Reading', 'Lecture Manuelle'),
(3, 'CALCULATED', '    ', 'Values computed from other data sources', 'Valeurs calcules  partir d\'autres sources de donnes', ' ', 'Calculated Value', 'Valeur Calcule'),
(4, 'EXTERNAL', '     ', 'Data from external systems or partners', 'Donnes provenant de systmes externes ou de partenaires', ' ', 'External Source', 'Source Externe'),
(5, 'FLOWMETER', '     ', 'Direct readings from flow measurement devices', 'Lectures directes des dispositifs de mesure de dbit', ' ', 'Flow Meter', 'Dbitmtre'),
(6, 'ESTIMATED', '     ', 'Estimated values based on historical data', 'Valeurs estimes bases sur des donnes historiques', '', 'Estimated', 'Estim');

-- --------------------------------------------------------

--
-- Table structure for table `t_03_02_05`
--

CREATE TABLE `t_03_02_05` (
  `f_00` bigint(20) NOT NULL,
  `f_01` varchar(50) NOT NULL,
  `f_05` varchar(255) DEFAULT NULL,
  `f_06` varchar(255) DEFAULT NULL,
  `f_07` varchar(255) DEFAULT NULL,
  `f_02` varchar(100) DEFAULT NULL,
  `f_03` varchar(100) DEFAULT NULL,
  `f_04` varchar(100) NOT NULL,
  `f_08` varchar(20) DEFAULT NULL
) ENGINE=InnoDB DEFAULT CHARSET=utf8mb4 COLLATE=utf8mb4_general_ci;

--
-- Dumping data for table `t_03_02_05`
--

INSERT INTO `t_03_02_05` (`f_00`, `f_01`, `f_05`, `f_06`, `f_07`, `f_02`, `f_03`, `f_04`, `f_08`) VALUES
(1, 'GOOD', '    ', 'Data is of high quality and reliable', 'Les donnes sont de haute qualit et fiables', '', 'Good Quality', 'Bonne Qualit', 'LOW'),
(2, 'SENSOR_ERROR', '    ', 'Sensor showing incorrect readings', 'Le capteur affiche des lectures incorrectes', '  ', 'Sensor Error', 'Erreur de Capteur', 'HIGH'),
(3, 'CALIBRATION_NEEDED', '   ', 'Device requires calibration', 'L\'appareil ncessite un talonnage', ' ', 'Calibration Needed', 'talonnage Requis', 'MEDIUM'),
(4, 'OUT_OF_RANGE', '   ', 'Reading outside expected range', 'Lecture en dehors de la plage attendue', ' ', 'Out of Range', 'Hors Plage', 'HIGH'),
(5, 'SUSPICIOUS', '   ', 'Reading appears abnormal', 'La lecture semble anormale', ' ', 'Suspicious Reading', 'Lecture Suspecte', 'MEDIUM'),
(6, 'COMM_FAILURE', '   ', 'Loss of communication with device', 'Perte de communication avec l\'appareil', ' ', 'Communication Failure', 'chec de Communication', 'CRITICAL'),
(7, 'DRIFT', '     ', 'Measurement values drifting over time', 'Valeurs de mesure drivant dans le temps', ' ', 'Drift Detected', 'Drive Dtecte', 'MEDIUM');

-- --------------------------------------------------------

--
-- Table structure for table `t_03_02_06`
--

CREATE TABLE `t_03_02_06` (
  `f_00` bigint(20) NOT NULL,
  `f_01` varchar(50) NOT NULL,
  `f_05` varchar(255) DEFAULT NULL,
  `f_06` varchar(255) DEFAULT NULL,
  `f_07` varchar(255) DEFAULT NULL,
  `f_02` varchar(100) DEFAULT NULL,
  `f_03` varchar(100) DEFAULT NULL,
  `f_04` varchar(100) NOT NULL
) ENGINE=InnoDB DEFAULT CHARSET=utf8mb4 COLLATE=utf8mb4_general_ci;

--
-- Dumping data for table `t_03_02_06`
--

INSERT INTO `t_03_02_06` (`f_00`, `f_01`, `f_05`, `f_06`, `f_07`, `f_02`, `f_03`, `f_04`) VALUES
(1, 'NOT_RECORDED', '        ', 'No reading has been recorded for this pipeline and time slot', 'Aucune lecture n\'a t enregistre pour ce pipeline et ce crneau horaire', ' ', 'Not Recorded', 'Non Enregistr'),
(2, 'DRAFT', '       ', 'Reading in progress, not yet submitted for validation', 'Lecture en cours de saisie, non encore soumise pour validation', '', 'Draft', 'Brouillon'),
(3, 'SUBMITTED', '        ', 'Reading submitted by operator and awaiting supervisor validation', 'Lecture soumise par l\'oprateur et en attente de validation du superviseur', ' ', 'Submitted', 'Soumis pour Validation'),
(4, 'APPROVED', '        ', 'Reading verified and approved by supervisor', 'Lecture vrifie et approuve par le superviseur', ' ', 'Approved', 'Approuv'),
(5, 'REJECTED', '       ', 'Reading rejected by supervisor and requires re-entry', 'Lecture rejete par le superviseur et ncessitant une nouvelle saisie', '', 'Rejected', 'Rejet');

-- --------------------------------------------------------

--
-- Table structure for table `t_03_02_07`
--

CREATE TABLE `t_03_02_07` (
  `f_00` bigint(20) NOT NULL,
  `f_01` varchar(20) NOT NULL,
  `f_04` varchar(100) DEFAULT NULL,
  `f_05` varchar(100) NOT NULL,
  `f_06` varchar(100) DEFAULT NULL,
  `f_07` int(11) DEFAULT NULL,
  `f_03` time NOT NULL,
  `f_02` time NOT NULL
) ENGINE=InnoDB DEFAULT CHARSET=utf8mb4 COLLATE=utf8mb4_general_ci;

--
-- Dumping data for table `t_03_02_07`
--

INSERT INTO `t_03_02_07` (`f_00`, `f_01`, `f_04`, `f_05`, `f_06`, `f_07`, `f_03`, `f_02`) VALUES
(1, 'SLOT_01', ' ', 'Morning Early', 'Matine tt', NULL, '10:00:00', '08:00:00'),
(2, 'SLOT_02', ' ', 'Late Morning', 'Fin de matine', NULL, '12:00:00', '10:00:00'),
(3, 'SLOT_03', '', 'Midday', 'Midi', NULL, '14:00:00', '12:00:00'),
(4, 'SLOT_04', ' ', 'Early Afternoon', 'Dbut d\'aprs-midi', NULL, '16:00:00', '14:00:00'),
(5, 'SLOT_05', '  ', 'Late Afternoon', 'Fin d\'aprs-midi', NULL, '18:00:00', '16:00:00'),
(6, 'SLOT_06', '', 'Evening', 'Soire', NULL, '20:00:00', '18:00:00'),
(7, 'SLOT_07', ' ', 'Late Evening', 'Fin de soire', NULL, '22:00:00', '20:00:00'),
(8, 'SLOT_08', '', 'Night', 'Nuit', NULL, '00:00:00', '22:00:00'),
(9, 'SLOT_09', ' ', 'Midnight', 'Minuit', NULL, '02:00:00', '00:00:00'),
(10, 'SLOT_10', ' ', 'Late Night', 'Fin de nuit', NULL, '04:00:00', '02:00:00'),
(11, 'SLOT_11', ' ', 'Early Dawn', 'Aube', NULL, '06:00:00', '04:00:00'),
(12, 'SLOT_12', '', 'Dawn', 'Petit matin', NULL, '08:00:00', '06:00:00');

-- --------------------------------------------------------

--
-- Table structure for table `t_03_03_01`
--

CREATE TABLE `t_03_03_01` (
  `f_00` bigint(20) NOT NULL,
  `f_05` varchar(500) DEFAULT NULL,
  `f_01` date NOT NULL,
  `f_03` datetime(6) DEFAULT NULL,
  `f_04` datetime(6) DEFAULT NULL,
  `f_02` decimal(15,2) NOT NULL,
  `f_06` bigint(20) NOT NULL,
  `f_07` bigint(20) NOT NULL,
  `f_09` bigint(20) NOT NULL,
  `f_08` bigint(20) NOT NULL,
  `f_10` bigint(20) DEFAULT NULL,
  `f_11` bigint(20) NOT NULL
) ENGINE=InnoDB DEFAULT CHARSET=utf8mb4 COLLATE=utf8mb4_general_ci;

-- --------------------------------------------------------

--
-- Table structure for table `t_03_03_02`
--

CREATE TABLE `t_03_03_02` (
  `f_00` bigint(20) NOT NULL,
  `f_05` decimal(7,4) DEFAULT NULL,
  `f_04` decimal(15,2) DEFAULT NULL,
  `f_03` decimal(15,2) DEFAULT NULL,
  `f_06` varchar(500) DEFAULT NULL,
  `f_01` date NOT NULL,
  `f_02` decimal(15,2) NOT NULL,
  `f_07` bigint(20) NOT NULL,
  `f_09` bigint(20) NOT NULL,
  `f_08` bigint(20) NOT NULL,
  `f_10` bigint(20) DEFAULT NULL
) ENGINE=InnoDB DEFAULT CHARSET=utf8mb4 COLLATE=utf8mb4_general_ci;

-- --------------------------------------------------------

--
-- Table structure for table `t_03_03_03`
--

CREATE TABLE `t_03_03_03` (
  `f_00` bigint(20) NOT NULL,
  `f_05` decimal(38,2) DEFAULT NULL,
  `f_04` decimal(38,2) DEFAULT NULL,
  `f_08` varchar(500) DEFAULT NULL,
  `f_02` decimal(38,2) DEFAULT NULL,
  `f_01` date NOT NULL,
  `f_06` datetime(6) NOT NULL,
  `f_03` decimal(38,2) DEFAULT NULL,
  `f_07` datetime(6) DEFAULT NULL,
  `f_12` bigint(20) NOT NULL,
  `f_13` bigint(20) NOT NULL,
  `f_09` bigint(20) NOT NULL,
  `f_10` bigint(20) DEFAULT NULL,
  `f_11` bigint(20) NOT NULL
) ENGINE=InnoDB DEFAULT CHARSET=utf8mb4 COLLATE=utf8mb4_general_ci;

-- --------------------------------------------------------

--
-- Table structure for table `t_03_03_04`
--

CREATE TABLE `t_03_03_04` (
  `f_00` bigint(20) NOT NULL,
  `f_13` varchar(2000) DEFAULT NULL,
  `f_03` varchar(2000) DEFAULT NULL,
  `f_11` datetime(6) DEFAULT NULL,
  `f_01` datetime(6) NOT NULL,
  `f_14` bit(1) NOT NULL,
  `f_10` datetime(6) DEFAULT NULL,
  `f_02` varchar(100) NOT NULL,
  `f_06` bigint(20) NOT NULL,
  `f_09` bigint(20) DEFAULT NULL,
  `f_08` bigint(20) DEFAULT NULL,
  `f_07` bigint(20) NOT NULL,
  `f_04` bigint(20) DEFAULT NULL,
  `f_12` bigint(20) DEFAULT NULL
) ENGINE=InnoDB DEFAULT CHARSET=utf8mb4 COLLATE=utf8mb4_general_ci;

-- --------------------------------------------------------

--
-- Table structure for table `t_03_03_05`
--

CREATE TABLE `t_03_03_05` (
  `f_00` bigint(20) NOT NULL,
  `f_05` datetime(6) DEFAULT NULL,
  `f_02` decimal(38,2) NOT NULL,
  `f_01` datetime(6) NOT NULL,
  `f_04` varchar(1000) DEFAULT NULL,
  `f_08` bit(1) NOT NULL,
  `f_09` datetime(6) DEFAULT NULL,
  `f_07` varchar(1000) DEFAULT NULL,
  `f_06` datetime(6) DEFAULT NULL,
  `f_03` decimal(38,2) DEFAULT NULL,
  `f_14` bigint(20) DEFAULT NULL,
  `f_12` bigint(20) DEFAULT NULL,
  `f_10` bigint(20) DEFAULT NULL,
  `f_13` bigint(20) DEFAULT NULL,
  `f_11` bigint(20) NOT NULL
) ENGINE=InnoDB DEFAULT CHARSET=utf8mb4 COLLATE=utf8mb4_general_ci;

-- --------------------------------------------------------

--
-- Table structure for table `t_03_03_06`
--

CREATE TABLE `t_03_03_06` (
  `f_00` bigint(20) NOT NULL,
  `f_10` bit(1) NOT NULL,
  `f_09` decimal(5,2) NOT NULL,
  `f_08` decimal(12,2) NOT NULL,
  `f_07` decimal(12,2) NOT NULL,
  `f_06` decimal(12,2) NOT NULL,
  `f_05` decimal(12,2) NOT NULL,
  `f_02` decimal(12,2) NOT NULL,
  `f_01` decimal(12,2) NOT NULL,
  `f_04` decimal(12,2) NOT NULL,
  `f_03` decimal(12,2) NOT NULL,
  `f_11` bigint(20) NOT NULL
) ENGINE=InnoDB DEFAULT CHARSET=utf8mb4 COLLATE=utf8mb4_general_ci;

--
-- Dumping data for table `t_03_03_06`
--

INSERT INTO `t_03_03_06` (`f_00`, `f_10`, `f_09`, `f_08`, `f_07`, `f_06`, `f_05`, `f_02`, `f_01`, `f_04`, `f_03`, `f_11`) VALUES
(1, b'1', 5.00, 130000.00, 20000.00, 1500.00, 1254.00, 70.00, 50.00, 120.00, 65.00, 156);

--
-- Indexes for dumped tables
--

--
-- Indexes for table `r_t000201_t000203`
--
ALTER TABLE `r_t000201_t000203`
  ADD PRIMARY KEY (`f_01`,`f_02`),
  ADD KEY `R_T000201_T000203_FK_02` (`f_02`);

--
-- Indexes for table `r_t000202_t000201`
--
ALTER TABLE `r_t000202_t000201`
  ADD PRIMARY KEY (`f_01`,`f_02`),
  ADD KEY `R_T000202_T000201_FK_02` (`f_02`);

--
-- Indexes for table `r_t000202_t000203`
--
ALTER TABLE `r_t000202_t000203`
  ADD PRIMARY KEY (`f_01`,`f_02`),
  ADD KEY `R_T000202_T000203_FK_02` (`f_02`);

--
-- Indexes for table `r_t000203_t000204`
--
ALTER TABLE `r_t000203_t000204`
  ADD PRIMARY KEY (`f_01`,`f_02`),
  ADD KEY `R_T000203_T000204_FK_02` (`f_02`);

--
-- Indexes for table `r_t020303_t020308`
--
ALTER TABLE `r_t020303_t020308`
  ADD PRIMARY KEY (`f_01`,`f_02`),
  ADD KEY `R_T020303_T020308_FK_02` (`f_02`);

--
-- Indexes for table `r_t020304_t020302`
--
ALTER TABLE `r_t020304_t020302`
  ADD PRIMARY KEY (`f_01`,`f_02`),
  ADD KEY `R_T020304_T020302_FK_02` (`f_02`);

--
-- Indexes for table `r_t020304_t020308`
--
ALTER TABLE `r_t020304_t020308`
  ADD PRIMARY KEY (`f_01`,`f_02`),
  ADD KEY `R_T020304_T020308_FK_02` (`f_02`);

--
-- Indexes for table `r_t020305_t020201`
--
ALTER TABLE `r_t020305_t020201`
  ADD PRIMARY KEY (`f_01`,`f_02`),
  ADD KEY `R_T020305_T020201_FK_02` (`f_02`);

--
-- Indexes for table `r_t020305_t020204`
--
ALTER TABLE `r_t020305_t020204`
  ADD PRIMARY KEY (`f_01`,`f_02`),
  ADD KEY `R_T020305_T020204_FK_02` (`f_02`);

--
-- Indexes for table `r_t020305_t020308`
--
ALTER TABLE `r_t020305_t020308`
  ADD PRIMARY KEY (`f_01`,`f_02`),
  ADD KEY `R_T020305_T020308_FK_02` (`f_02`);

--
-- Indexes for table `r_t020306_t020201`
--
ALTER TABLE `r_t020306_t020201`
  ADD PRIMARY KEY (`f_01`,`f_02`),
  ADD KEY `R_T020306_T020201_FK_02` (`f_02`);

--
-- Indexes for table `r_t020306_t020204`
--
ALTER TABLE `r_t020306_t020204`
  ADD PRIMARY KEY (`f_01`,`f_02`),
  ADD KEY `R_T020306_T020204_FK_02` (`f_02`);

--
-- Indexes for table `r_t020308_t010206`
--
ALTER TABLE `r_t020308_t010206`
  ADD PRIMARY KEY (`f_01`,`f_02`),
  ADD KEY `R_T020308_T010206_FK_02` (`f_02`);

--
-- Indexes for table `r_t020308_t020205`
--
ALTER TABLE `r_t020308_t020205`
  ADD PRIMARY KEY (`f_01`,`f_02`),
  ADD KEY `R_T020308_T020205_FK_02` (`f_02`);

--
-- Indexes for table `t_00_00_01`
--
ALTER TABLE `t_00_00_01`
  ADD PRIMARY KEY (`f_00`);

--
-- Indexes for table `t_00_01_01`
--
ALTER TABLE `t_00_01_01`
  ADD PRIMARY KEY (`f_00`);

--
-- Indexes for table `t_00_02_01`
--
ALTER TABLE `t_00_02_01`
  ADD PRIMARY KEY (`f_00`),
  ADD UNIQUE KEY `T_00_02_01_UK_01` (`f_01`);

--
-- Indexes for table `t_00_02_02`
--
ALTER TABLE `t_00_02_02`
  ADD PRIMARY KEY (`f_00`),
  ADD UNIQUE KEY `T_00_02_02_UK_01` (`f_01`),
  ADD UNIQUE KEY `T_00_02_02_UK_02` (`f_02`),
  ADD KEY `T_00_02_02_FK_01` (`f_08`);

--
-- Indexes for table `t_00_02_03`
--
ALTER TABLE `t_00_02_03`
  ADD PRIMARY KEY (`f_00`),
  ADD UNIQUE KEY `T_00_02_03_UK_01` (`f_01`);

--
-- Indexes for table `t_00_02_04`
--
ALTER TABLE `t_00_02_04`
  ADD PRIMARY KEY (`f_00`),
  ADD UNIQUE KEY `T_00_02_04_UK_01` (`f_01`);

--
-- Indexes for table `t_00_02_05`
--
ALTER TABLE `t_00_02_05`
  ADD PRIMARY KEY (`f_00`),
  ADD UNIQUE KEY `T_00_02_05_UK_01` (`f_01`);

--
-- Indexes for table `t_00_03_01`
--
ALTER TABLE `t_00_03_01`
  ADD PRIMARY KEY (`f_00`);

--
-- Indexes for table `t_00_04_01`
--
ALTER TABLE `t_00_04_01`
  ADD PRIMARY KEY (`f_00`),
  ADD UNIQUE KEY `T_00_04_01_UK_01` (`f_03`);

--
-- Indexes for table `t_00_05_01`
--
ALTER TABLE `t_00_05_01`
  ADD PRIMARY KEY (`f_00`),
  ADD KEY `IDX_T000501_F04` (`f_04`),
  ADD KEY `IDX_T000501_F07` (`f_07`),
  ADD KEY `IDX_T000501_F09` (`f_09`),
  ADD KEY `T_00_05_01_FK_01` (`f_08`);

--
-- Indexes for table `t_00_05_02`
--
ALTER TABLE `t_00_05_02`
  ADD PRIMARY KEY (`f_00`),
  ADD UNIQUE KEY `T_00_05_02_UK_01` (`f_01`);

--
-- Indexes for table `t_01_01_01`
--
ALTER TABLE `t_01_01_01`
  ADD PRIMARY KEY (`f_00`),
  ADD UNIQUE KEY `T_01_01_01_UK_01` (`f_03`);

--
-- Indexes for table `t_01_02_01`
--
ALTER TABLE `t_01_02_01`
  ADD PRIMARY KEY (`f_00`),
  ADD UNIQUE KEY `T_01_02_01_UK_01` (`f_01`),
  ADD UNIQUE KEY `T_01_02_01_UK_02` (`f_04`);

--
-- Indexes for table `t_01_02_02`
--
ALTER TABLE `t_01_02_02`
  ADD PRIMARY KEY (`f_00`),
  ADD UNIQUE KEY `T_01_02_02_UK_01` (`f_04`);

--
-- Indexes for table `t_01_02_03`
--
ALTER TABLE `t_01_02_03`
  ADD PRIMARY KEY (`f_00`),
  ADD UNIQUE KEY `T_01_02_03_UK_01` (`f_01`),
  ADD UNIQUE KEY `T_01_02_03_UK_02` (`f_04`);

--
-- Indexes for table `t_01_02_04`
--
ALTER TABLE `t_01_02_04`
  ADD PRIMARY KEY (`f_00`),
  ADD UNIQUE KEY `T_01_02_04_UK_01` (`f_01`),
  ADD KEY `T_01_02_04_FK_01` (`f_05`);

--
-- Indexes for table `t_01_02_05`
--
ALTER TABLE `t_01_02_05`
  ADD PRIMARY KEY (`f_00`),
  ADD UNIQUE KEY `T_01_02_05_UK_01` (`f_01`),
  ADD KEY `T_01_02_05_FK_01` (`f_05`);

--
-- Indexes for table `t_01_02_06`
--
ALTER TABLE `t_01_02_06`
  ADD PRIMARY KEY (`f_00`),
  ADD KEY `T_01_02_06_FK_01` (`f_07`);

--
-- Indexes for table `t_01_02_07`
--
ALTER TABLE `t_01_02_07`
  ADD PRIMARY KEY (`f_00`),
  ADD KEY `T_01_02_07_FK_01` (`f_05`);

--
-- Indexes for table `t_01_03_01`
--
ALTER TABLE `t_01_03_01`
  ADD PRIMARY KEY (`f_00`),
  ADD UNIQUE KEY `T_01_03_01_UK_01` (`f_01`),
  ADD UNIQUE KEY `T_01_03_01_UK_02` (`f_04`),
  ADD KEY `T_01_03_01_FK_02` (`f_06`),
  ADD KEY `T_01_03_01_FK_01` (`f_05`);

--
-- Indexes for table `t_01_03_02`
--
ALTER TABLE `t_01_03_02`
  ADD PRIMARY KEY (`f_00`),
  ADD UNIQUE KEY `T_01_03_02_UK_01` (`f_01`),
  ADD UNIQUE KEY `T_01_03_02_UK_02` (`f_04`),
  ADD KEY `T_01_03_02_FK_01` (`f_05`);

--
-- Indexes for table `t_01_03_03`
--
ALTER TABLE `t_01_03_03`
  ADD PRIMARY KEY (`f_00`),
  ADD KEY `T_01_03_03_FK_02` (`f_11`),
  ADD KEY `T_01_03_03_FK_01` (`f_10`),
  ADD KEY `T_01_03_03_FK_03` (`f_12`),
  ADD KEY `T_01_03_03_FK_04` (`f_13`);

--
-- Indexes for table `t_01_03_04`
--
ALTER TABLE `t_01_03_04`
  ADD PRIMARY KEY (`f_00`),
  ADD KEY `T_01_03_04_FK_01` (`f_15`);

--
-- Indexes for table `t_02_01_01`
--
ALTER TABLE `t_02_01_01`
  ADD PRIMARY KEY (`f_00`),
  ADD UNIQUE KEY `T_02_01_01_UK_01` (`f_03`);

--
-- Indexes for table `t_02_01_02`
--
ALTER TABLE `t_02_01_02`
  ADD PRIMARY KEY (`f_00`);

--
-- Indexes for table `t_02_01_03`
--
ALTER TABLE `t_02_01_03`
  ADD PRIMARY KEY (`f_00`);

--
-- Indexes for table `t_02_01_04`
--
ALTER TABLE `t_02_01_04`
  ADD PRIMARY KEY (`f_00`),
  ADD UNIQUE KEY `T_02_01_04_UK_01` (`f_01`),
  ADD UNIQUE KEY `T_02_01_04_UK_02` (`f_04`);

--
-- Indexes for table `t_02_01_05`
--
ALTER TABLE `t_02_01_05`
  ADD PRIMARY KEY (`f_00`);

--
-- Indexes for table `t_02_01_06`
--
ALTER TABLE `t_02_01_06`
  ADD PRIMARY KEY (`f_00`);

--
-- Indexes for table `t_02_01_07`
--
ALTER TABLE `t_02_01_07`
  ADD PRIMARY KEY (`f_00`);

--
-- Indexes for table `t_02_01_08`
--
ALTER TABLE `t_02_01_08`
  ADD PRIMARY KEY (`f_00`);

--
-- Indexes for table `t_02_01_09`
--
ALTER TABLE `t_02_01_09`
  ADD PRIMARY KEY (`f_00`),
  ADD UNIQUE KEY `T_02_01_09_UK_01` (`f_01`),
  ADD UNIQUE KEY `T_02_01_09_UK_02` (`f_04`);

--
-- Indexes for table `t_02_02_01`
--
ALTER TABLE `t_02_02_01`
  ADD PRIMARY KEY (`f_00`),
  ADD UNIQUE KEY `T_02_02_01_UK_01` (`f_01`),
  ADD UNIQUE KEY `T_02_02_01_UK_02` (`f_04`);

--
-- Indexes for table `t_02_02_02`
--
ALTER TABLE `t_02_02_02`
  ADD PRIMARY KEY (`f_00`),
  ADD UNIQUE KEY `T_02_02_02_UK_01` (`f_01`),
  ADD UNIQUE KEY `T_02_02_02_UK_02` (`f_04`);

--
-- Indexes for table `t_02_02_03`
--
ALTER TABLE `t_02_02_03`
  ADD PRIMARY KEY (`f_00`),
  ADD UNIQUE KEY `T_02_02_03_UK_01` (`f_01`),
  ADD UNIQUE KEY `T_02_02_03_UK_02` (`f_04`);

--
-- Indexes for table `t_02_02_04`
--
ALTER TABLE `t_02_02_04`
  ADD PRIMARY KEY (`f_00`),
  ADD UNIQUE KEY `T_02_02_04_UK_01` (`f_02`),
  ADD KEY `T_02_02_04_FK_02` (`f_04`),
  ADD KEY `T_02_02_04_FK_01` (`f_03`);

--
-- Indexes for table `t_02_02_05`
--
ALTER TABLE `t_02_02_05`
  ADD PRIMARY KEY (`f_00`),
  ADD UNIQUE KEY `T_02_02_05_UK_01` (`f_02`),
  ADD KEY `T_02_02_05_FK_02` (`f_04`),
  ADD KEY `T_02_02_05_FK_01` (`f_03`);

--
-- Indexes for table `t_02_03_01`
--
ALTER TABLE `t_02_03_01`
  ADD PRIMARY KEY (`f_00`),
  ADD UNIQUE KEY `T_02_03_01_UK_01` (`f_01`),
  ADD KEY `T_02_03_01_FK_01` (`f_06`),
  ADD KEY `T_02_03_01_FK_02` (`f_07`);

--
-- Indexes for table `t_02_03_02`
--
ALTER TABLE `t_02_03_02`
  ADD PRIMARY KEY (`f_00`),
  ADD KEY `T_02_03_02_FK_02` (`f_09`),
  ADD KEY `T_02_03_02_FK_01` (`f_08`);

--
-- Indexes for table `t_02_03_03`
--
ALTER TABLE `t_02_03_03`
  ADD PRIMARY KEY (`f_00`),
  ADD KEY `T_02_03_03_FK_02` (`f_11`),
  ADD KEY `T_02_03_03_FK_01` (`f_10`);

--
-- Indexes for table `t_02_03_04`
--
ALTER TABLE `t_02_03_04`
  ADD PRIMARY KEY (`f_00`),
  ADD KEY `T_02_03_04_FK_01` (`f_10`);

--
-- Indexes for table `t_02_03_05`
--
ALTER TABLE `t_02_03_05`
  ADD PRIMARY KEY (`f_00`),
  ADD KEY `T_02_03_05_FK_01` (`f_11`);

--
-- Indexes for table `t_02_03_06`
--
ALTER TABLE `t_02_03_06`
  ADD PRIMARY KEY (`f_00`),
  ADD KEY `T_02_03_06_FK_02` (`f_12`),
  ADD KEY `T_02_03_06_FK_01` (`f_11`);

--
-- Indexes for table `t_02_03_07`
--
ALTER TABLE `t_02_03_07`
  ADD PRIMARY KEY (`f_00`),
  ADD UNIQUE KEY `T_02_03_07_UK_01` (`f_01`),
  ADD KEY `T_02_03_07_FK_02` (`f_04`),
  ADD KEY `T_02_03_07_FK_01` (`f_03`),
  ADD KEY `T_02_03_07_FK_03` (`f_05`);

--
-- Indexes for table `t_02_03_08`
--
ALTER TABLE `t_02_03_08`
  ADD PRIMARY KEY (`f_00`),
  ADD KEY `T_02_03_08_FK_06` (`f_23`),
  ADD KEY `T_02_03_08_FK_05` (`f_22`),
  ADD KEY `T_02_03_01_FK_07` (`f_24`),
  ADD KEY `T_02_03_08_FK_01` (`f_18`),
  ADD KEY `T_02_03_08_FK_02` (`f_19`),
  ADD KEY `T_02_03_08_FK_03` (`f_20`),
  ADD KEY `T_02_03_08_FK_04` (`f_21`);

--
-- Indexes for table `t_02_03_09`
--
ALTER TABLE `t_02_03_09`
  ADD PRIMARY KEY (`f_00`),
  ADD KEY `T_02_03_09_FK_01` (`f_14`),
  ADD KEY `T_02_03_09_FK_02` (`f_15`),
  ADD KEY `T_02_03_09_FK_03` (`f_16`),
  ADD KEY `T_02_03_09_FK_04` (`f_17`);

--
-- Indexes for table `t_02_03_10`
--
ALTER TABLE `t_02_03_10`
  ADD PRIMARY KEY (`f_00`),
  ADD UNIQUE KEY `T_02_03_10_UK_01` (`f_02`),
  ADD KEY `T_02_03_10_FK_02` (`f_11`),
  ADD KEY `T_02_03_10_FK_03` (`f_12`),
  ADD KEY `T_02_03_10_FK_04` (`f_13`),
  ADD KEY `T_02_03_10_FK_01` (`f_10`);

--
-- Indexes for table `t_03_01_01`
--
ALTER TABLE `t_03_01_01`
  ADD PRIMARY KEY (`f_00`),
  ADD UNIQUE KEY `T_03_01_01_UK_01` (`f_01`),
  ADD UNIQUE KEY `T_03_01_01_UK_02` (`f_03`);

--
-- Indexes for table `t_03_01_02`
--
ALTER TABLE `t_03_01_02`
  ADD PRIMARY KEY (`f_00`),
  ADD UNIQUE KEY `T_03_01_02_UK_01` (`f_01`),
  ADD UNIQUE KEY `T_03_01_02_UK_02` (`f_03`);

--
-- Indexes for table `t_03_02_01`
--
ALTER TABLE `t_03_02_01`
  ADD PRIMARY KEY (`f_00`),
  ADD UNIQUE KEY `T_03_02_01_UK_01` (`f_03`);

--
-- Indexes for table `t_03_02_02`
--
ALTER TABLE `t_03_02_02`
  ADD PRIMARY KEY (`f_00`),
  ADD UNIQUE KEY `T_03_02_02_UK_01` (`f_03`);

--
-- Indexes for table `t_03_02_03`
--
ALTER TABLE `t_03_02_03`
  ADD PRIMARY KEY (`f_00`),
  ADD UNIQUE KEY `T_03_02_03_UK_01` (`f_03`);

--
-- Indexes for table `t_03_02_04`
--
ALTER TABLE `t_03_02_04`
  ADD PRIMARY KEY (`f_00`),
  ADD UNIQUE KEY `T_03_02_04_UK_01` (`f_01`),
  ADD UNIQUE KEY `T_03_02_04_UK_02` (`f_04`);

--
-- Indexes for table `t_03_02_05`
--
ALTER TABLE `t_03_02_05`
  ADD PRIMARY KEY (`f_00`),
  ADD UNIQUE KEY `T_03_02_05_UK_01` (`f_01`),
  ADD UNIQUE KEY `T_03_02_05_UK_02` (`f_04`);

--
-- Indexes for table `t_03_02_06`
--
ALTER TABLE `t_03_02_06`
  ADD PRIMARY KEY (`f_00`),
  ADD UNIQUE KEY `T_03_02_06_UK_01` (`f_01`),
  ADD UNIQUE KEY `T_03_02_06_UK_02` (`f_04`);

--
-- Indexes for table `t_03_02_07`
--
ALTER TABLE `t_03_02_07`
  ADD PRIMARY KEY (`f_00`),
  ADD UNIQUE KEY `T_03_02_07_UK_01` (`f_01`,`f_02`);

--
-- Indexes for table `t_03_03_01`
--
ALTER TABLE `t_03_03_01`
  ADD PRIMARY KEY (`f_00`),
  ADD UNIQUE KEY `T_03_03_01_UK_01` (`f_01`,`f_06`,`f_08`,`f_09`),
  ADD KEY `T_03_03_01_IX_01` (`f_01`),
  ADD KEY `T_03_03_01_IX_02` (`f_06`),
  ADD KEY `T_03_03_01_IX_03` (`f_08`),
  ADD KEY `T_03_03_01_FK_02` (`f_07`),
  ADD KEY `T_03_03_01_FK_04` (`f_09`),
  ADD KEY `T_03_03_01_FK_05` (`f_10`),
  ADD KEY `T_03_03_01_FK_06` (`f_11`);

--
-- Indexes for table `t_03_03_02`
--
ALTER TABLE `t_03_03_02`
  ADD PRIMARY KEY (`f_00`),
  ADD UNIQUE KEY `T_03_03_02_UK_01` (`f_01`,`f_07`,`f_08`,`f_09`),
  ADD KEY `T_03_03_02_IX_01` (`f_01`),
  ADD KEY `T_03_03_02_IX_02` (`f_07`),
  ADD KEY `T_03_03_02_FK_03` (`f_09`),
  ADD KEY `T_03_03_02_FK_02` (`f_08`),
  ADD KEY `T_03_03_02_FK_04` (`f_10`);

--
-- Indexes for table `t_03_03_03`
--
ALTER TABLE `t_03_03_03`
  ADD PRIMARY KEY (`f_00`),
  ADD UNIQUE KEY `T_03_03_03_UK_01` (`f_01`,`f_12`,`f_13`),
  ADD KEY `T_03_03_03_IX_01` (`f_01`),
  ADD KEY `T_03_03_03_IX_02` (`f_01`,`f_13`),
  ADD KEY `T_03_03_03_FK_04` (`f_12`),
  ADD KEY `T_03_03_03_FK_05` (`f_13`),
  ADD KEY `T_03_03_03_FK_01` (`f_09`),
  ADD KEY `T_03_03_03_FK_02` (`f_10`),
  ADD KEY `T_03_03_03_FK_03` (`f_11`);

--
-- Indexes for table `t_03_03_04`
--
ALTER TABLE `t_03_03_04`
  ADD PRIMARY KEY (`f_00`),
  ADD KEY `T_03_03_04_IX_01` (`f_01`),
  ADD KEY `T_03_03_04_IX_02` (`f_06`),
  ADD KEY `T_03_03_04_IX_03` (`f_01`,`f_02`,`f_07`),
  ADD KEY `T_03_03_04_FK_06` (`f_09`),
  ADD KEY `T_03_03_04_FK_05` (`f_08`),
  ADD KEY `T_03_03_04_FK_04` (`f_07`),
  ADD KEY `T_03_03_04_FK_01` (`f_04`),
  ADD KEY `T_03_03_04_FK_07` (`f_12`);

--
-- Indexes for table `t_03_03_05`
--
ALTER TABLE `t_03_03_05`
  ADD PRIMARY KEY (`f_00`),
  ADD KEY `T_03_03_05_IX_01` (`f_01`),
  ADD KEY `T_03_03_05_IX_02` (`f_13`),
  ADD KEY `T_03_03_05_IX_03` (`f_11`,`f_13`),
  ADD KEY `T_03_03_05_FK_05` (`f_14`),
  ADD KEY `T_03_03_05_FK_02` (`f_12`),
  ADD KEY `T_03_03_05_FK_04` (`f_10`);

--
-- Indexes for table `t_03_03_06`
--
ALTER TABLE `t_03_03_06`
  ADD PRIMARY KEY (`f_00`),
  ADD UNIQUE KEY `T_03_03_06_UK_01` (`f_09`,`f_10`),
  ADD KEY `T_03_03_06_FK_01` (`f_11`);

--
-- AUTO_INCREMENT for dumped tables
--

--
-- AUTO_INCREMENT for table `t_00_00_01`
--
ALTER TABLE `t_00_00_01`
  MODIFY `f_00` bigint(20) NOT NULL AUTO_INCREMENT;

--
-- AUTO_INCREMENT for table `t_00_01_01`
--
ALTER TABLE `t_00_01_01`
  MODIFY `f_00` bigint(20) NOT NULL AUTO_INCREMENT, AUTO_INCREMENT=5;

--
-- AUTO_INCREMENT for table `t_00_02_01`
--
ALTER TABLE `t_00_02_01`
  MODIFY `f_00` bigint(20) NOT NULL AUTO_INCREMENT, AUTO_INCREMENT=9;

--
-- AUTO_INCREMENT for table `t_00_02_02`
--
ALTER TABLE `t_00_02_02`
  MODIFY `f_00` bigint(20) NOT NULL AUTO_INCREMENT, AUTO_INCREMENT=17;

--
-- AUTO_INCREMENT for table `t_00_02_03`
--
ALTER TABLE `t_00_02_03`
  MODIFY `f_00` bigint(20) NOT NULL AUTO_INCREMENT, AUTO_INCREMENT=12;

--
-- AUTO_INCREMENT for table `t_00_02_04`
--
ALTER TABLE `t_00_02_04`
  MODIFY `f_00` bigint(20) NOT NULL AUTO_INCREMENT, AUTO_INCREMENT=760;

--
-- AUTO_INCREMENT for table `t_00_02_05`
--
ALTER TABLE `t_00_02_05`
  MODIFY `f_00` bigint(20) NOT NULL AUTO_INCREMENT, AUTO_INCREMENT=20;

--
-- AUTO_INCREMENT for table `t_00_03_01`
--
ALTER TABLE `t_00_03_01`
  MODIFY `f_00` bigint(20) NOT NULL AUTO_INCREMENT;

--
-- AUTO_INCREMENT for table `t_00_04_01`
--
ALTER TABLE `t_00_04_01`
  MODIFY `f_00` bigint(20) NOT NULL AUTO_INCREMENT, AUTO_INCREMENT=26;

--
-- AUTO_INCREMENT for table `t_00_05_01`
--
ALTER TABLE `t_00_05_01`
  MODIFY `f_00` bigint(20) NOT NULL AUTO_INCREMENT;

--
-- AUTO_INCREMENT for table `t_00_05_02`
--
ALTER TABLE `t_00_05_02`
  MODIFY `f_00` bigint(20) NOT NULL AUTO_INCREMENT, AUTO_INCREMENT=7;

--
-- AUTO_INCREMENT for table `t_01_01_01`
--
ALTER TABLE `t_01_01_01`
  MODIFY `f_00` bigint(20) NOT NULL AUTO_INCREMENT, AUTO_INCREMENT=14;

--
-- AUTO_INCREMENT for table `t_01_02_01`
--
ALTER TABLE `t_01_02_01`
  MODIFY `f_00` bigint(20) NOT NULL AUTO_INCREMENT, AUTO_INCREMENT=3;

--
-- AUTO_INCREMENT for table `t_01_02_02`
--
ALTER TABLE `t_01_02_02`
  MODIFY `f_00` bigint(20) NOT NULL AUTO_INCREMENT, AUTO_INCREMENT=250;

--
-- AUTO_INCREMENT for table `t_01_02_03`
--
ALTER TABLE `t_01_02_03`
  MODIFY `f_00` bigint(20) NOT NULL AUTO_INCREMENT, AUTO_INCREMENT=59;

--
-- AUTO_INCREMENT for table `t_01_02_04`
--
ALTER TABLE `t_01_02_04`
  MODIFY `f_00` bigint(20) NOT NULL AUTO_INCREMENT, AUTO_INCREMENT=548;

--
-- AUTO_INCREMENT for table `t_01_02_05`
--
ALTER TABLE `t_01_02_05`
  MODIFY `f_00` bigint(20) NOT NULL AUTO_INCREMENT, AUTO_INCREMENT=1542;

--
-- AUTO_INCREMENT for table `t_01_02_06`
--
ALTER TABLE `t_01_02_06`
  MODIFY `f_00` bigint(20) NOT NULL AUTO_INCREMENT, AUTO_INCREMENT=86;

--
-- AUTO_INCREMENT for table `t_01_02_07`
--
ALTER TABLE `t_01_02_07`
  MODIFY `f_00` bigint(20) NOT NULL AUTO_INCREMENT;

--
-- AUTO_INCREMENT for table `t_01_03_01`
--
ALTER TABLE `t_01_03_01`
  MODIFY `f_00` bigint(20) NOT NULL AUTO_INCREMENT, AUTO_INCREMENT=21;

--
-- AUTO_INCREMENT for table `t_01_03_02`
--
ALTER TABLE `t_01_03_02`
  MODIFY `f_00` bigint(20) NOT NULL AUTO_INCREMENT, AUTO_INCREMENT=4;

--
-- AUTO_INCREMENT for table `t_01_03_03`
--
ALTER TABLE `t_01_03_03`
  MODIFY `f_00` bigint(20) NOT NULL AUTO_INCREMENT, AUTO_INCREMENT=2;

--
-- AUTO_INCREMENT for table `t_02_01_01`
--
ALTER TABLE `t_02_01_01`
  MODIFY `f_00` bigint(20) NOT NULL AUTO_INCREMENT, AUTO_INCREMENT=23;

--
-- AUTO_INCREMENT for table `t_02_01_04`
--
ALTER TABLE `t_02_01_04`
  MODIFY `f_00` bigint(20) NOT NULL AUTO_INCREMENT, AUTO_INCREMENT=37;

--
-- AUTO_INCREMENT for table `t_02_01_09`
--
ALTER TABLE `t_02_01_09`
  MODIFY `f_00` bigint(20) NOT NULL AUTO_INCREMENT;

--
-- AUTO_INCREMENT for table `t_02_02_01`
--
ALTER TABLE `t_02_02_01`
  MODIFY `f_00` bigint(20) NOT NULL AUTO_INCREMENT, AUTO_INCREMENT=5;

--
-- AUTO_INCREMENT for table `t_02_02_02`
--
ALTER TABLE `t_02_02_02`
  MODIFY `f_00` bigint(20) NOT NULL AUTO_INCREMENT, AUTO_INCREMENT=9;

--
-- AUTO_INCREMENT for table `t_02_02_03`
--
ALTER TABLE `t_02_02_03`
  MODIFY `f_00` bigint(20) NOT NULL AUTO_INCREMENT, AUTO_INCREMENT=24;

--
-- AUTO_INCREMENT for table `t_02_02_04`
--
ALTER TABLE `t_02_02_04`
  MODIFY `f_00` bigint(20) NOT NULL AUTO_INCREMENT, AUTO_INCREMENT=30;

--
-- AUTO_INCREMENT for table `t_02_02_05`
--
ALTER TABLE `t_02_02_05`
  MODIFY `f_00` bigint(20) NOT NULL AUTO_INCREMENT, AUTO_INCREMENT=40;

--
-- AUTO_INCREMENT for table `t_02_03_01`
--
ALTER TABLE `t_02_03_01`
  MODIFY `f_00` bigint(20) NOT NULL AUTO_INCREMENT, AUTO_INCREMENT=212;

--
-- AUTO_INCREMENT for table `t_02_03_07`
--
ALTER TABLE `t_02_03_07`
  MODIFY `f_00` bigint(20) NOT NULL AUTO_INCREMENT, AUTO_INCREMENT=23;

--
-- AUTO_INCREMENT for table `t_02_03_10`
--
ALTER TABLE `t_02_03_10`
  MODIFY `f_00` bigint(20) NOT NULL AUTO_INCREMENT;

--
-- AUTO_INCREMENT for table `t_03_01_01`
--
ALTER TABLE `t_03_01_01`
  MODIFY `f_00` bigint(20) NOT NULL AUTO_INCREMENT, AUTO_INCREMENT=11;

--
-- AUTO_INCREMENT for table `t_03_01_02`
--
ALTER TABLE `t_03_01_02`
  MODIFY `f_00` bigint(20) NOT NULL AUTO_INCREMENT, AUTO_INCREMENT=11;

--
-- AUTO_INCREMENT for table `t_03_02_01`
--
ALTER TABLE `t_03_02_01`
  MODIFY `f_00` bigint(20) NOT NULL AUTO_INCREMENT, AUTO_INCREMENT=7;

--
-- AUTO_INCREMENT for table `t_03_02_02`
--
ALTER TABLE `t_03_02_02`
  MODIFY `f_00` bigint(20) NOT NULL AUTO_INCREMENT, AUTO_INCREMENT=8;

--
-- AUTO_INCREMENT for table `t_03_02_03`
--
ALTER TABLE `t_03_02_03`
  MODIFY `f_00` bigint(20) NOT NULL AUTO_INCREMENT, AUTO_INCREMENT=7;

--
-- AUTO_INCREMENT for table `t_03_02_04`
--
ALTER TABLE `t_03_02_04`
  MODIFY `f_00` bigint(20) NOT NULL AUTO_INCREMENT, AUTO_INCREMENT=7;

--
-- AUTO_INCREMENT for table `t_03_02_05`
--
ALTER TABLE `t_03_02_05`
  MODIFY `f_00` bigint(20) NOT NULL AUTO_INCREMENT, AUTO_INCREMENT=8;

--
-- AUTO_INCREMENT for table `t_03_02_06`
--
ALTER TABLE `t_03_02_06`
  MODIFY `f_00` bigint(20) NOT NULL AUTO_INCREMENT, AUTO_INCREMENT=6;

--
-- AUTO_INCREMENT for table `t_03_02_07`
--
ALTER TABLE `t_03_02_07`
  MODIFY `f_00` bigint(20) NOT NULL AUTO_INCREMENT, AUTO_INCREMENT=13;

--
-- AUTO_INCREMENT for table `t_03_03_01`
--
ALTER TABLE `t_03_03_01`
  MODIFY `f_00` bigint(20) NOT NULL AUTO_INCREMENT;

--
-- AUTO_INCREMENT for table `t_03_03_02`
--
ALTER TABLE `t_03_03_02`
  MODIFY `f_00` bigint(20) NOT NULL AUTO_INCREMENT;

--
-- AUTO_INCREMENT for table `t_03_03_03`
--
ALTER TABLE `t_03_03_03`
  MODIFY `f_00` bigint(20) NOT NULL AUTO_INCREMENT;

--
-- AUTO_INCREMENT for table `t_03_03_04`
--
ALTER TABLE `t_03_03_04`
  MODIFY `f_00` bigint(20) NOT NULL AUTO_INCREMENT;

--
-- AUTO_INCREMENT for table `t_03_03_05`
--
ALTER TABLE `t_03_03_05`
  MODIFY `f_00` bigint(20) NOT NULL AUTO_INCREMENT;

--
-- AUTO_INCREMENT for table `t_03_03_06`
--
ALTER TABLE `t_03_03_06`
  MODIFY `f_00` bigint(20) NOT NULL AUTO_INCREMENT, AUTO_INCREMENT=2;

--
-- Constraints for dumped tables
--

--
-- Constraints for table `r_t000201_t000203`
--
ALTER TABLE `r_t000201_t000203`
  ADD CONSTRAINT `R_T000201_T000203_FK_01` FOREIGN KEY (`f_01`) REFERENCES `t_00_02_01` (`f_00`),
  ADD CONSTRAINT `R_T000201_T000203_FK_02` FOREIGN KEY (`f_02`) REFERENCES `t_00_02_03` (`f_00`);

--
-- Constraints for table `r_t000202_t000201`
--
ALTER TABLE `r_t000202_t000201`
  ADD CONSTRAINT `R_T000202_T000201_FK_01` FOREIGN KEY (`f_01`) REFERENCES `t_00_02_02` (`f_00`),
  ADD CONSTRAINT `R_T000202_T000201_FK_02` FOREIGN KEY (`f_02`) REFERENCES `t_00_02_01` (`f_00`);

--
-- Constraints for table `r_t000202_t000203`
--
ALTER TABLE `r_t000202_t000203`
  ADD CONSTRAINT `R_T000202_T000203_FK_01` FOREIGN KEY (`f_01`) REFERENCES `t_00_02_02` (`f_00`),
  ADD CONSTRAINT `R_T000202_T000203_FK_02` FOREIGN KEY (`f_02`) REFERENCES `t_00_02_03` (`f_00`);

--
-- Constraints for table `r_t000203_t000204`
--
ALTER TABLE `r_t000203_t000204`
  ADD CONSTRAINT `R_T000203_T000204_FK_01` FOREIGN KEY (`f_01`) REFERENCES `t_00_02_03` (`f_00`),
  ADD CONSTRAINT `R_T000203_T000204_FK_02` FOREIGN KEY (`f_02`) REFERENCES `t_00_02_04` (`f_00`);

--
-- Constraints for table `r_t020303_t020308`
--
ALTER TABLE `r_t020303_t020308`
  ADD CONSTRAINT `R_T020303_T020308_FK_01` FOREIGN KEY (`f_01`) REFERENCES `t_02_03_03` (`f_00`),
  ADD CONSTRAINT `R_T020303_T020308_FK_02` FOREIGN KEY (`f_02`) REFERENCES `t_02_03_08` (`f_00`);

--
-- Constraints for table `r_t020304_t020302`
--
ALTER TABLE `r_t020304_t020302`
  ADD CONSTRAINT `R_T020304_T020302_FK_01` FOREIGN KEY (`f_01`) REFERENCES `t_02_03_04` (`f_00`),
  ADD CONSTRAINT `R_T020304_T020302_FK_02` FOREIGN KEY (`f_02`) REFERENCES `t_02_03_02` (`f_00`);

--
-- Constraints for table `r_t020304_t020308`
--
ALTER TABLE `r_t020304_t020308`
  ADD CONSTRAINT `R_T020304_T020308_FK_01` FOREIGN KEY (`f_01`) REFERENCES `t_02_03_04` (`f_00`),
  ADD CONSTRAINT `R_T020304_T020308_FK_02` FOREIGN KEY (`f_02`) REFERENCES `t_02_03_08` (`f_00`);

--
-- Constraints for table `r_t020305_t020201`
--
ALTER TABLE `r_t020305_t020201`
  ADD CONSTRAINT `R_T020305_T020201_FK_01` FOREIGN KEY (`f_01`) REFERENCES `t_02_03_05` (`f_00`),
  ADD CONSTRAINT `R_T020305_T020201_FK_02` FOREIGN KEY (`f_02`) REFERENCES `t_02_02_01` (`f_00`);

--
-- Constraints for table `r_t020305_t020204`
--
ALTER TABLE `r_t020305_t020204`
  ADD CONSTRAINT `R_T020305_T020204_FK_01` FOREIGN KEY (`f_01`) REFERENCES `t_02_03_05` (`f_00`),
  ADD CONSTRAINT `R_T020305_T020204_FK_02` FOREIGN KEY (`f_02`) REFERENCES `t_02_02_04` (`f_00`);

--
-- Constraints for table `r_t020305_t020308`
--
ALTER TABLE `r_t020305_t020308`
  ADD CONSTRAINT `R_T020305_T020308_FK_01` FOREIGN KEY (`f_01`) REFERENCES `t_02_03_05` (`f_00`),
  ADD CONSTRAINT `R_T020305_T020308_FK_02` FOREIGN KEY (`f_02`) REFERENCES `t_02_03_08` (`f_00`);

--
-- Constraints for table `r_t020306_t020201`
--
ALTER TABLE `r_t020306_t020201`
  ADD CONSTRAINT `R_T020306_T020201_FK_01` FOREIGN KEY (`f_01`) REFERENCES `t_02_03_06` (`f_00`),
  ADD CONSTRAINT `R_T020306_T020201_FK_02` FOREIGN KEY (`f_02`) REFERENCES `t_02_02_01` (`f_00`);

--
-- Constraints for table `r_t020306_t020204`
--
ALTER TABLE `r_t020306_t020204`
  ADD CONSTRAINT `R_T020306_T020204_FK_01` FOREIGN KEY (`f_01`) REFERENCES `t_02_03_06` (`f_00`),
  ADD CONSTRAINT `R_T020306_T020204_FK_02` FOREIGN KEY (`f_02`) REFERENCES `t_02_02_04` (`f_00`);

--
-- Constraints for table `r_t020308_t010206`
--
ALTER TABLE `r_t020308_t010206`
  ADD CONSTRAINT `R_T020308_T010206_FK_01` FOREIGN KEY (`f_01`) REFERENCES `t_02_03_08` (`f_00`),
  ADD CONSTRAINT `R_T020308_T010206_FK_02` FOREIGN KEY (`f_02`) REFERENCES `t_01_02_06` (`f_00`);

--
-- Constraints for table `r_t020308_t020205`
--
ALTER TABLE `r_t020308_t020205`
  ADD CONSTRAINT `R_T020308_T020205_FK_01` FOREIGN KEY (`f_01`) REFERENCES `t_02_03_08` (`f_00`),
  ADD CONSTRAINT `R_T020308_T020205_FK_02` FOREIGN KEY (`f_02`) REFERENCES `t_02_02_05` (`f_00`);

--
-- Constraints for table `t_00_02_02`
--
ALTER TABLE `t_00_02_02`
  ADD CONSTRAINT `T_00_02_02_FK_01` FOREIGN KEY (`f_08`) REFERENCES `t_01_03_04` (`f_00`);

--
-- Constraints for table `t_00_04_01`
--
ALTER TABLE `t_00_04_01`
  ADD CONSTRAINT `T_00_04_01_FK_01` FOREIGN KEY (`f_03`) REFERENCES `t_00_02_02` (`f_00`);

--
-- Constraints for table `t_00_05_01`
--
ALTER TABLE `t_00_05_01`
  ADD CONSTRAINT `T_00_05_01_FK_01` FOREIGN KEY (`f_08`) REFERENCES `t_00_05_02` (`f_00`),
  ADD CONSTRAINT `T_00_05_01_FK_02` FOREIGN KEY (`f_09`) REFERENCES `t_00_02_02` (`f_00`);

--
-- Constraints for table `t_01_02_04`
--
ALTER TABLE `t_01_02_04`
  ADD CONSTRAINT `T_01_02_04_FK_01` FOREIGN KEY (`f_05`) REFERENCES `t_01_02_03` (`f_00`);

--
-- Constraints for table `t_01_02_05`
--
ALTER TABLE `t_01_02_05`
  ADD CONSTRAINT `T_01_02_05_FK_01` FOREIGN KEY (`f_05`) REFERENCES `t_01_02_04` (`f_00`);

--
-- Constraints for table `t_01_02_06`
--
ALTER TABLE `t_01_02_06`
  ADD CONSTRAINT `T_01_02_06_FK_01` FOREIGN KEY (`f_07`) REFERENCES `t_01_02_05` (`f_00`);

--
-- Constraints for table `t_01_02_07`
--
ALTER TABLE `t_01_02_07`
  ADD CONSTRAINT `T_01_02_07_FK_01` FOREIGN KEY (`f_05`) REFERENCES `t_02_03_01` (`f_00`);

--
-- Constraints for table `t_01_03_01`
--
ALTER TABLE `t_01_03_01`
  ADD CONSTRAINT `T_01_03_01_FK_01` FOREIGN KEY (`f_05`) REFERENCES `t_01_01_01` (`f_00`),
  ADD CONSTRAINT `T_01_03_01_FK_02` FOREIGN KEY (`f_06`) REFERENCES `t_01_03_01` (`f_00`);

--
-- Constraints for table `t_01_03_02`
--
ALTER TABLE `t_01_03_02`
  ADD CONSTRAINT `T_01_03_02_FK_01` FOREIGN KEY (`f_05`) REFERENCES `t_01_03_01` (`f_00`);

--
-- Constraints for table `t_01_03_03`
--
ALTER TABLE `t_01_03_03`
  ADD CONSTRAINT `T_01_03_03_FK_01` FOREIGN KEY (`f_10`) REFERENCES `t_01_02_05` (`f_00`),
  ADD CONSTRAINT `T_01_03_03_FK_02` FOREIGN KEY (`f_11`) REFERENCES `t_01_02_05` (`f_00`),
  ADD CONSTRAINT `T_01_03_03_FK_03` FOREIGN KEY (`f_12`) REFERENCES `t_01_02_02` (`f_00`),
  ADD CONSTRAINT `T_01_03_03_FK_04` FOREIGN KEY (`f_13`) REFERENCES `t_00_01_01` (`f_00`);

--
-- Constraints for table `t_01_03_04`
--
ALTER TABLE `t_01_03_04`
  ADD CONSTRAINT `T_01_03_04_FK_00` FOREIGN KEY (`f_00`) REFERENCES `t_01_03_03` (`f_00`),
  ADD CONSTRAINT `T_01_03_04_FK_01` FOREIGN KEY (`f_15`) REFERENCES `t_01_03_02` (`f_00`);

--
-- Constraints for table `t_02_01_02`
--
ALTER TABLE `t_02_01_02`
  ADD CONSTRAINT `T_02_01_02_FK_00` FOREIGN KEY (`f_00`) REFERENCES `t_02_01_01` (`f_00`);

--
-- Constraints for table `t_02_01_03`
--
ALTER TABLE `t_02_01_03`
  ADD CONSTRAINT `T_02_01_03_FK_00` FOREIGN KEY (`f_00`) REFERENCES `t_02_01_01` (`f_00`);

--
-- Constraints for table `t_02_01_05`
--
ALTER TABLE `t_02_01_05`
  ADD CONSTRAINT `T_02_01_05_FK_00` FOREIGN KEY (`f_00`) REFERENCES `t_02_01_04` (`f_00`);

--
-- Constraints for table `t_02_01_06`
--
ALTER TABLE `t_02_01_06`
  ADD CONSTRAINT `T_02_01_06_FK_00` FOREIGN KEY (`f_00`) REFERENCES `t_02_01_04` (`f_00`);

--
-- Constraints for table `t_02_01_07`
--
ALTER TABLE `t_02_01_07`
  ADD CONSTRAINT `T_02_01_07_FK_00` FOREIGN KEY (`f_00`) REFERENCES `t_02_01_04` (`f_00`);

--
-- Constraints for table `t_02_01_08`
--
ALTER TABLE `t_02_01_08`
  ADD CONSTRAINT `T_02_01_08_FK_00` FOREIGN KEY (`f_00`) REFERENCES `t_02_01_04` (`f_00`);

--
-- Constraints for table `t_02_02_04`
--
ALTER TABLE `t_02_02_04`
  ADD CONSTRAINT `T_02_02_04_FK_01` FOREIGN KEY (`f_03`) REFERENCES `t_02_01_02` (`f_00`),
  ADD CONSTRAINT `T_02_02_04_FK_02` FOREIGN KEY (`f_04`) REFERENCES `t_01_02_02` (`f_00`);

--
-- Constraints for table `t_02_02_05`
--
ALTER TABLE `t_02_02_05`
  ADD CONSTRAINT `T_02_02_05_FK_01` FOREIGN KEY (`f_03`) REFERENCES `t_02_01_03` (`f_00`),
  ADD CONSTRAINT `T_02_02_05_FK_02` FOREIGN KEY (`f_04`) REFERENCES `t_01_02_02` (`f_00`);

--
-- Constraints for table `t_02_03_01`
--
ALTER TABLE `t_02_03_01`
  ADD CONSTRAINT `T_02_03_01_FK_01` FOREIGN KEY (`f_06`) REFERENCES `t_02_02_02` (`f_00`),
  ADD CONSTRAINT `T_02_03_01_FK_02` FOREIGN KEY (`f_07`) REFERENCES `t_01_03_01` (`f_00`);

--
-- Constraints for table `t_02_03_02`
--
ALTER TABLE `t_02_03_02`
  ADD CONSTRAINT `T_02_03_02_FK_00` FOREIGN KEY (`f_00`) REFERENCES `t_02_03_01` (`f_00`),
  ADD CONSTRAINT `T_02_03_02_FK_01` FOREIGN KEY (`f_08`) REFERENCES `t_02_02_05` (`f_00`),
  ADD CONSTRAINT `T_02_03_02_FK_02` FOREIGN KEY (`f_09`) REFERENCES `t_01_02_06` (`f_00`);

--
-- Constraints for table `t_02_03_03`
--
ALTER TABLE `t_02_03_03`
  ADD CONSTRAINT `T_02_03_03_FK_00` FOREIGN KEY (`f_00`) REFERENCES `t_02_03_02` (`f_00`),
  ADD CONSTRAINT `T_02_03_03_FK_01` FOREIGN KEY (`f_10`) REFERENCES `t_02_01_05` (`f_00`),
  ADD CONSTRAINT `T_02_03_03_FK_02` FOREIGN KEY (`f_11`) REFERENCES `t_02_03_07` (`f_00`);

--
-- Constraints for table `t_02_03_04`
--
ALTER TABLE `t_02_03_04`
  ADD CONSTRAINT `T_02_03_04_FK_00` FOREIGN KEY (`f_00`) REFERENCES `t_02_03_02` (`f_00`),
  ADD CONSTRAINT `T_02_03_04_FK_01` FOREIGN KEY (`f_10`) REFERENCES `t_02_01_06` (`f_00`);

--
-- Constraints for table `t_02_03_05`
--
ALTER TABLE `t_02_03_05`
  ADD CONSTRAINT `T_02_03_05_FK_00` FOREIGN KEY (`f_00`) REFERENCES `t_02_03_02` (`f_00`),
  ADD CONSTRAINT `T_02_03_05_FK_01` FOREIGN KEY (`f_11`) REFERENCES `t_02_01_08` (`f_00`);

--
-- Constraints for table `t_02_03_06`
--
ALTER TABLE `t_02_03_06`
  ADD CONSTRAINT `T_02_03_06_FK_00` FOREIGN KEY (`f_00`) REFERENCES `t_02_03_02` (`f_00`),
  ADD CONSTRAINT `T_02_03_06_FK_01` FOREIGN KEY (`f_11`) REFERENCES `t_02_01_07` (`f_00`),
  ADD CONSTRAINT `T_02_03_06_FK_02` FOREIGN KEY (`f_12`) REFERENCES `t_02_03_05` (`f_00`);

--
-- Constraints for table `t_02_03_07`
--
ALTER TABLE `t_02_03_07`
  ADD CONSTRAINT `T_02_03_07_FK_01` FOREIGN KEY (`f_03`) REFERENCES `t_02_02_01` (`f_00`),
  ADD CONSTRAINT `T_02_03_07_FK_02` FOREIGN KEY (`f_04`) REFERENCES `t_02_02_02` (`f_00`),
  ADD CONSTRAINT `T_02_03_07_FK_03` FOREIGN KEY (`f_05`) REFERENCES `t_01_03_01` (`f_00`);

--
-- Constraints for table `t_02_03_08`
--
ALTER TABLE `t_02_03_08`
  ADD CONSTRAINT `T_02_03_01_FK_07` FOREIGN KEY (`f_24`) REFERENCES `t_01_03_01` (`f_00`),
  ADD CONSTRAINT `T_02_03_08_FK_00` FOREIGN KEY (`f_00`) REFERENCES `t_02_03_01` (`f_00`),
  ADD CONSTRAINT `T_02_03_08_FK_01` FOREIGN KEY (`f_18`) REFERENCES `t_02_02_03` (`f_00`),
  ADD CONSTRAINT `T_02_03_08_FK_02` FOREIGN KEY (`f_19`) REFERENCES `t_02_02_03` (`f_00`),
  ADD CONSTRAINT `T_02_03_08_FK_03` FOREIGN KEY (`f_20`) REFERENCES `t_02_02_03` (`f_00`),
  ADD CONSTRAINT `T_02_03_08_FK_04` FOREIGN KEY (`f_21`) REFERENCES `t_02_03_07` (`f_00`),
  ADD CONSTRAINT `T_02_03_08_FK_05` FOREIGN KEY (`f_22`) REFERENCES `t_02_03_04` (`f_00`),
  ADD CONSTRAINT `T_02_03_08_FK_06` FOREIGN KEY (`f_23`) REFERENCES `t_02_03_04` (`f_00`);

--
-- Constraints for table `t_02_03_09`
--
ALTER TABLE `t_02_03_09`
  ADD CONSTRAINT `T_02_03_09_FK_00` FOREIGN KEY (`f_00`) REFERENCES `t_02_03_01` (`f_00`),
  ADD CONSTRAINT `T_02_03_09_FK_01` FOREIGN KEY (`f_14`) REFERENCES `t_02_02_03` (`f_00`),
  ADD CONSTRAINT `T_02_03_09_FK_02` FOREIGN KEY (`f_15`) REFERENCES `t_02_02_03` (`f_00`),
  ADD CONSTRAINT `T_02_03_09_FK_03` FOREIGN KEY (`f_16`) REFERENCES `t_02_02_03` (`f_00`),
  ADD CONSTRAINT `T_02_03_09_FK_04` FOREIGN KEY (`f_17`) REFERENCES `t_02_03_08` (`f_00`);

--
-- Constraints for table `t_02_03_10`
--
ALTER TABLE `t_02_03_10`
  ADD CONSTRAINT `T_02_03_10_FK_01` FOREIGN KEY (`f_10`) REFERENCES `t_02_02_02` (`f_00`),
  ADD CONSTRAINT `T_02_03_10_FK_02` FOREIGN KEY (`f_11`) REFERENCES `t_02_01_09` (`f_00`),
  ADD CONSTRAINT `T_02_03_10_FK_03` FOREIGN KEY (`f_12`) REFERENCES `t_02_03_02` (`f_00`),
  ADD CONSTRAINT `T_02_03_10_FK_04` FOREIGN KEY (`f_13`) REFERENCES `t_02_02_05` (`f_00`);

--
-- Constraints for table `t_03_03_01`
--
ALTER TABLE `t_03_03_01`
  ADD CONSTRAINT `T_03_03_01_FK_01` FOREIGN KEY (`f_06`) REFERENCES `t_02_03_01` (`f_00`),
  ADD CONSTRAINT `T_03_03_01_FK_02` FOREIGN KEY (`f_07`) REFERENCES `t_02_02_01` (`f_00`),
  ADD CONSTRAINT `T_03_03_01_FK_03` FOREIGN KEY (`f_08`) REFERENCES `t_03_01_01` (`f_00`),
  ADD CONSTRAINT `T_03_03_01_FK_04` FOREIGN KEY (`f_09`) REFERENCES `t_01_03_04` (`f_00`),
  ADD CONSTRAINT `T_03_03_01_FK_05` FOREIGN KEY (`f_10`) REFERENCES `t_01_03_04` (`f_00`),
  ADD CONSTRAINT `T_03_03_01_FK_06` FOREIGN KEY (`f_11`) REFERENCES `t_03_02_06` (`f_00`);

--
-- Constraints for table `t_03_03_02`
--
ALTER TABLE `t_03_03_02`
  ADD CONSTRAINT `T_03_03_02_FK_01` FOREIGN KEY (`f_07`) REFERENCES `t_02_03_01` (`f_00`),
  ADD CONSTRAINT `T_03_03_02_FK_02` FOREIGN KEY (`f_08`) REFERENCES `t_02_02_01` (`f_00`),
  ADD CONSTRAINT `T_03_03_02_FK_03` FOREIGN KEY (`f_09`) REFERENCES `t_03_01_01` (`f_00`),
  ADD CONSTRAINT `T_03_03_02_FK_04` FOREIGN KEY (`f_10`) REFERENCES `t_01_03_04` (`f_00`);

--
-- Constraints for table `t_03_03_03`
--
ALTER TABLE `t_03_03_03`
  ADD CONSTRAINT `T_03_03_03_FK_01` FOREIGN KEY (`f_09`) REFERENCES `t_01_03_04` (`f_00`),
  ADD CONSTRAINT `T_03_03_03_FK_02` FOREIGN KEY (`f_10`) REFERENCES `t_01_03_04` (`f_00`),
  ADD CONSTRAINT `T_03_03_03_FK_03` FOREIGN KEY (`f_11`) REFERENCES `t_03_02_06` (`f_00`),
  ADD CONSTRAINT `T_03_03_03_FK_04` FOREIGN KEY (`f_12`) REFERENCES `t_02_03_08` (`f_00`),
  ADD CONSTRAINT `T_03_03_03_FK_05` FOREIGN KEY (`f_13`) REFERENCES `t_03_02_07` (`f_00`);

--
-- Constraints for table `t_03_03_04`
--
ALTER TABLE `t_03_03_04`
  ADD CONSTRAINT `T_03_03_04_FK_01` FOREIGN KEY (`f_04`) REFERENCES `t_03_02_03` (`f_00`),
  ADD CONSTRAINT `T_03_03_04_FK_03` FOREIGN KEY (`f_06`) REFERENCES `t_02_03_01` (`f_00`),
  ADD CONSTRAINT `T_03_03_04_FK_04` FOREIGN KEY (`f_07`) REFERENCES `t_01_03_04` (`f_00`),
  ADD CONSTRAINT `T_03_03_04_FK_05` FOREIGN KEY (`f_08`) REFERENCES `t_03_03_03` (`f_00`),
  ADD CONSTRAINT `T_03_03_04_FK_06` FOREIGN KEY (`f_09`) REFERENCES `t_03_03_05` (`f_00`),
  ADD CONSTRAINT `T_03_03_04_FK_07` FOREIGN KEY (`f_12`) REFERENCES `t_03_02_01` (`f_00`);

--
-- Constraints for table `t_03_03_05`
--
ALTER TABLE `t_03_03_05`
  ADD CONSTRAINT `T_03_03_05_FK_01` FOREIGN KEY (`f_11`) REFERENCES `t_03_03_06` (`f_00`),
  ADD CONSTRAINT `T_03_03_05_FK_02` FOREIGN KEY (`f_12`) REFERENCES `t_03_03_03` (`f_00`),
  ADD CONSTRAINT `T_03_03_05_FK_03` FOREIGN KEY (`f_13`) REFERENCES `t_03_02_02` (`f_00`),
  ADD CONSTRAINT `T_03_03_05_FK_04` FOREIGN KEY (`f_10`) REFERENCES `t_01_03_04` (`f_00`),
  ADD CONSTRAINT `T_03_03_05_FK_05` FOREIGN KEY (`f_14`) REFERENCES `t_01_03_04` (`f_00`);

--
-- Constraints for table `t_03_03_06`
--
ALTER TABLE `t_03_03_06`
  ADD CONSTRAINT `T_03_03_06_FK_01` FOREIGN KEY (`f_11`) REFERENCES `t_02_03_08` (`f_00`);
COMMIT;

/*!40101 SET CHARACTER_SET_CLIENT=@OLD_CHARACTER_SET_CLIENT */;
/*!40101 SET CHARACTER_SET_RESULTS=@OLD_CHARACTER_SET_RESULTS */;
/*!40101 SET COLLATION_CONNECTION=@OLD_COLLATION_CONNECTION */;
